2025-06-17 22:25:31,718 [INFO] Activator:176 - 


2025-06-17 22:25:31,720 [INFO] Activator:177 - !SESSION log4j initialized
2025-06-17 22:25:32,551 [ERROR] LogOutputStream:75 - [STDERR_REDIRECT] 
2025-06-17 22:25:34,160 [INFO] LogOutputStream:77 - [STDOUT_REDIRECT] 
2025-06-17 22:25:36,088 [INFO] ApplicationProperties:184 - Using Application install path: /Applications/STM32CubeIDE.app/Contents/Eclipse/plugins/com.st.stm32cube.common.mx_6.14.1.202504091515
2025-06-17 22:25:36,101 [INFO] DbMcusXml:78 - Set database path to: /Applications/STM32CubeIDE.app/Contents/Eclipse/plugins/com.st.stm32cube.common.mx_6.14.1.202504091515//db//mcu/
2025-06-17 22:25:36,101 [INFO] ApiDb:274 - Set plugin database path to: /Applications/STM32CubeIDE.app/Contents/Eclipse/plugins/com.st.stm32cube.common.mx_6.14.1.202504091515//db//plugins/boardmanager/
2025-06-17 22:25:36,101 [WARN] ApiDb:259 - Overriding images path with different value:  => /Applications/STM32CubeIDE.app/Contents/Eclipse/plugins/com.st.stm32cube.common.mx_6.14.1.202504091515//db//plugins/mcufinder/images/
2025-06-17 22:25:36,104 [INFO] ApiDb:250 - Set database path to: /Users/garagebox/.stmcufinder/plugins/mcufinder//mcu/
2025-06-17 22:25:36,105 [INFO] DbMcusAds:125 - Set database path to: /Users/garagebox/.stmcufinder/plugins/mcufinder//mcu/
2025-06-17 22:25:36,107 [INFO] CrossReferenceDbSqlite:203 - Set database path to: /Users/garagebox/.stmcufinder/plugins/mcufinder//mcu/cs/
2025-06-17 22:25:36,204 [INFO] RulesReader:64 - Compatibility file has been processed (302 Rules)
2025-06-17 22:25:36,276 [INFO] DbMcusXml:78 - Set database path to: /Applications/STM32CubeIDE.app/Contents/Eclipse/plugins/com.st.stm32cube.common.mx_6.14.1.202504091515//db//mcu/
2025-06-17 22:25:36,276 [INFO] ApiDb:274 - Set plugin database path to: /Applications/STM32CubeIDE.app/Contents/Eclipse/plugins/com.st.stm32cube.common.mx_6.14.1.202504091515//db//plugins/boardmanager/
2025-06-17 22:25:36,276 [INFO] ApiDb:261 - Set plugin images path to: /Applications/STM32CubeIDE.app/Contents/Eclipse/plugins/com.st.stm32cube.common.mx_6.14.1.202504091515//db//plugins/mcufinder/images/
2025-06-17 22:25:36,277 [WARN] DbFile:41 - Overriding database path with different value: /Users/garagebox/.stmcufinder/plugins/mcufinder/ => /Users/garagebox/.stmcufinder/plugins/mcufinder
2025-06-17 22:25:36,277 [INFO] ApiDb:250 - Set database path to: /Users/garagebox/.stmcufinder/plugins/mcufinder//mcu/
2025-06-17 22:25:36,277 [WARN] DbFile:41 - Overriding database path with different value: /Users/garagebox/.stmcufinder/plugins/mcufinder/ => /Users/garagebox/.stmcufinder/plugins/mcufinder
2025-06-17 22:25:36,277 [INFO] DbMcusAds:125 - Set database path to: /Users/garagebox/.stmcufinder/plugins/mcufinder//mcu/
2025-06-17 22:25:36,277 [WARN] DbFile:41 - Overriding database path with different value: /Users/garagebox/.stmcufinder/plugins/mcufinder/ => /Users/garagebox/.stmcufinder/plugins/mcufinder
2025-06-17 22:25:36,277 [WARN] DbFile:41 - Overriding database path with different value: /Users/garagebox/.stmcufinder/plugins/mcufinder/ => /Users/garagebox/.stmcufinder/plugins/mcufinder
2025-06-17 22:25:36,277 [INFO] CrossReferenceDbSqlite:203 - Set database path to: /Users/garagebox/.stmcufinder/plugins/mcufinder//mcu/cs/
2025-06-17 22:25:36,331 [INFO] MainPanel:272 - HeapMemory: 268435456
2025-06-17 22:25:36,559 [INFO] DbMcusXml:78 - Set database path to: /Applications/STM32CubeIDE.app/Contents/Eclipse/plugins/com.st.stm32cube.common.mx_6.14.1.202504091515//db//mcu/
2025-06-17 22:25:36,559 [INFO] ApiDb:274 - Set plugin database path to: /Applications/STM32CubeIDE.app/Contents/Eclipse/plugins/com.st.stm32cube.common.mx_6.14.1.202504091515//db//plugins/boardmanager/
2025-06-17 22:25:36,559 [INFO] ApiDb:261 - Set plugin images path to: /Applications/STM32CubeIDE.app/Contents/Eclipse/plugins/com.st.stm32cube.common.mx_6.14.1.202504091515//db//plugins/mcufinder/images/
2025-06-17 22:25:36,560 [WARN] DbFile:41 - Overriding database path with different value: /Users/garagebox/.stmcufinder/plugins/mcufinder/ => /Users/garagebox/.stmcufinder/plugins/mcufinder
2025-06-17 22:25:36,560 [INFO] ApiDb:250 - Set database path to: /Users/garagebox/.stmcufinder/plugins/mcufinder//mcu/
2025-06-17 22:25:36,560 [WARN] DbFile:41 - Overriding database path with different value: /Users/garagebox/.stmcufinder/plugins/mcufinder/ => /Users/garagebox/.stmcufinder/plugins/mcufinder
2025-06-17 22:25:36,560 [INFO] DbMcusAds:125 - Set database path to: /Users/garagebox/.stmcufinder/plugins/mcufinder//mcu/
2025-06-17 22:25:36,560 [WARN] DbFile:41 - Overriding database path with different value: /Users/garagebox/.stmcufinder/plugins/mcufinder/ => /Users/garagebox/.stmcufinder/plugins/mcufinder
2025-06-17 22:25:36,560 [WARN] DbFile:41 - Overriding database path with different value: /Users/garagebox/.stmcufinder/plugins/mcufinder/ => /Users/garagebox/.stmcufinder/plugins/mcufinder
2025-06-17 22:25:36,560 [INFO] CrossReferenceDbSqlite:203 - Set database path to: /Users/garagebox/.stmcufinder/plugins/mcufinder//mcu/cs/
2025-06-17 22:25:36,573 [INFO] ApplicationProperties:184 - Using Application install path: /Applications/STM32CubeIDE.app/Contents/Eclipse/plugins/com.st.stm32cube.common.mx_6.14.1.202504091515
2025-06-17 22:25:36,574 [INFO] PluginManage:196 - Search for loadable plugins [exclusion list=, ]
2025-06-17 22:25:36,575 [INFO] PluginManage:310 - Check plugin analytics
2025-06-17 22:25:36,710 [INFO] AnalyticsPlugin:253 - Accepted Software Licenses: 
2025-06-17 22:25:36,711 [INFO] AnalyticsPlugin:255 - Accepted CMSIS Pack Licenses: 
2025-06-17 22:25:36,711 [INFO] AnalyticsPlugin:257 - Accepted Firmware Licenses: FW.L4.1.18.0
2025-06-17 22:25:36,713 [INFO] PluginManage:359 - Loaded plugin analytics (category:tool,tabindex:-1)
2025-06-17 22:25:36,714 [INFO] PluginManage:310 - Check plugin cadmodel
2025-06-17 22:25:36,716 [INFO] CADModel:105 - Init CAD model plugin
2025-06-17 22:25:36,717 [INFO] PluginManage:359 - Loaded plugin cadmodel (category:power,tabindex:5)
2025-06-17 22:25:36,717 [INFO] PluginManage:310 - Check plugin clock
2025-06-17 22:25:36,724 [INFO] PluginManage:359 - Loaded plugin clock (category:base,tabindex:2)
2025-06-17 22:25:36,724 [INFO] PluginManage:310 - Check plugin ddr
2025-06-17 22:25:36,726 [INFO] PluginManage:359 - Loaded plugin ddr (category:tool,tabindex:6)
2025-06-17 22:25:36,726 [INFO] PluginManage:310 - Check plugin filemanager
2025-06-17 22:25:36,848 [INFO] PluginManage:359 - Loaded plugin filemanager (category:base,tabindex:10)
2025-06-17 22:25:36,848 [INFO] PluginManage:310 - Check plugin ipmanager
2025-06-17 22:25:36,854 [INFO] PluginManage:359 - Loaded plugin ipmanager (category:base,tabindex:5)
2025-06-17 22:25:36,854 [INFO] PluginManage:310 - Check plugin lpbam
2025-06-17 22:25:36,860 [INFO] PluginManage:359 - Loaded plugin lpbam (category:base,tabindex:0)
2025-06-17 22:25:36,860 [INFO] PluginManage:310 - Check plugin memorymap
2025-06-17 22:25:36,868 [INFO] PluginManage:359 - Loaded plugin memorymap (category:base,tabindex:4)
2025-06-17 22:25:36,868 [INFO] PluginManage:310 - Check plugin pinoutandconfiguration
2025-06-17 22:25:36,873 [INFO] PluginManage:359 - Loaded plugin pinoutandconfiguration (category:base,tabindex:1)
2025-06-17 22:25:36,873 [INFO] PluginManage:310 - Check plugin pinoutconfig
2025-06-17 22:25:36,980 [WARN] SupportedApi:132 - Cannot load RTOS API schema: s4s-elt-must-match.1: The content of 'definitions' must match (annotation?, (simpleType | complexType)?, (unique | key | keyref)*)). A problem was found starting at: attribute.
2025-06-17 22:25:37,080 [INFO] PluginManage:359 - Loaded plugin pinoutconfig (category:base,tabindex:0)
2025-06-17 22:25:37,081 [INFO] PluginManage:310 - Check plugin power
2025-06-17 22:25:37,086 [INFO] PluginManage:359 - Loaded plugin power (category:power,tabindex:4)
2025-06-17 22:25:37,086 [INFO] PluginManage:310 - Check plugin projectmanager
2025-06-17 22:25:37,096 [INFO] PluginManage:359 - Loaded plugin projectmanager (category:projectmanager,tabindex:4)
2025-06-17 22:25:37,097 [INFO] PluginManage:310 - Check plugin rif
2025-06-17 22:25:37,100 [INFO] PluginManage:359 - Loaded plugin rif (category:base,tabindex:3)
2025-06-17 22:25:37,100 [INFO] PluginManage:310 - Check plugin thirdparty
2025-06-17 22:25:37,173 [INFO] PluginManage:359 - Loaded plugin thirdparty (category:base,tabindex:-1)
2025-06-17 22:25:37,173 [WARN] IntegrityCheckThread:84 - waiting for thirdparty lock release [integrity check]
2025-06-17 22:25:37,174 [INFO] PluginManage:310 - Check plugin tools
2025-06-17 22:25:37,174 [INFO] IntegrityCheckThread:86 - entering critical section [integrity check]
2025-06-17 22:25:37,174 [INFO] ThirdPartyUpdaterWithRetryManager:70 - Updater plugin not ready yet. [1/15]
2025-06-17 22:25:37,175 [INFO] PluginManage:359 - Loaded plugin tools (category:base,tabindex:7)
2025-06-17 22:25:37,175 [INFO] PluginManage:310 - Check plugin tutovideos
2025-06-17 22:25:37,289 [INFO] PluginManage:359 - Loaded plugin tutovideos (category:base,tabindex:-1)
2025-06-17 22:25:37,290 [INFO] PluginManage:310 - Check plugin updater
2025-06-17 22:25:37,308 [INFO] PluginManage:359 - Loaded plugin updater (category:base,tabindex:12)
2025-06-17 22:25:37,308 [INFO] PluginManage:310 - Check plugin userauth
2025-06-17 22:25:37,311 [INFO] UserAuth:118 - Init User Auth plugin
2025-06-17 22:25:37,312 [INFO] PluginManage:359 - Loaded plugin userauth (category:base,tabindex:14)
2025-06-17 22:25:37,312 [INFO] PluginManage:283 - PluginManage : Loaded plugins [18]
2025-06-17 22:25:37,467 [INFO] PinOutPanel:1589 - setPackage(No Configuration,No Configuration)
2025-06-17 22:25:37,516 [INFO] CADModel:165 - CPN selected for project level
2025-06-17 22:25:37,516 [INFO] CADModel:114 - Register for checkConnection events
2025-06-17 22:25:37,523 [INFO] IPUIPlugin:80 - create IPUIPlugin
2025-06-17 22:25:37,523 [INFO] PluginManager:220 - loadIPPluginJar : add mdma
2025-06-17 22:25:37,527 [INFO] IPUIPlugin:80 - create IPUIPlugin
2025-06-17 22:25:37,527 [INFO] PluginManager:220 - loadIPPluginJar : add freertos
2025-06-17 22:25:37,529 [INFO] IPUIPlugin:80 - create IPUIPlugin
2025-06-17 22:25:37,530 [INFO] PluginManager:220 - loadIPPluginJar : add gic
2025-06-17 22:25:37,536 [INFO] IPUIPlugin:80 - create IPUIPlugin
2025-06-17 22:25:37,537 [INFO] PluginManager:220 - loadIPPluginJar : add adc
2025-06-17 22:25:37,543 [INFO] IPUIPlugin:80 - create IPUIPlugin
2025-06-17 22:25:37,543 [INFO] PluginManager:220 - loadIPPluginJar : add gtzc
2025-06-17 22:25:37,545 [INFO] IPUIPlugin:80 - create IPUIPlugin
2025-06-17 22:25:37,545 [INFO] PluginManager:220 - loadIPPluginJar : add quadspi
2025-06-17 22:25:37,547 [INFO] IPUIPlugin:80 - create IPUIPlugin
2025-06-17 22:25:37,547 [INFO] PluginManager:220 - loadIPPluginJar : add aes
2025-06-17 22:25:37,549 [INFO] IPUIPlugin:80 - create IPUIPlugin
2025-06-17 22:25:37,549 [INFO] PluginManager:220 - loadIPPluginJar : add pdm2pcm
2025-06-17 22:25:37,551 [INFO] IPUIPlugin:80 - create IPUIPlugin
2025-06-17 22:25:37,551 [INFO] PluginManager:220 - loadIPPluginJar : add hash
2025-06-17 22:25:37,552 [INFO] IPUIPlugin:80 - create IPUIPlugin
2025-06-17 22:25:37,552 [INFO] PluginManager:220 - loadIPPluginJar : add tim
2025-06-17 22:25:37,554 [INFO] IPUIPlugin:80 - create IPUIPlugin
2025-06-17 22:25:37,554 [INFO] PluginManager:220 - loadIPPluginJar : add tsc
2025-06-17 22:25:37,556 [INFO] IPUIPlugin:80 - create IPUIPlugin
2025-06-17 22:25:37,556 [INFO] PluginManager:220 - loadIPPluginJar : add extmemmanager
2025-06-17 22:25:37,557 [INFO] IPUIPlugin:80 - create IPUIPlugin
2025-06-17 22:25:37,557 [INFO] PluginManager:220 - loadIPPluginJar : add ts
2025-06-17 22:25:37,558 [INFO] IPUIPlugin:80 - create IPUIPlugin
2025-06-17 22:25:37,559 [INFO] PluginManager:220 - loadIPPluginJar : add radio
2025-06-17 22:25:37,560 [INFO] IPUIPlugin:80 - create IPUIPlugin
2025-06-17 22:25:37,560 [INFO] PluginManager:220 - loadIPPluginJar : add can
2025-06-17 22:25:37,562 [INFO] IPUIPlugin:80 - create IPUIPlugin
2025-06-17 22:25:37,562 [INFO] PluginManager:220 - loadIPPluginJar : add dma3
2025-06-17 22:25:37,563 [INFO] IPUIPlugin:80 - create IPUIPlugin
2025-06-17 22:25:37,564 [INFO] PluginManager:220 - loadIPPluginJar : add dfsdm
2025-06-17 22:25:37,565 [INFO] IPUIPlugin:80 - create IPUIPlugin
2025-06-17 22:25:37,565 [INFO] PluginManager:220 - loadIPPluginJar : add spi
2025-06-17 22:25:37,566 [INFO] IPUIPlugin:80 - create IPUIPlugin
2025-06-17 22:25:37,566 [INFO] PluginManager:220 - loadIPPluginJar : add gfxmmu
2025-06-17 22:25:37,567 [INFO] IPUIPlugin:80 - create IPUIPlugin
2025-06-17 22:25:37,568 [INFO] PluginManager:220 - loadIPPluginJar : add genericplugin
2025-06-17 22:25:37,569 [INFO] IPUIPlugin:80 - create IPUIPlugin
2025-06-17 22:25:37,569 [INFO] PluginManager:220 - loadIPPluginJar : add cryp
2025-06-17 22:25:37,572 [INFO] IPUIPlugin:80 - create IPUIPlugin
2025-06-17 22:25:37,572 [INFO] PluginManager:220 - loadIPPluginJar : add gpio
2025-06-17 22:25:37,574 [INFO] IPUIPlugin:80 - create IPUIPlugin
2025-06-17 22:25:37,574 [INFO] PluginManager:220 - loadIPPluginJar : add ddr_ctrl_phy
2025-06-17 22:25:37,575 [INFO] IPUIPlugin:80 - create IPUIPlugin
2025-06-17 22:25:37,575 [INFO] PluginManager:220 - loadIPPluginJar : add comp
2025-06-17 22:25:37,577 [INFO] IPUIPlugin:80 - create IPUIPlugin
2025-06-17 22:25:37,577 [INFO] PluginManager:220 - loadIPPluginJar : add tracer_emb
2025-06-17 22:25:37,578 [INFO] IPUIPlugin:80 - create IPUIPlugin
2025-06-17 22:25:37,579 [INFO] PluginManager:220 - loadIPPluginJar : add openamp
2025-06-17 22:25:37,582 [INFO] IPUIPlugin:80 - create IPUIPlugin
2025-06-17 22:25:37,583 [INFO] PluginManager:220 - loadIPPluginJar : add stm32_wpan
2025-06-17 22:25:37,586 [INFO] IPUIPlugin:80 - create IPUIPlugin
2025-06-17 22:25:37,588 [INFO] PluginManager:220 - loadIPPluginJar : add plateformsettings
2025-06-17 22:25:37,590 [INFO] IPUIPlugin:80 - create IPUIPlugin
2025-06-17 22:25:37,590 [INFO] PluginManager:220 - loadIPPluginJar : add ipddr
2025-06-17 22:25:37,592 [INFO] IPUIPlugin:80 - create IPUIPlugin
2025-06-17 22:25:37,592 [INFO] PluginManager:220 - loadIPPluginJar : add usart
2025-06-17 22:25:37,593 [INFO] IPUIPlugin:80 - create IPUIPlugin
2025-06-17 22:25:37,593 [INFO] PluginManager:220 - loadIPPluginJar : add ltdc
2025-06-17 22:25:37,595 [INFO] IPUIPlugin:80 - create IPUIPlugin
2025-06-17 22:25:37,595 [INFO] PluginManager:220 - loadIPPluginJar : add nvic
2025-06-17 22:25:37,596 [INFO] IPUIPlugin:80 - create IPUIPlugin
2025-06-17 22:25:37,596 [INFO] PluginManager:220 - loadIPPluginJar : add fatfs
2025-06-17 22:25:37,600 [INFO] IPUIPlugin:80 - create IPUIPlugin
2025-06-17 22:25:37,600 [INFO] PluginManager:220 - loadIPPluginJar : add linkedlist
2025-06-17 22:25:37,604 [INFO] IPUIPlugin:80 - create IPUIPlugin
2025-06-17 22:25:37,604 [INFO] PluginManager:220 - loadIPPluginJar : add dma
2025-06-17 22:25:37,607 [INFO] IPUIPlugin:80 - create IPUIPlugin
2025-06-17 22:25:37,607 [INFO] PluginManager:220 - loadIPPluginJar : add fmc
2025-06-17 22:25:37,608 [INFO] IPUIPlugin:80 - create IPUIPlugin
2025-06-17 22:25:37,608 [INFO] PluginManager:220 - loadIPPluginJar : add i2s
2025-06-17 22:25:37,610 [INFO] IPUIPlugin:80 - create IPUIPlugin
2025-06-17 22:25:37,610 [INFO] PluginManager:220 - loadIPPluginJar : add ucpd
2025-06-17 22:25:37,611 [INFO] IPUIPlugin:80 - create IPUIPlugin
2025-06-17 22:25:37,611 [INFO] PluginManager:220 - loadIPPluginJar : add lorawan
2025-06-17 22:25:37,613 [INFO] IPUIPlugin:80 - create IPUIPlugin
2025-06-17 22:25:37,614 [INFO] PluginManager:220 - loadIPPluginJar : add opamp
2025-06-17 22:25:37,615 [INFO] IPUIPlugin:80 - create IPUIPlugin
2025-06-17 22:25:37,616 [INFO] PluginManager:220 - loadIPPluginJar : add i3c
2025-06-17 22:25:37,618 [INFO] IPUIPlugin:80 - create IPUIPlugin
2025-06-17 22:25:37,618 [INFO] PluginManager:220 - loadIPPluginJar : add touchsensing
2025-06-17 22:25:37,620 [INFO] IPUIPlugin:80 - create IPUIPlugin
2025-06-17 22:25:37,620 [INFO] PluginManager:220 - loadIPPluginJar : add i2c
2025-06-17 22:25:37,622 [INFO] IPUIPlugin:80 - create IPUIPlugin
2025-06-17 22:25:37,622 [INFO] PluginManager:220 - loadIPPluginJar : add resmgrutility
2025-06-17 22:25:37,625 [INFO] IPUIPlugin:80 - create IPUIPlugin
2025-06-17 22:25:37,625 [INFO] PluginManager:220 - loadIPPluginJar : add sai
2025-06-17 22:25:37,627 [INFO] IPUIPlugin:80 - create IPUIPlugin
2025-06-17 22:25:37,627 [INFO] PluginManager:220 - loadIPPluginJar : add usbx
2025-06-17 22:25:37,726 [FATAL] Updater:351 - Updater called before beeing initialized
2025-06-17 22:25:37,743 [INFO] RulesReader:64 - Compatibility file has been processed (302 Rules)
2025-06-17 22:25:37,752 [INFO] RulesReader:64 - Compatibility file has been processed (302 Rules)
2025-06-17 22:25:37,758 [INFO] CADModel:165 - CPN selected for project level
2025-06-17 22:25:37,758 [INFO] CADModel:114 - Register for checkConnection events
2025-06-17 22:25:37,758 [FATAL] Updater:351 - Updater called before beeing initialized
2025-06-17 22:25:37,758 [ERROR] CADModel:125 - Updater not yet initialized, retry later 
2025-06-17 22:25:37,889 [FATAL] Updater:351 - Updater called before beeing initialized
2025-06-17 22:25:37,891 [INFO] CADModel:165 - CPN selected for project level
2025-06-17 22:25:37,891 [INFO] CADModel:114 - Register for checkConnection events
2025-06-17 22:25:37,891 [FATAL] Updater:351 - Updater called before beeing initialized
2025-06-17 22:25:37,891 [ERROR] CADModel:125 - Updater not yet initialized, retry later 
2025-06-17 22:25:37,894 [FATAL] Updater:351 - Updater called before beeing initialized
2025-06-17 22:25:37,963 [FATAL] Updater:351 - Updater called before beeing initialized
2025-06-17 22:25:37,967 [INFO] DbMcusAds:53 - JSON generation date=Wed May 07 02:07:55 PDT 2025 (1746608875484)
2025-06-17 22:25:37,967 [FATAL] Updater:351 - Updater called before beeing initialized
2025-06-17 22:25:38,015 [WARN] DetailPanel:346 - Failed to get advertising image, set to default
2025-06-17 22:25:38,280 [FATAL] Updater:351 - Updater called before beeing initialized
2025-06-17 22:25:38,282 [FATAL] Updater:351 - Updater called before beeing initialized
2025-06-17 22:25:38,282 [FATAL] Updater:351 - Updater called before beeing initialized
2025-06-17 22:25:38,282 [WARN] DetailPanel:346 - Failed to get advertising image, set to default
2025-06-17 22:25:38,283 [FATAL] Updater:351 - Updater called before beeing initialized
2025-06-17 22:25:38,307 [ERROR] Updater:1198 - MainUpdater not yet initialized. External WinMGr cannot be set.
2025-06-17 22:25:38,308 [INFO] Updater:1134 - Updater Version found : 6.14.1
2025-06-17 22:25:38,321 [INFO] ApplicationProperties:184 - Using Application install path: /Applications/STM32CubeIDE.app/Contents/Eclipse/plugins/com.st.stm32cube.common.mx_6.14.1.202504091515
2025-06-17 22:25:38,570 [INFO] MainUpdater:2872 - connection check result : 10
2025-06-17 22:25:38,570 [INFO] MainUpdater:289 - Updater Check For Update Now.
2025-06-17 22:25:38,570 [INFO] MicroXplorer:498 - Change Database Version : DB.6.0.141
2025-06-17 22:25:38,574 [INFO] McuFinderGlobals:63 - Set McuFinder mode to 2 (CubeIDE integrated)
2025-06-17 22:25:38,575 [INFO] UserAuth:484 - Internet connection configuration mode: 1
2025-06-17 22:25:38,586 [INFO] JxBrowserEngine:152 - Initiate JxBrowser Engine with user profile folder
2025-06-17 22:25:38,746 [INFO] CheckServerUpdateThread:120 - End of CheckServer Thread
2025-06-17 22:25:39,487 [INFO] WebApp:169 - Instantiating new browser for Auth
2025-06-17 22:25:40,217 [INFO] WebApp:463 - Apply proxy settings
2025-06-17 22:25:40,234 [INFO] WebApp:508 - Chromium authenticates against Manually configured proxy
2025-06-17 22:25:40,259 [INFO] WebApp:516 - Username used for proxy authentication: 
2025-06-17 22:25:40,303 [INFO] WebApp:894 - Register for checkConnection events
2025-06-17 22:25:40,305 [INFO] WebApp:463 - Apply proxy settings
2025-06-17 22:25:40,327 [INFO] WebApp:508 - Chromium authenticates against Manually configured proxy
2025-06-17 22:25:40,344 [INFO] WebApp:516 - Username used for proxy authentication: 
2025-06-17 22:25:40,470 [INFO] WebApp:225 - Starting web application
2025-06-17 22:25:40,474 [INFO] WebApp:593 - Web application path used /Applications/STM32CubeIDE.app/Contents/Eclipse/plugins/com.st.stm32cube.common.mx_6.14.1.202504091515/db/plugins/mcufinder/reactClient1/index.html
2025-06-17 22:25:40,551 [INFO] UserAuth:484 - Internet connection configuration mode: 1
2025-06-17 22:25:41,232 [INFO] WebApp:191 - Connection restablished
2025-06-17 22:25:44,304 [WARN] PackLoader:240 - Cannot read IP mode file for STMicroelectronics.FP-SNS-MOTENVWB1.1.4.0
2025-06-17 22:25:44,310 [WARN] PackLoader:240 - Cannot read IP mode file for STMicroelectronics.FP-ATR-ASTRA1.2.0.2
2025-06-17 22:25:44,317 [WARN] PackLoader:240 - Cannot read IP mode file for STMicroelectronics.X-CUBE-SMBUS.2.1.0
2025-06-17 22:25:44,321 [WARN] PackLoader:240 - Cannot read IP mode file for STMicroelectronics.X-CUBE-ST60.1.0.0
2025-06-17 22:25:44,353 [WARN] PackLoader:240 - Cannot read IP mode file for STMicroelectronics.X-CUBE-AZRTOS-F7.1.1.0
2025-06-17 22:25:44,385 [WARN] PackLoader:240 - Cannot read IP mode file for Infineon.AIROC-Wi-Fi-Bluetooth-STM32.1.7.0
2025-06-17 22:25:44,398 [WARN] PackLoader:240 - Cannot read IP mode file for STMicroelectronics.X-CUBE-DISPLAY.3.0.0
2025-06-17 22:25:44,408 [WARN] PackLoader:240 - Cannot read IP mode file for STMicroelectronics.X-CUBE-NFC10.1.0.0
2025-06-17 22:25:44,418 [WARN] PackLoader:240 - Cannot read IP mode file for STMicroelectronics.X-CUBE-BLEMGR.4.0.0
2025-06-17 22:25:44,426 [WARN] PackLoader:240 - Cannot read IP mode file for emotas.I-CUBE-CANOPEN.1.3.0
2025-06-17 22:25:44,429 [WARN] ConditionMgr:438 - getConditionDescription Invalid condition id : Cortex-A Device cause : null
2025-06-17 22:25:44,437 [WARN] ConditionMgr:1044 - genDependencies : Invalid condition id : Cortex-A Device cause : null
2025-06-17 22:25:44,437 [WARN] ConditionMgr:1044 - genDependencies : Invalid condition id : Cortex-A Device cause : null
2025-06-17 22:25:44,437 [WARN] ConditionMgr:1044 - genDependencies : Invalid condition id : Cortex-A Device cause : null
2025-06-17 22:25:44,440 [WARN] PackLoader:240 - Cannot read IP mode file for STMicroelectronics.X-CUBE-AI.10.0.0
2025-06-17 22:25:44,443 [WARN] PackLoader:240 - Cannot read IP mode file for STMicroelectronics.FP-SNS-SMARTAG2.1.2.0
2025-06-17 22:25:44,446 [WARN] PackLoader:240 - Cannot read IP mode file for STMicroelectronics.FP-SNS-FLIGHT1.5.1.0
2025-06-17 22:25:44,454 [INFO] LogOutputStream:77 - [STDOUT_REDIRECT] 1 : Invalid condition id : UX_CORESTACK_Condition cause : null
2025-06-17 22:25:44,455 [INFO] LogOutputStream:77 - [STDOUT_REDIRECT] 1 : Invalid condition id : UX_CORESTACK_Condition cause : null
2025-06-17 22:25:44,455 [INFO] LogOutputStream:77 - [STDOUT_REDIRECT] 1 : Invalid condition id : UX_CORESTACK_Condition cause : null
2025-06-17 22:25:44,455 [INFO] LogOutputStream:77 - [STDOUT_REDIRECT] 1 : Invalid condition id : UX_CORESTACK_Condition cause : null
2025-06-17 22:25:44,455 [INFO] LogOutputStream:77 - [STDOUT_REDIRECT] 1 : Invalid condition id : UX_CORESTACK_Condition cause : null
2025-06-17 22:25:44,458 [WARN] PackLoader:240 - Cannot read IP mode file for STMicroelectronics.X-CUBE-AZRTOS-WL.2.0.0
2025-06-17 22:25:44,462 [WARN] PackLoader:240 - Cannot read IP mode file for STMicroelectronics.FP-SNS-MOTENV1.5.0.0
2025-06-17 22:25:44,467 [WARN] PackLoader:240 - Cannot read IP mode file for WES.I-CUBE-Cesium.1.3.0
2025-06-17 22:25:44,470 [WARN] PackLoader:240 - Cannot read IP mode file for STMicroelectronics.X-CUBE-BLE2.3.3.0
2025-06-17 22:25:44,475 [WARN] PackLoader:240 - Cannot read IP mode file for STMicroelectronics.X-CUBE-NFC9.1.0.0
2025-06-17 22:25:44,479 [WARN] PackLoader:240 - Cannot read IP mode file for wolfSSL.I-CUBE-wolfSSL.5.8.0
2025-06-17 22:25:44,486 [WARN] PackLoader:240 - Cannot read IP mode file for STMicroelectronics.X-CUBE-BLE1.7.1.0
2025-06-17 22:25:44,488 [WARN] PackLoader:240 - Cannot read IP mode file for wolfSSL.I-CUBE-wolfMQTT.1.19.2
2025-06-17 22:25:44,490 [WARN] PackLoader:240 - Cannot read IP mode file for STMicroelectronics.X-CUBE-AI.10.1.0
2025-06-17 22:25:44,530 [WARN] PackLoader:240 - Cannot read IP mode file for STMicroelectronics.X-CUBE-MEMS1.11.2.0
2025-06-17 22:25:44,695 [WARN] PackLoader:240 - Cannot read IP mode file for STMicroelectronics.X-CUBE-AZRTOS-G0.1.1.0
2025-06-17 22:25:44,706 [WARN] PackLoader:240 - Cannot read IP mode file for STMicroelectronics.X-CUBE-SAFEA1.1.2.2
2025-06-17 22:25:44,712 [WARN] PackLoader:240 - Cannot read IP mode file for STMicroelectronics.X-CUBE-NFC4.3.0.0
2025-06-17 22:25:44,725 [WARN] PackLoader:240 - Cannot read IP mode file for EmbeddedOffice.I-CUBE-FS-RTOS.1.0.1
2025-06-17 22:25:44,731 [WARN] PackLoader:240 - Cannot read IP mode file for STMicroelectronics.X-CUBE-WB05N.2.0.0
2025-06-17 22:25:44,737 [WARN] PackLoader:240 - Cannot read IP mode file for wolfSSL.I-CUBE-wolfTPM.3.8.0
2025-06-17 22:25:44,742 [WARN] PackLoader:240 - Cannot read IP mode file for STMicroelectronics.X-CUBE-TCPP.4.2.0
2025-06-17 22:25:44,752 [WARN] PackLoader:240 - Cannot read IP mode file for RealThread.X-CUBE-RT-Thread_Nano.4.1.1
2025-06-17 22:25:44,766 [WARN] PackLoader:240 - Cannot read IP mode file for STMicroelectronics.FP-ATR-SIGFOX1.3.2.0
2025-06-17 22:25:44,773 [WARN] PackLoader:240 - Cannot read IP mode file for STMicroelectronics.X-CUBE-EEPRMA1.5.1.0
2025-06-17 22:25:44,782 [WARN] PackLoader:240 - Cannot read IP mode file for ITTIA_DB.I-CUBE-ITTIADB.8.9.0
2025-06-17 22:25:44,787 [WARN] PackLoader:240 - Cannot read IP mode file for STMicroelectronics.X-CUBE-ST67W61.1.0.0
2025-06-17 22:25:44,819 [WARN] PackLoader:240 - Cannot read IP mode file for SEGGER.I-CUBE-embOS.1.3.1
2025-06-17 22:25:44,858 [WARN] PackLoader:240 - Cannot read IP mode file for STMicroelectronics.X-CUBE-ALGOBUILD.1.4.0
2025-06-17 22:25:44,912 [WARN] PackLoader:240 - Cannot read IP mode file for STMicroelectronics.X-CUBE-MEMS1.11.3.0
2025-06-17 22:25:45,012 [WARN] PackLoader:240 - Cannot read IP mode file for STMicroelectronics.X-CUBE-PM33A1.1.0.0
2025-06-17 22:25:45,024 [WARN] PackLoader:240 - Cannot read IP mode file for STMicroelectronics.X-CUBE-AZRTOS-F4.1.1.0
2025-06-17 22:25:45,027 [WARN] PackLoader:240 - Cannot read IP mode file for Avnet-IotConnect.X-CUBE-IoTC-DA16k-PMOD.1.0.0
2025-06-17 22:25:45,030 [WARN] PackLoader:240 - Cannot read IP mode file for STMicroelectronics.X-CUBE-ISPU.2.1.0
2025-06-17 22:25:45,041 [WARN] PackLoader:240 - Cannot read IP mode file for STMicroelectronics.X-CUBE-AZRTOS-L5.2.0.0
2025-06-17 22:25:45,048 [WARN] PackLoader:240 - Cannot read IP mode file for STMicroelectronics.X-CUBE-NFC6.3.1.0
2025-06-17 22:25:45,054 [WARN] PackLoader:240 - Cannot read IP mode file for STMicroelectronics.X-CUBE-FREERTOS.1.3.1
2025-06-17 22:25:45,057 [WARN] PackLoader:240 - Cannot read IP mode file for STMicroelectronics.X-CUBE-DPower.1.3.0
2025-06-17 22:25:45,070 [WARN] ConditionMgr:438 - getConditionDescription Invalid condition id : LAN8742 Phy interface Condition cause : null
2025-06-17 22:25:45,070 [WARN] PackLoader:240 - Cannot read IP mode file for STMicroelectronics.X-CUBE-AZRTOS-L4.2.0.0
2025-06-17 22:25:45,071 [WARN] ConditionMgr:1044 - genDependencies : Invalid condition id : LAN8742 Phy interface Condition cause : null
2025-06-17 22:25:45,071 [WARN] ConditionMgr:1044 - genDependencies : Invalid condition id : LAN8742 Phy interface Condition cause : null
2025-06-17 22:25:45,072 [WARN] ConditionMgr:1044 - genDependencies : Invalid condition id : LAN8742 Phy interface Condition cause : null
2025-06-17 22:25:45,076 [WARN] PackLoader:240 - Cannot read IP mode file for STMicroelectronics.X-CUBE-SFXS2LP1.4.0.0
2025-06-17 22:25:45,090 [WARN] PackLoader:240 - Cannot read IP mode file for STMicroelectronics.X-CUBE-AZRTOS-H7.3.3.0
2025-06-17 22:25:45,101 [WARN] ConditionMgr:438 - getConditionDescription Invalid condition id : UX DEVICE CLASS RTOS Condition cause : null
2025-06-17 22:25:45,101 [WARN] ConditionMgr:438 - getConditionDescription Invalid condition id : UX DEVICE CLASS RTOS Condition cause : null
2025-06-17 22:25:45,102 [WARN] PackLoader:240 - Cannot read IP mode file for STMicroelectronics.X-CUBE-AZRTOS-WB.2.0.0
2025-06-17 22:25:45,103 [WARN] ConditionMgr:1044 - genDependencies : Invalid condition id : UX DEVICE CLASS RTOS Condition cause : null
2025-06-17 22:25:45,103 [WARN] ConditionMgr:1044 - genDependencies : Invalid condition id : UX DEVICE CLASS RTOS Condition cause : null
2025-06-17 22:25:45,103 [WARN] ConditionMgr:1044 - genDependencies : Invalid condition id : UX DEVICE CLASS RTOS Condition cause : null
2025-06-17 22:25:45,103 [WARN] ConditionMgr:1044 - genDependencies : Invalid condition id : UX DEVICE CLASS RTOS Condition cause : null
2025-06-17 22:25:45,103 [WARN] ConditionMgr:1044 - genDependencies : Invalid condition id : UX DEVICE CLASS RTOS Condition cause : null
2025-06-17 22:25:45,107 [WARN] PackLoader:240 - Cannot read IP mode file for STMicroelectronics.X-CUBE-GNSS1.7.0.1
2025-06-17 22:25:45,110 [WARN] PackLoader:240 - Cannot read IP mode file for STMicroelectronics.X-CUBE-TOUCHGFX.4.25.0
2025-06-17 22:25:45,115 [WARN] PackLoader:240 - Cannot read IP mode file for STMicroelectronics.FP-SNS-STBOX1.2.0.0
2025-06-17 22:25:45,122 [WARN] PackLoader:240 - Cannot read IP mode file for STMicroelectronics.X-CUBE-SUBG2.5.0.0
2025-06-17 22:25:45,137 [WARN] PackLoader:240 - Cannot read IP mode file for STMicroelectronics.X-CUBE-AZRTOS-H7RS.1.1.0
2025-06-17 22:25:45,141 [WARN] PackLoader:240 - Cannot read IP mode file for Cesanta.I-CUBE-Mongoose.7.13.0
2025-06-17 22:25:45,151 [WARN] PackLoader:240 - Cannot read IP mode file for STMicroelectronics.X-CUBE-AZRTOS-G4.2.0.0
2025-06-17 22:25:45,154 [WARN] PackLoader:240 - Cannot read IP mode file for wolfSSL.I-CUBE-wolfSSH.1.4.20
2025-06-17 22:25:45,158 [WARN] PackLoader:240 - Cannot read IP mode file for STMicroelectronics.X-CUBE-NFC7.2.0.0
2025-06-17 22:25:45,174 [WARN] PackLoader:240 - Cannot read IP mode file for STMicroelectronics.X-CUBE-IPS.3.1.0
2025-06-17 22:25:45,182 [WARN] PackLoader:240 - Cannot read IP mode file for STMicroelectronics.X-CUBE-ALS.1.0.2
2025-06-17 22:25:45,186 [WARN] PackLoader:240 - Cannot read IP mode file for portGmbH.I-Cube-SoM-uGOAL.1.1.0
2025-06-17 22:25:45,195 [WARN] PackLoader:240 - Cannot read IP mode file for STMicroelectronics.X-CUBE-TOF1.3.4.3
2025-06-17 22:25:45,205 [INFO] ThirdParty:978 - Integrity check success = true
2025-06-17 22:25:45,205 [INFO] IntegrityCheckThread:100 - exiting critical section [integrity check]
2025-06-17 22:25:45,206 [INFO] IntegrityCheckThread:103 - End integrity checks thread
2025-06-17 22:27:48,332 [INFO] McuFinderGlobals:63 - Set McuFinder mode to 2 (CubeIDE integrated)
2025-06-17 22:27:48,335 [INFO] MainUpdater:2872 - connection check result : 10
2025-06-17 22:27:49,218 [INFO] ApiDb:581 - Connected to CubeFinder SQLite database (/Users/garagebox/.stmcufinder/plugins/mcufinder/mcu/cube-finder-db.db)
2025-06-17 22:27:49,297 [INFO] ApiDb:668 - CubeFinder database Data Model version=2.1
2025-06-17 22:27:49,298 [INFO] ApiDb:669 - CubeFinder database Configuration version=3.0.39
2025-06-17 22:27:49,298 [INFO] ApiDb:670 - CubeFinder database generation date=2025-05-20 (1747743314)
2025-06-17 22:27:49,298 [INFO] ApiDb:671 - CubeFinder database FW Pack versions=[FP-ATR-ASTRA1_V2.0.0, FP-SNS-FLIGHT1_V5.1.0, FP-SNS-MOTENV1_V5.0.0, FP-SNS-MOTENVWB1_V1.4.0, FP-SNS-SMARTAG2_V1.2.0, FP-SNS-STBOX1_V2.0.0, STM32Cube_FW_C0_V1.4.0, STM32Cube_FW_F4_V1.28.2, STM32Cube_FW_F7_V1.17.3, STM32Cube_FW_G0_V1.6.2, STM32Cube_FW_G4_V1.6.1, STM32Cube_FW_H5_V1.5.0, STM32Cube_FW_H7RS_V1.2.0, STM32Cube_FW_H7_V1.12.1, STM32Cube_FW_L0_V1.12.2, STM32Cube_FW_L4_V1.18.1, STM32Cube_FW_L5_V1.5.1, STM32Cube_FW_N6_V1.1.1, STM32Cube_FW_U0_V1.2.0, STM32Cube_FW_U3_V1.1.0, STM32Cube_FW_U5_V1.7.0, STM32Cube_FW_WB0_V1.2.0, STM32Cube_FW_WBA_V1.6.0, STM32Cube_FW_WB_V1.22.0, STM32Cube_FW_WL3_V1.1.0, STM32Cube_FW_WL_V1.3.1, X-CUBE-ALGOBUILD_V1.4.0, X-CUBE-ALS_V1.0.2, X-CUBE-AZRTOS-F4_V1.1.0, X-CUBE-AZRTOS-F7_V1.1.0, X-CUBE-AZRTOS-G0_V1.1.0, X-CUBE-AZRTOS-G4_V2.0.0, X-CUBE-AZRTOS-H7RS_V1.1.0, X-CUBE-AZRTOS-H7_V3.3.0, X-CUBE-AZRTOS-L4_V2.0.0, X-CUBE-AZRTOS-L5_V2.0.0, X-CUBE-AZRTOS-WB_V2.0.0, X-CUBE-AZRTOS-WL_V2.0.0, X-CUBE-BLE1_V7.1.0, X-CUBE-BLE2_V3.3.0, X-CUBE-BLEMGR_V4.0.0, X-CUBE-EEPRMA1_V5.1.0, X-CUBE-FREERTOS_V1.3.1, X-CUBE-GNSS1_V6.0.0, X-CUBE-MEMS1_V11.2.0, X-CUBE-NFC4_V3.0.0, X-CUBE-NFC7_V2.0.0, X-CUBE-SFXS2LP1_V4.0.0, X-CUBE-SUBG2_V5.0.0, X-CUBE-TOF1_V3.4.3]
2025-06-17 22:27:49,435 [INFO] DbBoardsSqlite:226 - include board P-NUCLEO-WB55-NUCLEO as a kit item of type 'Nucleo-64'
2025-06-17 22:27:49,436 [INFO] DbBoardsSqlite:226 - include board P-NUCLEO-WB55-USBDONGLE as a kit item of type 'Nucleo USB Dongle'
2025-06-17 22:27:49,437 [INFO] DbBoardsSqlite:226 - include board STEVAL-IDP005V1 as a kit item of type 'Evaluation Board'
2025-06-17 22:27:49,437 [INFO] DbBoardsSqlite:226 - include board STEVAL-IDP005V2 as a kit item of type 'Evaluation Board'
2025-06-17 22:27:49,822 [INFO] ApiDb:240 - Found 895 in-development CPN: [B-G473E-ZEST1S, B-WB1M-WPAN1, B-WBA5M-WPAN, B-WL5M-SUBG1, NUCLEO-C031C6, NUCLEO-C051C8, NUCLEO-C071RB, NUCLEO-C092RC, NUCLEO-H503RB, NUCLEO-H533RE, NUCLEO-H563ZI, NUCLEO-H7S3L8, NUCLEO-N657X0-Q, NUCLEO-U031R8, NUCLEO-U083RC, NUCLEO-U385RG-Q, NUCLEO-U545RE-Q, NUCLEO-U5A5ZJ-Q, NUCLEO-WB05KZ, NUCLEO-WB07CC, NUCLEO-WB09KE, NUCLEO-WBA52CG, NUCLEO-WBA55CG, NUCLEO-WBA65RI, NUCLEO-WL33CC1, NUCLEO-WL33CC2, STEVAL-PROTEUS1, STEVAL-SMARTAG2, STEVAL-STWINBX1, STM320518-EVAL, STM32C0116-DK, STM32C011D6Y3TR, STM32C011D6Y6TR, STM32C011F4P3, STM32C011F4P6, STM32C011F4U3, STM32C011F4U6TR, STM32C011F6P3, STM32C011F6P6, STM32C011F6U3, STM32C011F6U6TR, STM32C011J4M3, STM32C011J4M6, STM32C011J6M3, STM32C011J6M6, STM32C0316-DK, STM32C031C4T3, STM32C031C4T6, STM32C031C4U3, STM32C031C4U6, STM32C031C6T3, STM32C031C6T6, STM32C031C6U3, STM32C031C6U6, STM32C031F4P3, STM32C031F4P6, STM32C031F6P3, STM32C031F6P6, STM32C031G4U3, STM32C031G4U6, STM32C031G6U3, STM32C031G6U6, STM32C031K4T3, STM32C031K4T6, STM32C031K4U3, STM32C031K4U6, STM32C031K6T3, STM32C031K6T6, STM32C031K6U3, STM32C031K6U6, STM32C051C6T6, STM32C051C6U6, STM32C051C8T6, STM32C051C8U6, STM32C051D8Y6TR, STM32C051F6P6, STM32C051F8P6, STM32C051G6U6, STM32C051G8U6, STM32C051K6T6, STM32C051K6U6, STM32C051K8T6, STM32C071C8T6, STM32C071C8T6N, STM32C071C8U6, STM32C071C8U6N, STM32C071CBT6, STM32C071CBT6N, STM32C071CBU6, STM32C071CBU6N, STM32C071F8P6, STM32C071F8P6N, STM32C071FBP6, STM32C071FBP6N, STM32C071FBY6TR, STM32C071G8U6, STM32C071G8U6N, STM32C071GBU6, STM32C071GBU6N, STM32C071K8T6, STM32C071K8T6N, STM32C071K8U6, STM32C071K8U6N, STM32C071KBT6, STM32C071KBT6N, STM32C071KBU6, STM32C071KBU6N, STM32C071R8T6, STM32C071R8T6N, STM32C071RBI6N, STM32C071RBT6, STM32C071RBT6N, STM32C091CBT6, STM32C091CBU6, STM32C091CCT6, STM32C091CCU6, STM32C091ECY6TR, STM32C091FBP6, STM32C091FCP6, STM32C091GBU6, STM32C091GCU6, STM32C091KBT6, STM32C091KBU6, STM32C091KCT6, STM32C091KCU6, STM32C091RBT6, STM32C091RCI6, STM32C091RCT6, STM32C092CBT6, STM32C092CBU6, STM32C092CCT6, STM32C092CCU6, STM32C092ECY6TR, STM32C092FBP6, STM32C092FCP6, STM32C092GBU6, STM32C092GCU6, STM32C092KBT6, STM32C092KBU6, STM32C092KCT6, STM32C092KCU6, STM32C092RBT6, STM32C092RCI6, STM32C092RCT6, STM32G071K8TXN, STM32G071K8UXN, STM32G081GBU6N, STM32G081KBT6N, STM32G081KBUXN, STM32G0B1CCT6N, STM32G0B1KCT6, STM32G0B1NEY6TR, STM32G0B1RCT6N, STM32G0C1CCT6, STM32G0C1CCT6N, STM32G0C1CCU6N, STM32G0C1CET6N, STM32G0C1CEU6N, STM32G0C1KCT6, STM32G0C1NEY6TR, STM32G0C1RCI6N, STM32G0C1RCT6N, STM32G0C1REI6N, STM32G0C1RET6N, STM32G0C1VCI6, STM32G0C1VEI6, STM32G411C6T3, STM32G411C6T6, STM32G411C6U3, STM32G411C6U6, STM32G411C8T3, STM32G411C8T6, STM32G411C8U3, STM32G411C8U6, STM32G411CBT3, STM32G411CBT6, STM32G411CBU3, STM32G411CBU6, STM32G411CCT3, STM32G411CCT6, STM32G411CCU3, STM32G411CCU6, STM32G411K6T3, STM32G411K6T6, STM32G411K6U3, STM32G411K6U6, STM32G411K8T3, STM32G411K8T6, STM32G411K8U3, STM32G411K8U6, STM32G411KBT3, STM32G411KBT6, STM32G411KBU3, STM32G411KBU6, STM32G411M6T3, STM32G411M6T6, STM32G411M8T3, STM32G411M8T6, STM32G411MBT3, STM32G411MBT6, STM32G411MCT3, STM32G411MCT6, STM32G411R6T3, STM32G411R6T6, STM32G411R8T3, STM32G411R8T6, STM32G411RBT3, STM32G411RBT6, STM32G411RCT3, STM32G411RCT6, STM32G414CBT3, STM32G414CBT6, STM32G414CBU3, STM32G414CBU6, STM32G414CCT3, STM32G414CCT6, STM32G414CCU3, STM32G414CCU6, STM32G414MBT3, STM32G414MBT6, STM32G414MCT3, STM32G414MCT6, STM32G414RBT3, STM32G414RBT6, STM32G414RCT3, STM32G414RCT6, STM32G414VBT3, STM32G414VBT6, STM32G414VCT3, STM32G414VCT6, STM32G431CBT3Z, STM32G431RBT3Z, STM32G471CCT6, STM32G471CCU6, STM32G471CET3, STM32G471CET6, STM32G471CEU3, STM32G471CEU6, STM32G471MCT6, STM32G471MET3, STM32G471MET6, STM32G471MEY6TR, STM32G471QCT6, STM32G471QET3, STM32G471RCT6, STM32G471RET3, STM32G471RET6, STM32G471VCH6, STM32G471VCI6, STM32G471VCT6, STM32G471VEH3, STM32G471VEH6, STM32G471VEI3, STM32G471VEI6, STM32G471VET3, STM32G471VET6, STM32G473QET3Z, STM32G473RET3Z, STM32G474CCT6, STM32G491RET3Z, STM32H503CBT6, STM32H503CBU6, STM32H503EBY6TR, STM32H503KBU6, STM32H503RBT6, STM32H523CCT6, STM32H523CCU6, STM32H523CET6, STM32H523CEU6, STM32H523HEY6TR, STM32H523RCT6, STM32H523RET6, STM32H523VCI6, STM32H523VCT6, STM32H523VEI6, STM32H523VET6, STM32H523ZCJ6, STM32H523ZCT6, STM32H523ZEJ6, STM32H523ZET6, STM32H533CET6, STM32H533CEU6, STM32H533HEY6TR, STM32H533RET6, STM32H533VEI6, STM32H533VET6, STM32H533ZEJ6, STM32H533ZET6, STM32H562AGI6, STM32H562AII6, STM32H562IGK6, STM32H562IGT6, STM32H562IIK6, STM32H562IIT6, STM32H562RGT6, STM32H562RGV6, STM32H562RIT6, STM32H562RIV6, STM32H562VGT6, STM32H562VIT6, STM32H562ZGT6, STM32H562ZIT6, STM32H563AGI6, STM32H563AII3Q, STM32H563AII6, STM32H563IGK6, STM32H563IGT6, STM32H563IIK3Q, STM32H563IIK6, STM32H563IIT3Q, STM32H563IIT6, STM32H563MIY3QTR, STM32H563RGT6, STM32H563RGV6, STM32H563RIT6, STM32H563RIV6, STM32H563VGT6, STM32H563VIT3Q, STM32H563VIT6, STM32H563ZGT6, STM32H563ZIT3Q, STM32H563ZIT6, STM32H573AII3Q, STM32H573AII6, STM32H573I-DK, STM32H573IIK3Q, STM32H573IIK6, STM32H573IIT3Q, STM32H573IIT6, STM32H573MIY3QTR, STM32H573RIT6, STM32H573RIV6, STM32H573VIT3Q, STM32H573VIT6, STM32H573ZIT3Q, STM32H573ZIT6, STM32H7R3A8I6, STM32H7R3I8K6, STM32H7R3I8T6, STM32H7R3L8H6, STM32H7R3L8H6H, STM32H7R3R8V6, STM32H7R3V8H6, STM32H7R3V8T6, STM32H7R3V8Y6TR, STM32H7R3Z8J6, STM32H7R3Z8T6, STM32H7R7A8I6, STM32H7R7I8K6, STM32H7R7I8T6, STM32H7R7L8H6, STM32H7R7L8H6H, STM32H7R7Z8J6, STM32H7S3A8I6, STM32H7S3I8K6, STM32H7S3I8T6, STM32H7S3L8H6, STM32H7S3L8H6H, STM32H7S3R8V6, STM32H7S3V8H6, STM32H7S3V8T6, STM32H7S3V8Y6TR, STM32H7S3Z8J6, STM32H7S3Z8T6, STM32H7S78-DK, STM32H7S7A8I6, STM32H7S7I8K6, STM32H7S7I8T6, STM32H7S7L8H6, STM32H7S7L8H6H, STM32H7S7Z8J6, STM32L4R5QGI6STR, STM32MP131AAE3, STM32MP131AAF3, STM32MP131AAG3, STM32MP131CAE3, STM32MP131CAF3, STM32MP131CAG3, STM32MP131DAE7, STM32MP131DAF7, STM32MP131DAG7, STM32MP131FAE7, STM32MP131FAF7, STM32MP131FAG7, STM32MP133AAE3, STM32MP133AAF3, STM32MP133AAG3, STM32MP133CAE3, STM32MP133CAF3, STM32MP133CAG3, STM32MP133DAE7, STM32MP133DAF7, STM32MP133DAG7, STM32MP133FAE7, STM32MP133FAF7, STM32MP133FAG7, STM32MP135AAE3, STM32MP135AAF3, STM32MP135AAG3, STM32MP135CAE3, STM32MP135CAF3, STM32MP135CAG3, STM32MP135DAE7, STM32MP135DAF7, STM32MP135DAG7, STM32MP135F-DK, STM32MP135FAE7, STM32MP135FAF7, STM32MP135FAF7T, STM32MP135FAF7U, STM32MP135FAG7, STM32MP231AAJ3, STM32MP231AAK3, STM32MP231AAL3, STM32MP231CAJ3, STM32MP231CAK3, STM32MP231CAL3, STM32MP231DAJ3, STM32MP231DAK3, STM32MP231DAL3, STM32MP231FAJ3, STM32MP231FAK3, STM32MP231FAL3, STM32MP233AAJ3, STM32MP233AAK3, STM32MP233AAL3, STM32MP233CAJ3, STM32MP233CAK3, STM32MP233CAL3, STM32MP233DAJ3, STM32MP233DAK3, STM32MP233DAL3, STM32MP233FAJ3, STM32MP233FAK3, STM32MP233FAL3, STM32MP235AAJ3, STM32MP235AAK3, STM32MP235AAL3, STM32MP235CAJ3, STM32MP235CAK3, STM32MP235CAL3, STM32MP235DAJ3, STM32MP235DAK3, STM32MP235DAL3, STM32MP235FAJ3, STM32MP235FAK3, STM32MP235FAL3, STM32MP251AAI3, STM32MP251AAJ3, STM32MP251AAK3, STM32MP251AAL3, STM32MP251CAI3, STM32MP251CAJ3, STM32MP251CAK3, STM32MP251CAL3, STM32MP251DAI3, STM32MP251DAJ3, STM32MP251DAK3, STM32MP251DAL3, STM32MP251FAI3, STM32MP251FAJ3, STM32MP251FAK3, STM32MP251FAL3, STM32MP253AAI3, STM32MP253AAJ3, STM32MP253AAK3, STM32MP253AAL3, STM32MP253CAI3, STM32MP253CAJ3, STM32MP253CAK3, STM32MP253CAL3, STM32MP253DAI3, STM32MP253DAJ3, STM32MP253DAK3, STM32MP253DAL3, STM32MP253FAI3, STM32MP253FAJ3, STM32MP253FAK3, STM32MP253FAL3, STM32MP255AAI3, STM32MP255AAJ3, STM32MP255AAK3, STM32MP255AAL3, STM32MP255CAI3, STM32MP255CAJ3, STM32MP255CAK3, STM32MP255CAL3, STM32MP255DAI3, STM32MP255DAJ3, STM32MP255DAK3, STM32MP255DAL3, STM32MP255FAI3, STM32MP255FAJ3, STM32MP255FAK3, STM32MP255FAL3, STM32MP257AAI3, STM32MP257AAJ3, STM32MP257AAK3, STM32MP257AAL3, STM32MP257CAI3, STM32MP257CAJ3, STM32MP257CAK3, STM32MP257CAL3, STM32MP257DAI3, STM32MP257DAJ3, STM32MP257DAK3, STM32MP257DAL3, STM32MP257F-DK, STM32MP257F-EV1, STM32MP257FAI3, STM32MP257FAJ3, STM32MP257FAK3, STM32MP257FAL3, STM32N645A0H3Q, STM32N645B0H3Q, STM32N645I0H3Q, STM32N645L0H3Q, STM32N645X0H3Q, STM32N645Z0H3Q, STM32N647A0H3Q, STM32N647B0H3Q, STM32N647I0H3Q, STM32N647L0H3Q, STM32N647X0H3Q, STM32N647Z0H3Q, STM32N655A0H3Q, STM32N655B0H3Q, STM32N655I0H3Q, STM32N655L0H3Q, STM32N655X0H3Q, STM32N655Z0H3Q, STM32N6570-DK, STM32N657A0H3Q, STM32N657B0H3Q, STM32N657I0H3Q, STM32N657L0H3Q, STM32N657X0H3Q, STM32N657Z0H3Q, STM32U031C6T6, STM32U031C6U6, STM32U031C8T6, STM32U031C8U6, STM32U031F4P6, STM32U031F6P6, STM32U031F8P6, STM32U031G6Y6TR, STM32U031G8Y6TR, STM32U031K4U6, STM32U031K6U6, STM32U031K8U6, STM32U031R6I6, STM32U031R6T6, STM32U031R8I6, STM32U031R8T6, STM32U073C8T6, STM32U073C8U6, STM32U073CBT6, STM32U073CBU6, STM32U073CCT6, STM32U073CCU6, STM32U073H8Y6TR, STM32U073HBY6TR, STM32U073HCY6TR, STM32U073K8U6, STM32U073KBU6, STM32U073KCU6, STM32U073M8I6, STM32U073M8T6, STM32U073MBI6, STM32U073MBT6, STM32U073MCI6, STM32U073MCT6, STM32U073R8I6, STM32U073R8T6, STM32U073RBI6, STM32U073RBT6, STM32U073RCI6, STM32U073RCT6, STM32U083C-DK, STM32U083CCT6, STM32U083CCU6, STM32U083HCY6TR, STM32U083KCU6, STM32U083MCI6, STM32U083MCT6, STM32U083RCI6, STM32U083RCT6, STM32U375CET6, STM32U375CET6Q, STM32U375CEU6, STM32U375CEU6Q, STM32U375CEY6QTR, STM32U375CGT6, STM32U375CGT6Q, STM32U375CGU6, STM32U375CGU6Q, STM32U375CGY6QTR, STM32U375KEU6, STM32U375KGU6, STM32U375REI6, STM32U375REI6Q, STM32U375RET6, STM32U375RET6Q, STM32U375REY6GTR, STM32U375REY6QTR, STM32U375RGI6, STM32U375RGI6Q, STM32U375RGT6, STM32U375RGT6Q, STM32U375RGY6GTR, STM32U375RGY6QTR, STM32U375VEI6, STM32U375VEI6Q, STM32U375VET6, STM32U375VET6Q, STM32U375VGI6, STM32U375VGI6Q, STM32U375VGT6, STM32U375VGT6Q, STM32U385CGT6, STM32U385CGT6Q, STM32U385CGU6, STM32U385CGU6Q, STM32U385CGY6QTR, STM32U385KGU6, STM32U385RGI6, STM32U385RGI6Q, STM32U385RGT6, STM32U385RGT6Q, STM32U385RGY6GTR, STM32U385RGY6QTR, STM32U385VGI6, STM32U385VGI6Q, STM32U385VGT6, STM32U385VGT6Q, STM32U535CBT6, STM32U535CBT6Q, STM32U535CBU6, STM32U535CBU6Q, STM32U535CCT6, STM32U535CCT6Q, STM32U535CCU6, STM32U535CCU6Q, STM32U535CET6, STM32U535CET6Q, STM32U535CEU6, STM32U535CEU6Q, STM32U535JEY6QTR, STM32U535NCY6QTR, STM32U535NEY6QTR, STM32U535RBI6, STM32U535RBI6Q, STM32U535RBT6, STM32U535RBT6Q, STM32U535RCI6, STM32U535RCI6Q, STM32U535RCT6, STM32U535RCT6Q, STM32U535REI6, STM32U535REI6Q, STM32U535RET6, STM32U535RET6Q, STM32U535VCI6, STM32U535VCI6Q, STM32U535VCT6, STM32U535VCT6Q, STM32U535VEI6, STM32U535VEI6Q, STM32U535VET6, STM32U535VET6Q, STM32U545CET6, STM32U545CET6Q, STM32U545CEU6, STM32U545CEU6Q, STM32U545JEY6QTR, STM32U545NEY6QTR, STM32U545REI6, STM32U545REI6Q, STM32U545RET6, STM32U545RET6Q, STM32U545VEI6, STM32U545VEI6Q, STM32U545VET6, STM32U545VET6Q, STM32U595AIH6, STM32U595AIH6Q, STM32U595AJH6, STM32U595AJH6Q, STM32U595QII6, STM32U595QII6Q, STM32U595QJI6, STM32U595QJI6Q, STM32U595RIT6, STM32U595RIT6Q, STM32U595RJT6, STM32U595RJT6Q, STM32U595VIT6, STM32U595VIT6Q, STM32U595VJT6, STM32U595VJT6Q, STM32U595ZIT6, STM32U595ZIT6Q, STM32U595ZIY6QTR, STM32U595ZJT6, STM32U595ZJT6Q, STM32U595ZJY6QTR, STM32U599BJY6QTR, STM32U599NIH6Q, STM32U599NJH6Q, STM32U599VIT6Q, STM32U599VJT6, STM32U599VJT6Q, STM32U599ZIT6Q, STM32U599ZIY6QTR, STM32U599ZJT6Q, STM32U599ZJY6QTR, STM32U5A5AJH6, STM32U5A5AJH6Q, STM32U5A5QII3Q , STM32U5A5QJI6, STM32U5A5QJI6Q, STM32U5A5RJT6, STM32U5A5RJT6Q, STM32U5A5VJT6, STM32U5A5VJT6Q, STM32U5A5ZJT6, STM32U5A5ZJT6Q, STM32U5A5ZJY6QTR, STM32U5A9BJY6QTR, STM32U5A9J-DK, STM32U5A9NJH6Q, STM32U5A9VJT6Q, STM32U5A9ZJT6Q, STM32U5A9ZJY6QTR, STM32U5F7VIT6, STM32U5F7VIT6Q, STM32U5F7VJT6, STM32U5F7VJT6Q, STM32U5F9BJY6QTR, STM32U5F9NJH6Q, STM32U5F9VIT6Q, STM32U5F9VJT6Q, STM32U5F9ZIJ6QTR, STM32U5F9ZIT6Q, STM32U5F9ZJJ6QTR, STM32U5F9ZJT6Q, STM32U5G7VJT6, STM32U5G7VJT6Q, STM32U5G9BJY6QTR, STM32U5G9J-DK1, STM32U5G9J-DK2, STM32U5G9NJH6Q, STM32U5G9VJT6Q, STM32U5G9ZJJ6QTR, STM32U5G9ZJT6Q, STM32WB05KZV6TR, STM32WB05KZV7TR, STM32WB05TZF6TR, STM32WB05TZF7TR, STM32WB06CCF6TR, STM32WB06CCF7TR, STM32WB06CCV6TR, STM32WB06CCV7TR, STM32WB06KCV6TR, STM32WB06KCV7TR, STM32WB07CCF6TR, STM32WB07CCF7TR, STM32WB07CCV6TR, STM32WB07CCV7TR, STM32WB07KCV6TR, STM32WB07KCV7TR, STM32WB09KEV6TR, STM32WB09KEV7TR, STM32WB09TEF6TR, STM32WB09TEF7TR, STM32WB1MMCH6, STM32WBA50KGU6, STM32WBA50KGU6TR, STM32WBA52CEU6, STM32WBA52CEU6TR, STM32WBA52CEU7, STM32WBA52CEU7TR, STM32WBA52CGU6, STM32WBA52CGU6TR, STM32WBA52CGU6U, STM32WBA52CGU7, STM32WBA52CGU7TR, STM32WBA52KEU6, STM32WBA52KEU6TR, STM32WBA52KGU6, STM32WBA52KGU6TR, STM32WBA54CEU6, STM32WBA54CEU6TR, STM32WBA54CEU7, STM32WBA54CEU7TR, STM32WBA54CGU6, STM32WBA54CGU6TR, STM32WBA54CGU7, STM32WBA54CGU7TR, STM32WBA54KEU6, STM32WBA54KEU6TR, STM32WBA54KEU7, STM32WBA54KEU7TR, STM32WBA54KGU6, STM32WBA54KGU6TR, STM32WBA54KGU7, STM32WBA54KGU7TR, STM32WBA55CEU6, STM32WBA55CEU6TR, STM32WBA55CEU7, STM32WBA55CEU7TR, STM32WBA55CGU6, STM32WBA55CGU6TR, STM32WBA55CGU6U, STM32WBA55CGU7, STM32WBA55CGU7TR, STM32WBA55G-DK1, STM32WBA55HEF6, STM32WBA55HEF7, STM32WBA55HGF6, STM32WBA55HGF7, STM32WBA55UEI6, STM32WBA55UEI6TR, STM32WBA55UEI7, STM32WBA55UEI7TR, STM32WBA55UGI6, STM32WBA55UGI6TR, STM32WBA55UGI7, STM32WBA55UGI7TR, STM32WBA5MJGH6TR, STM32WBA62CGU6, STM32WBA62CIU6, STM32WBA62MGF6, STM32WBA62MIF6, STM32WBA62PGI6, STM32WBA62PII6, STM32WBA63CGU6, STM32WBA63CGU7, STM32WBA63CIU6, STM32WBA63CIU7, STM32WBA64CGU6, STM32WBA64CGU7, STM32WBA64CIU6, STM32WBA64CIU7, STM32WBA65CGU6, STM32WBA65CGU7, STM32WBA65CIU6, STM32WBA65CIU7, STM32WBA65I-DK1, STM32WBA65MGF6, STM32WBA65MGF7, STM32WBA65MIF6, STM32WBA65MIF7, STM32WBA65PGI6, STM32WBA65PGI7, STM32WBA65PII6, STM32WBA65PII7, STM32WBA65RGV6, STM32WBA65RGV7, STM32WBA65RIV6, STM32WBA65RIV7, STM32WL30K8V6, STM32WL30KBV6, STM32WL31C8V6, STM32WL31CBV6, STM32WL31K8V6, STM32WL31KBV6, STM32WL33C8V6, STM32WL33C8V6TR, STM32WL33C8V7, STM32WL33C8V7TR, STM32WL33CBV6, STM32WL33CBV6TR, STM32WL33CBV7, STM32WL33CBV7TR, STM32WL33CCV6, STM32WL33CCV6TR, STM32WL33CCV7, STM32WL33CCV7A, STM32WL33CCV7ATR, STM32WL33CCV7TR, STM32WL33K8V6, STM32WL33K8V6TR, STM32WL33K8V7, STM32WL33K8V7TR, STM32WL33KBV6, STM32WL33KBV6TR, STM32WL33KBV7, STM32WL33KBV7TR, STM32WL33KCV6, STM32WL33KCV6TR, STM32WL33KCV7, STM32WL33KCV7TR, STM32WL5MOCH6, STM32WL5MOCH6TR]
2025-06-17 22:27:49,968 [INFO] BoardInfo:889 - No configuration file found for board P-NUCLEO-WB55
2025-06-17 22:27:49,969 [INFO] DbBoards:161 - Kit is not supported: P-NUCLEO-WB55
2025-06-17 22:27:49,974 [INFO] BoardInfo:889 - No configuration file found for board STEVAL-BFA001V1B
2025-06-17 22:27:49,974 [INFO] DbBoards:161 - Kit is not supported: STEVAL-BFA001V1B
2025-06-17 22:27:49,975 [INFO] BoardInfo:889 - No configuration file found for board STEVAL-BFA001V2B
2025-06-17 22:27:49,976 [INFO] DbBoards:161 - Kit is not supported: STEVAL-BFA001V2B
2025-06-17 22:27:50,129 [INFO] DbBoards:168 - Found 211 boards, 208 are supported
2025-06-17 22:27:50,129 [INFO] DbBoards:169 - Found 211 boards, 43 of them is supported for  Bsp
2025-06-17 22:27:50,133 [INFO] ApiDb:668 - CubeFinder database Data Model version=2.1
2025-06-17 22:27:50,133 [INFO] ApiDb:669 - CubeFinder database Configuration version=3.0.39
2025-06-17 22:27:50,133 [INFO] ApiDb:670 - CubeFinder database generation date=2025-05-20 (1747743314)
2025-06-17 22:27:50,133 [INFO] ApiDb:671 - CubeFinder database FW Pack versions=[FP-ATR-ASTRA1_V2.0.0, FP-SNS-FLIGHT1_V5.1.0, FP-SNS-MOTENV1_V5.0.0, FP-SNS-MOTENVWB1_V1.4.0, FP-SNS-SMARTAG2_V1.2.0, FP-SNS-STBOX1_V2.0.0, STM32Cube_FW_C0_V1.4.0, STM32Cube_FW_F4_V1.28.2, STM32Cube_FW_F7_V1.17.3, STM32Cube_FW_G0_V1.6.2, STM32Cube_FW_G4_V1.6.1, STM32Cube_FW_H5_V1.5.0, STM32Cube_FW_H7RS_V1.2.0, STM32Cube_FW_H7_V1.12.1, STM32Cube_FW_L0_V1.12.2, STM32Cube_FW_L4_V1.18.1, STM32Cube_FW_L5_V1.5.1, STM32Cube_FW_N6_V1.1.1, STM32Cube_FW_U0_V1.2.0, STM32Cube_FW_U3_V1.1.0, STM32Cube_FW_U5_V1.7.0, STM32Cube_FW_WB0_V1.2.0, STM32Cube_FW_WBA_V1.6.0, STM32Cube_FW_WB_V1.22.0, STM32Cube_FW_WL3_V1.1.0, STM32Cube_FW_WL_V1.3.1, X-CUBE-ALGOBUILD_V1.4.0, X-CUBE-ALS_V1.0.2, X-CUBE-AZRTOS-F4_V1.1.0, X-CUBE-AZRTOS-F7_V1.1.0, X-CUBE-AZRTOS-G0_V1.1.0, X-CUBE-AZRTOS-G4_V2.0.0, X-CUBE-AZRTOS-H7RS_V1.1.0, X-CUBE-AZRTOS-H7_V3.3.0, X-CUBE-AZRTOS-L4_V2.0.0, X-CUBE-AZRTOS-L5_V2.0.0, X-CUBE-AZRTOS-WB_V2.0.0, X-CUBE-AZRTOS-WL_V2.0.0, X-CUBE-BLE1_V7.1.0, X-CUBE-BLE2_V3.3.0, X-CUBE-BLEMGR_V4.0.0, X-CUBE-EEPRMA1_V5.1.0, X-CUBE-FREERTOS_V1.3.1, X-CUBE-GNSS1_V6.0.0, X-CUBE-MEMS1_V11.2.0, X-CUBE-NFC4_V3.0.0, X-CUBE-NFC7_V2.0.0, X-CUBE-SFXS2LP1_V4.0.0, X-CUBE-SUBG2_V5.0.0, X-CUBE-TOF1_V3.4.3]
2025-06-17 22:27:52,100 [INFO] ApiDb:240 - Found 895 in-development CPN: [B-G473E-ZEST1S, B-WB1M-WPAN1, B-WBA5M-WPAN, B-WL5M-SUBG1, NUCLEO-C031C6, NUCLEO-C051C8, NUCLEO-C071RB, NUCLEO-C092RC, NUCLEO-H503RB, NUCLEO-H533RE, NUCLEO-H563ZI, NUCLEO-H7S3L8, NUCLEO-N657X0-Q, NUCLEO-U031R8, NUCLEO-U083RC, NUCLEO-U385RG-Q, NUCLEO-U545RE-Q, NUCLEO-U5A5ZJ-Q, NUCLEO-WB05KZ, NUCLEO-WB07CC, NUCLEO-WB09KE, NUCLEO-WBA52CG, NUCLEO-WBA55CG, NUCLEO-WBA65RI, NUCLEO-WL33CC1, NUCLEO-WL33CC2, STEVAL-PROTEUS1, STEVAL-SMARTAG2, STEVAL-STWINBX1, STM320518-EVAL, STM32C0116-DK, STM32C011D6Y3TR, STM32C011D6Y6TR, STM32C011F4P3, STM32C011F4P6, STM32C011F4U3, STM32C011F4U6TR, STM32C011F6P3, STM32C011F6P6, STM32C011F6U3, STM32C011F6U6TR, STM32C011J4M3, STM32C011J4M6, STM32C011J6M3, STM32C011J6M6, STM32C0316-DK, STM32C031C4T3, STM32C031C4T6, STM32C031C4U3, STM32C031C4U6, STM32C031C6T3, STM32C031C6T6, STM32C031C6U3, STM32C031C6U6, STM32C031F4P3, STM32C031F4P6, STM32C031F6P3, STM32C031F6P6, STM32C031G4U3, STM32C031G4U6, STM32C031G6U3, STM32C031G6U6, STM32C031K4T3, STM32C031K4T6, STM32C031K4U3, STM32C031K4U6, STM32C031K6T3, STM32C031K6T6, STM32C031K6U3, STM32C031K6U6, STM32C051C6T6, STM32C051C6U6, STM32C051C8T6, STM32C051C8U6, STM32C051D8Y6TR, STM32C051F6P6, STM32C051F8P6, STM32C051G6U6, STM32C051G8U6, STM32C051K6T6, STM32C051K6U6, STM32C051K8T6, STM32C071C8T6, STM32C071C8T6N, STM32C071C8U6, STM32C071C8U6N, STM32C071CBT6, STM32C071CBT6N, STM32C071CBU6, STM32C071CBU6N, STM32C071F8P6, STM32C071F8P6N, STM32C071FBP6, STM32C071FBP6N, STM32C071FBY6TR, STM32C071G8U6, STM32C071G8U6N, STM32C071GBU6, STM32C071GBU6N, STM32C071K8T6, STM32C071K8T6N, STM32C071K8U6, STM32C071K8U6N, STM32C071KBT6, STM32C071KBT6N, STM32C071KBU6, STM32C071KBU6N, STM32C071R8T6, STM32C071R8T6N, STM32C071RBI6N, STM32C071RBT6, STM32C071RBT6N, STM32C091CBT6, STM32C091CBU6, STM32C091CCT6, STM32C091CCU6, STM32C091ECY6TR, STM32C091FBP6, STM32C091FCP6, STM32C091GBU6, STM32C091GCU6, STM32C091KBT6, STM32C091KBU6, STM32C091KCT6, STM32C091KCU6, STM32C091RBT6, STM32C091RCI6, STM32C091RCT6, STM32C092CBT6, STM32C092CBU6, STM32C092CCT6, STM32C092CCU6, STM32C092ECY6TR, STM32C092FBP6, STM32C092FCP6, STM32C092GBU6, STM32C092GCU6, STM32C092KBT6, STM32C092KBU6, STM32C092KCT6, STM32C092KCU6, STM32C092RBT6, STM32C092RCI6, STM32C092RCT6, STM32G071K8TXN, STM32G071K8UXN, STM32G081GBU6N, STM32G081KBT6N, STM32G081KBUXN, STM32G0B1CCT6N, STM32G0B1KCT6, STM32G0B1NEY6TR, STM32G0B1RCT6N, STM32G0C1CCT6, STM32G0C1CCT6N, STM32G0C1CCU6N, STM32G0C1CET6N, STM32G0C1CEU6N, STM32G0C1KCT6, STM32G0C1NEY6TR, STM32G0C1RCI6N, STM32G0C1RCT6N, STM32G0C1REI6N, STM32G0C1RET6N, STM32G0C1VCI6, STM32G0C1VEI6, STM32G411C6T3, STM32G411C6T6, STM32G411C6U3, STM32G411C6U6, STM32G411C8T3, STM32G411C8T6, STM32G411C8U3, STM32G411C8U6, STM32G411CBT3, STM32G411CBT6, STM32G411CBU3, STM32G411CBU6, STM32G411CCT3, STM32G411CCT6, STM32G411CCU3, STM32G411CCU6, STM32G411K6T3, STM32G411K6T6, STM32G411K6U3, STM32G411K6U6, STM32G411K8T3, STM32G411K8T6, STM32G411K8U3, STM32G411K8U6, STM32G411KBT3, STM32G411KBT6, STM32G411KBU3, STM32G411KBU6, STM32G411M6T3, STM32G411M6T6, STM32G411M8T3, STM32G411M8T6, STM32G411MBT3, STM32G411MBT6, STM32G411MCT3, STM32G411MCT6, STM32G411R6T3, STM32G411R6T6, STM32G411R8T3, STM32G411R8T6, STM32G411RBT3, STM32G411RBT6, STM32G411RCT3, STM32G411RCT6, STM32G414CBT3, STM32G414CBT6, STM32G414CBU3, STM32G414CBU6, STM32G414CCT3, STM32G414CCT6, STM32G414CCU3, STM32G414CCU6, STM32G414MBT3, STM32G414MBT6, STM32G414MCT3, STM32G414MCT6, STM32G414RBT3, STM32G414RBT6, STM32G414RCT3, STM32G414RCT6, STM32G414VBT3, STM32G414VBT6, STM32G414VCT3, STM32G414VCT6, STM32G431CBT3Z, STM32G431RBT3Z, STM32G471CCT6, STM32G471CCU6, STM32G471CET3, STM32G471CET6, STM32G471CEU3, STM32G471CEU6, STM32G471MCT6, STM32G471MET3, STM32G471MET6, STM32G471MEY6TR, STM32G471QCT6, STM32G471QET3, STM32G471RCT6, STM32G471RET3, STM32G471RET6, STM32G471VCH6, STM32G471VCI6, STM32G471VCT6, STM32G471VEH3, STM32G471VEH6, STM32G471VEI3, STM32G471VEI6, STM32G471VET3, STM32G471VET6, STM32G473QET3Z, STM32G473RET3Z, STM32G474CCT6, STM32G491RET3Z, STM32H503CBT6, STM32H503CBU6, STM32H503EBY6TR, STM32H503KBU6, STM32H503RBT6, STM32H523CCT6, STM32H523CCU6, STM32H523CET6, STM32H523CEU6, STM32H523HEY6TR, STM32H523RCT6, STM32H523RET6, STM32H523VCI6, STM32H523VCT6, STM32H523VEI6, STM32H523VET6, STM32H523ZCJ6, STM32H523ZCT6, STM32H523ZEJ6, STM32H523ZET6, STM32H533CET6, STM32H533CEU6, STM32H533HEY6TR, STM32H533RET6, STM32H533VEI6, STM32H533VET6, STM32H533ZEJ6, STM32H533ZET6, STM32H562AGI6, STM32H562AII6, STM32H562IGK6, STM32H562IGT6, STM32H562IIK6, STM32H562IIT6, STM32H562RGT6, STM32H562RGV6, STM32H562RIT6, STM32H562RIV6, STM32H562VGT6, STM32H562VIT6, STM32H562ZGT6, STM32H562ZIT6, STM32H563AGI6, STM32H563AII3Q, STM32H563AII6, STM32H563IGK6, STM32H563IGT6, STM32H563IIK3Q, STM32H563IIK6, STM32H563IIT3Q, STM32H563IIT6, STM32H563MIY3QTR, STM32H563RGT6, STM32H563RGV6, STM32H563RIT6, STM32H563RIV6, STM32H563VGT6, STM32H563VIT3Q, STM32H563VIT6, STM32H563ZGT6, STM32H563ZIT3Q, STM32H563ZIT6, STM32H573AII3Q, STM32H573AII6, STM32H573I-DK, STM32H573IIK3Q, STM32H573IIK6, STM32H573IIT3Q, STM32H573IIT6, STM32H573MIY3QTR, STM32H573RIT6, STM32H573RIV6, STM32H573VIT3Q, STM32H573VIT6, STM32H573ZIT3Q, STM32H573ZIT6, STM32H7R3A8I6, STM32H7R3I8K6, STM32H7R3I8T6, STM32H7R3L8H6, STM32H7R3L8H6H, STM32H7R3R8V6, STM32H7R3V8H6, STM32H7R3V8T6, STM32H7R3V8Y6TR, STM32H7R3Z8J6, STM32H7R3Z8T6, STM32H7R7A8I6, STM32H7R7I8K6, STM32H7R7I8T6, STM32H7R7L8H6, STM32H7R7L8H6H, STM32H7R7Z8J6, STM32H7S3A8I6, STM32H7S3I8K6, STM32H7S3I8T6, STM32H7S3L8H6, STM32H7S3L8H6H, STM32H7S3R8V6, STM32H7S3V8H6, STM32H7S3V8T6, STM32H7S3V8Y6TR, STM32H7S3Z8J6, STM32H7S3Z8T6, STM32H7S78-DK, STM32H7S7A8I6, STM32H7S7I8K6, STM32H7S7I8T6, STM32H7S7L8H6, STM32H7S7L8H6H, STM32H7S7Z8J6, STM32L4R5QGI6STR, STM32MP131AAE3, STM32MP131AAF3, STM32MP131AAG3, STM32MP131CAE3, STM32MP131CAF3, STM32MP131CAG3, STM32MP131DAE7, STM32MP131DAF7, STM32MP131DAG7, STM32MP131FAE7, STM32MP131FAF7, STM32MP131FAG7, STM32MP133AAE3, STM32MP133AAF3, STM32MP133AAG3, STM32MP133CAE3, STM32MP133CAF3, STM32MP133CAG3, STM32MP133DAE7, STM32MP133DAF7, STM32MP133DAG7, STM32MP133FAE7, STM32MP133FAF7, STM32MP133FAG7, STM32MP135AAE3, STM32MP135AAF3, STM32MP135AAG3, STM32MP135CAE3, STM32MP135CAF3, STM32MP135CAG3, STM32MP135DAE7, STM32MP135DAF7, STM32MP135DAG7, STM32MP135F-DK, STM32MP135FAE7, STM32MP135FAF7, STM32MP135FAF7T, STM32MP135FAF7U, STM32MP135FAG7, STM32MP231AAJ3, STM32MP231AAK3, STM32MP231AAL3, STM32MP231CAJ3, STM32MP231CAK3, STM32MP231CAL3, STM32MP231DAJ3, STM32MP231DAK3, STM32MP231DAL3, STM32MP231FAJ3, STM32MP231FAK3, STM32MP231FAL3, STM32MP233AAJ3, STM32MP233AAK3, STM32MP233AAL3, STM32MP233CAJ3, STM32MP233CAK3, STM32MP233CAL3, STM32MP233DAJ3, STM32MP233DAK3, STM32MP233DAL3, STM32MP233FAJ3, STM32MP233FAK3, STM32MP233FAL3, STM32MP235AAJ3, STM32MP235AAK3, STM32MP235AAL3, STM32MP235CAJ3, STM32MP235CAK3, STM32MP235CAL3, STM32MP235DAJ3, STM32MP235DAK3, STM32MP235DAL3, STM32MP235FAJ3, STM32MP235FAK3, STM32MP235FAL3, STM32MP251AAI3, STM32MP251AAJ3, STM32MP251AAK3, STM32MP251AAL3, STM32MP251CAI3, STM32MP251CAJ3, STM32MP251CAK3, STM32MP251CAL3, STM32MP251DAI3, STM32MP251DAJ3, STM32MP251DAK3, STM32MP251DAL3, STM32MP251FAI3, STM32MP251FAJ3, STM32MP251FAK3, STM32MP251FAL3, STM32MP253AAI3, STM32MP253AAJ3, STM32MP253AAK3, STM32MP253AAL3, STM32MP253CAI3, STM32MP253CAJ3, STM32MP253CAK3, STM32MP253CAL3, STM32MP253DAI3, STM32MP253DAJ3, STM32MP253DAK3, STM32MP253DAL3, STM32MP253FAI3, STM32MP253FAJ3, STM32MP253FAK3, STM32MP253FAL3, STM32MP255AAI3, STM32MP255AAJ3, STM32MP255AAK3, STM32MP255AAL3, STM32MP255CAI3, STM32MP255CAJ3, STM32MP255CAK3, STM32MP255CAL3, STM32MP255DAI3, STM32MP255DAJ3, STM32MP255DAK3, STM32MP255DAL3, STM32MP255FAI3, STM32MP255FAJ3, STM32MP255FAK3, STM32MP255FAL3, STM32MP257AAI3, STM32MP257AAJ3, STM32MP257AAK3, STM32MP257AAL3, STM32MP257CAI3, STM32MP257CAJ3, STM32MP257CAK3, STM32MP257CAL3, STM32MP257DAI3, STM32MP257DAJ3, STM32MP257DAK3, STM32MP257DAL3, STM32MP257F-DK, STM32MP257F-EV1, STM32MP257FAI3, STM32MP257FAJ3, STM32MP257FAK3, STM32MP257FAL3, STM32N645A0H3Q, STM32N645B0H3Q, STM32N645I0H3Q, STM32N645L0H3Q, STM32N645X0H3Q, STM32N645Z0H3Q, STM32N647A0H3Q, STM32N647B0H3Q, STM32N647I0H3Q, STM32N647L0H3Q, STM32N647X0H3Q, STM32N647Z0H3Q, STM32N655A0H3Q, STM32N655B0H3Q, STM32N655I0H3Q, STM32N655L0H3Q, STM32N655X0H3Q, STM32N655Z0H3Q, STM32N6570-DK, STM32N657A0H3Q, STM32N657B0H3Q, STM32N657I0H3Q, STM32N657L0H3Q, STM32N657X0H3Q, STM32N657Z0H3Q, STM32U031C6T6, STM32U031C6U6, STM32U031C8T6, STM32U031C8U6, STM32U031F4P6, STM32U031F6P6, STM32U031F8P6, STM32U031G6Y6TR, STM32U031G8Y6TR, STM32U031K4U6, STM32U031K6U6, STM32U031K8U6, STM32U031R6I6, STM32U031R6T6, STM32U031R8I6, STM32U031R8T6, STM32U073C8T6, STM32U073C8U6, STM32U073CBT6, STM32U073CBU6, STM32U073CCT6, STM32U073CCU6, STM32U073H8Y6TR, STM32U073HBY6TR, STM32U073HCY6TR, STM32U073K8U6, STM32U073KBU6, STM32U073KCU6, STM32U073M8I6, STM32U073M8T6, STM32U073MBI6, STM32U073MBT6, STM32U073MCI6, STM32U073MCT6, STM32U073R8I6, STM32U073R8T6, STM32U073RBI6, STM32U073RBT6, STM32U073RCI6, STM32U073RCT6, STM32U083C-DK, STM32U083CCT6, STM32U083CCU6, STM32U083HCY6TR, STM32U083KCU6, STM32U083MCI6, STM32U083MCT6, STM32U083RCI6, STM32U083RCT6, STM32U375CET6, STM32U375CET6Q, STM32U375CEU6, STM32U375CEU6Q, STM32U375CEY6QTR, STM32U375CGT6, STM32U375CGT6Q, STM32U375CGU6, STM32U375CGU6Q, STM32U375CGY6QTR, STM32U375KEU6, STM32U375KGU6, STM32U375REI6, STM32U375REI6Q, STM32U375RET6, STM32U375RET6Q, STM32U375REY6GTR, STM32U375REY6QTR, STM32U375RGI6, STM32U375RGI6Q, STM32U375RGT6, STM32U375RGT6Q, STM32U375RGY6GTR, STM32U375RGY6QTR, STM32U375VEI6, STM32U375VEI6Q, STM32U375VET6, STM32U375VET6Q, STM32U375VGI6, STM32U375VGI6Q, STM32U375VGT6, STM32U375VGT6Q, STM32U385CGT6, STM32U385CGT6Q, STM32U385CGU6, STM32U385CGU6Q, STM32U385CGY6QTR, STM32U385KGU6, STM32U385RGI6, STM32U385RGI6Q, STM32U385RGT6, STM32U385RGT6Q, STM32U385RGY6GTR, STM32U385RGY6QTR, STM32U385VGI6, STM32U385VGI6Q, STM32U385VGT6, STM32U385VGT6Q, STM32U535CBT6, STM32U535CBT6Q, STM32U535CBU6, STM32U535CBU6Q, STM32U535CCT6, STM32U535CCT6Q, STM32U535CCU6, STM32U535CCU6Q, STM32U535CET6, STM32U535CET6Q, STM32U535CEU6, STM32U535CEU6Q, STM32U535JEY6QTR, STM32U535NCY6QTR, STM32U535NEY6QTR, STM32U535RBI6, STM32U535RBI6Q, STM32U535RBT6, STM32U535RBT6Q, STM32U535RCI6, STM32U535RCI6Q, STM32U535RCT6, STM32U535RCT6Q, STM32U535REI6, STM32U535REI6Q, STM32U535RET6, STM32U535RET6Q, STM32U535VCI6, STM32U535VCI6Q, STM32U535VCT6, STM32U535VCT6Q, STM32U535VEI6, STM32U535VEI6Q, STM32U535VET6, STM32U535VET6Q, STM32U545CET6, STM32U545CET6Q, STM32U545CEU6, STM32U545CEU6Q, STM32U545JEY6QTR, STM32U545NEY6QTR, STM32U545REI6, STM32U545REI6Q, STM32U545RET6, STM32U545RET6Q, STM32U545VEI6, STM32U545VEI6Q, STM32U545VET6, STM32U545VET6Q, STM32U595AIH6, STM32U595AIH6Q, STM32U595AJH6, STM32U595AJH6Q, STM32U595QII6, STM32U595QII6Q, STM32U595QJI6, STM32U595QJI6Q, STM32U595RIT6, STM32U595RIT6Q, STM32U595RJT6, STM32U595RJT6Q, STM32U595VIT6, STM32U595VIT6Q, STM32U595VJT6, STM32U595VJT6Q, STM32U595ZIT6, STM32U595ZIT6Q, STM32U595ZIY6QTR, STM32U595ZJT6, STM32U595ZJT6Q, STM32U595ZJY6QTR, STM32U599BJY6QTR, STM32U599NIH6Q, STM32U599NJH6Q, STM32U599VIT6Q, STM32U599VJT6, STM32U599VJT6Q, STM32U599ZIT6Q, STM32U599ZIY6QTR, STM32U599ZJT6Q, STM32U599ZJY6QTR, STM32U5A5AJH6, STM32U5A5AJH6Q, STM32U5A5QII3Q , STM32U5A5QJI6, STM32U5A5QJI6Q, STM32U5A5RJT6, STM32U5A5RJT6Q, STM32U5A5VJT6, STM32U5A5VJT6Q, STM32U5A5ZJT6, STM32U5A5ZJT6Q, STM32U5A5ZJY6QTR, STM32U5A9BJY6QTR, STM32U5A9J-DK, STM32U5A9NJH6Q, STM32U5A9VJT6Q, STM32U5A9ZJT6Q, STM32U5A9ZJY6QTR, STM32U5F7VIT6, STM32U5F7VIT6Q, STM32U5F7VJT6, STM32U5F7VJT6Q, STM32U5F9BJY6QTR, STM32U5F9NJH6Q, STM32U5F9VIT6Q, STM32U5F9VJT6Q, STM32U5F9ZIJ6QTR, STM32U5F9ZIT6Q, STM32U5F9ZJJ6QTR, STM32U5F9ZJT6Q, STM32U5G7VJT6, STM32U5G7VJT6Q, STM32U5G9BJY6QTR, STM32U5G9J-DK1, STM32U5G9J-DK2, STM32U5G9NJH6Q, STM32U5G9VJT6Q, STM32U5G9ZJJ6QTR, STM32U5G9ZJT6Q, STM32WB05KZV6TR, STM32WB05KZV7TR, STM32WB05TZF6TR, STM32WB05TZF7TR, STM32WB06CCF6TR, STM32WB06CCF7TR, STM32WB06CCV6TR, STM32WB06CCV7TR, STM32WB06KCV6TR, STM32WB06KCV7TR, STM32WB07CCF6TR, STM32WB07CCF7TR, STM32WB07CCV6TR, STM32WB07CCV7TR, STM32WB07KCV6TR, STM32WB07KCV7TR, STM32WB09KEV6TR, STM32WB09KEV7TR, STM32WB09TEF6TR, STM32WB09TEF7TR, STM32WB1MMCH6, STM32WBA50KGU6, STM32WBA50KGU6TR, STM32WBA52CEU6, STM32WBA52CEU6TR, STM32WBA52CEU7, STM32WBA52CEU7TR, STM32WBA52CGU6, STM32WBA52CGU6TR, STM32WBA52CGU6U, STM32WBA52CGU7, STM32WBA52CGU7TR, STM32WBA52KEU6, STM32WBA52KEU6TR, STM32WBA52KGU6, STM32WBA52KGU6TR, STM32WBA54CEU6, STM32WBA54CEU6TR, STM32WBA54CEU7, STM32WBA54CEU7TR, STM32WBA54CGU6, STM32WBA54CGU6TR, STM32WBA54CGU7, STM32WBA54CGU7TR, STM32WBA54KEU6, STM32WBA54KEU6TR, STM32WBA54KEU7, STM32WBA54KEU7TR, STM32WBA54KGU6, STM32WBA54KGU6TR, STM32WBA54KGU7, STM32WBA54KGU7TR, STM32WBA55CEU6, STM32WBA55CEU6TR, STM32WBA55CEU7, STM32WBA55CEU7TR, STM32WBA55CGU6, STM32WBA55CGU6TR, STM32WBA55CGU6U, STM32WBA55CGU7, STM32WBA55CGU7TR, STM32WBA55G-DK1, STM32WBA55HEF6, STM32WBA55HEF7, STM32WBA55HGF6, STM32WBA55HGF7, STM32WBA55UEI6, STM32WBA55UEI6TR, STM32WBA55UEI7, STM32WBA55UEI7TR, STM32WBA55UGI6, STM32WBA55UGI6TR, STM32WBA55UGI7, STM32WBA55UGI7TR, STM32WBA5MJGH6TR, STM32WBA62CGU6, STM32WBA62CIU6, STM32WBA62MGF6, STM32WBA62MIF6, STM32WBA62PGI6, STM32WBA62PII6, STM32WBA63CGU6, STM32WBA63CGU7, STM32WBA63CIU6, STM32WBA63CIU7, STM32WBA64CGU6, STM32WBA64CGU7, STM32WBA64CIU6, STM32WBA64CIU7, STM32WBA65CGU6, STM32WBA65CGU7, STM32WBA65CIU6, STM32WBA65CIU7, STM32WBA65I-DK1, STM32WBA65MGF6, STM32WBA65MGF7, STM32WBA65MIF6, STM32WBA65MIF7, STM32WBA65PGI6, STM32WBA65PGI7, STM32WBA65PII6, STM32WBA65PII7, STM32WBA65RGV6, STM32WBA65RGV7, STM32WBA65RIV6, STM32WBA65RIV7, STM32WL30K8V6, STM32WL30KBV6, STM32WL31C8V6, STM32WL31CBV6, STM32WL31K8V6, STM32WL31KBV6, STM32WL33C8V6, STM32WL33C8V6TR, STM32WL33C8V7, STM32WL33C8V7TR, STM32WL33CBV6, STM32WL33CBV6TR, STM32WL33CBV7, STM32WL33CBV7TR, STM32WL33CCV6, STM32WL33CCV6TR, STM32WL33CCV7, STM32WL33CCV7A, STM32WL33CCV7ATR, STM32WL33CCV7TR, STM32WL33K8V6, STM32WL33K8V6TR, STM32WL33K8V7, STM32WL33K8V7TR, STM32WL33KBV6, STM32WL33KBV6TR, STM32WL33KBV7, STM32WL33KBV7TR, STM32WL33KCV6, STM32WL33KCV6TR, STM32WL33KCV7, STM32WL33KCV7TR, STM32WL5MOCH6, STM32WL5MOCH6TR]
2025-06-17 22:27:52,105 [INFO] DbMcus:218 - Found 4686 MCUs, 4686 are supported
2025-06-17 22:27:52,105 [INFO] ApiDb:423 - Load user favorites file /Users/garagebox/.stm32cubeide/favorites.mcus.txt: 0 item(s)
2025-06-17 22:27:52,105 [INFO] ApiDb:427 - User favorites MCUs=[]
2025-06-17 22:27:52,105 [INFO] DbMcus:224 - Set 0 / 0 favorites MCUs
2025-06-17 22:27:52,467 [INFO] ApiDb:423 - Load user favorites file /Users/garagebox/.stm32cubeide/favorites.boards.txt: 0 item(s)
2025-06-17 22:27:52,468 [INFO] ApiDb:427 - User favorites Boards=[]
2025-06-17 22:27:52,468 [INFO] DbBoards:198 - Set 0 / 0 favorites Boards
2025-06-17 22:27:52,468 [INFO] McuFinderGlobals:76 - Set McuFinderConnectedMode to true
2025-06-17 22:27:52,474 [INFO] MultiScanPanel:200 - Auto-refresh data requested => check proxy status ongoing
2025-06-17 22:27:52,476 [INFO] FinderPluginLoader:95 - Searching for filters in installed packs
2025-06-17 22:27:53,643 [INFO] LoadUrlFilesThread:185 - End of LoadServerUrlFiles without Thread
2025-06-17 22:27:53,669 [INFO] DetailPanel:341 - Set advertising image to /Users/garagebox/STM32Cube/Repository//en.summit-h1-25-promotion.jpg
2025-06-17 22:28:04,701 [INFO] McuFinderGlobals:76 - Set McuFinderConnectedMode to true
2025-06-17 22:28:04,947 [INFO] ApiDb:448 - Save user favorites file /Users/garagebox/.stm32cubeide/favorites.mcus.txt: 0 item(s)
2025-06-17 22:28:04,947 [INFO] ApiDb:452 - User favorites MCUs=[]
2025-06-17 22:29:16,294 [INFO] Activator:176 - 


2025-06-17 22:29:16,296 [INFO] Activator:177 - !SESSION log4j initialized
2025-06-17 22:29:17,185 [INFO] LogOutputStream:77 - [STDOUT_REDIRECT] 
2025-06-17 22:29:17,766 [ERROR] LogOutputStream:75 - [STDERR_REDIRECT] 
2025-06-17 22:29:19,687 [INFO] LogOutputStream:77 - [STDOUT_REDIRECT] 
2025-06-17 22:29:21,557 [INFO] ApplicationProperties:184 - Using Application install path: /Applications/STM32CubeIDE.app/Contents/Eclipse/plugins/com.st.stm32cube.common.mx_6.14.1.202504091515
2025-06-17 22:29:21,570 [INFO] DbMcusXml:78 - Set database path to: /Applications/STM32CubeIDE.app/Contents/Eclipse/plugins/com.st.stm32cube.common.mx_6.14.1.202504091515//db//mcu/
2025-06-17 22:29:21,570 [INFO] ApiDb:274 - Set plugin database path to: /Applications/STM32CubeIDE.app/Contents/Eclipse/plugins/com.st.stm32cube.common.mx_6.14.1.202504091515//db//plugins/boardmanager/
2025-06-17 22:29:21,570 [WARN] ApiDb:259 - Overriding images path with different value:  => /Applications/STM32CubeIDE.app/Contents/Eclipse/plugins/com.st.stm32cube.common.mx_6.14.1.202504091515//db//plugins/mcufinder/images/
2025-06-17 22:29:21,573 [INFO] ApiDb:250 - Set database path to: /Users/garagebox/.stmcufinder/plugins/mcufinder//mcu/
2025-06-17 22:29:21,574 [INFO] DbMcusAds:125 - Set database path to: /Users/garagebox/.stmcufinder/plugins/mcufinder//mcu/
2025-06-17 22:29:21,576 [INFO] CrossReferenceDbSqlite:203 - Set database path to: /Users/garagebox/.stmcufinder/plugins/mcufinder//mcu/cs/
2025-06-17 22:29:21,670 [INFO] RulesReader:64 - Compatibility file has been processed (302 Rules)
2025-06-17 22:29:21,723 [INFO] DbMcusXml:78 - Set database path to: /Applications/STM32CubeIDE.app/Contents/Eclipse/plugins/com.st.stm32cube.common.mx_6.14.1.202504091515//db//mcu/
2025-06-17 22:29:21,723 [INFO] ApiDb:274 - Set plugin database path to: /Applications/STM32CubeIDE.app/Contents/Eclipse/plugins/com.st.stm32cube.common.mx_6.14.1.202504091515//db//plugins/boardmanager/
2025-06-17 22:29:21,723 [INFO] ApiDb:261 - Set plugin images path to: /Applications/STM32CubeIDE.app/Contents/Eclipse/plugins/com.st.stm32cube.common.mx_6.14.1.202504091515//db//plugins/mcufinder/images/
2025-06-17 22:29:21,723 [WARN] DbFile:41 - Overriding database path with different value: /Users/garagebox/.stmcufinder/plugins/mcufinder/ => /Users/garagebox/.stmcufinder/plugins/mcufinder
2025-06-17 22:29:21,723 [INFO] ApiDb:250 - Set database path to: /Users/garagebox/.stmcufinder/plugins/mcufinder//mcu/
2025-06-17 22:29:21,724 [WARN] DbFile:41 - Overriding database path with different value: /Users/garagebox/.stmcufinder/plugins/mcufinder/ => /Users/garagebox/.stmcufinder/plugins/mcufinder
2025-06-17 22:29:21,724 [INFO] DbMcusAds:125 - Set database path to: /Users/garagebox/.stmcufinder/plugins/mcufinder//mcu/
2025-06-17 22:29:21,724 [WARN] DbFile:41 - Overriding database path with different value: /Users/garagebox/.stmcufinder/plugins/mcufinder/ => /Users/garagebox/.stmcufinder/plugins/mcufinder
2025-06-17 22:29:21,724 [WARN] DbFile:41 - Overriding database path with different value: /Users/garagebox/.stmcufinder/plugins/mcufinder/ => /Users/garagebox/.stmcufinder/plugins/mcufinder
2025-06-17 22:29:21,724 [INFO] CrossReferenceDbSqlite:203 - Set database path to: /Users/garagebox/.stmcufinder/plugins/mcufinder//mcu/cs/
2025-06-17 22:29:21,766 [INFO] MainPanel:272 - HeapMemory: 268435456
2025-06-17 22:29:21,968 [INFO] DbMcusXml:78 - Set database path to: /Applications/STM32CubeIDE.app/Contents/Eclipse/plugins/com.st.stm32cube.common.mx_6.14.1.202504091515//db//mcu/
2025-06-17 22:29:21,968 [INFO] ApiDb:274 - Set plugin database path to: /Applications/STM32CubeIDE.app/Contents/Eclipse/plugins/com.st.stm32cube.common.mx_6.14.1.202504091515//db//plugins/boardmanager/
2025-06-17 22:29:21,968 [INFO] ApiDb:261 - Set plugin images path to: /Applications/STM32CubeIDE.app/Contents/Eclipse/plugins/com.st.stm32cube.common.mx_6.14.1.202504091515//db//plugins/mcufinder/images/
2025-06-17 22:29:21,969 [WARN] DbFile:41 - Overriding database path with different value: /Users/garagebox/.stmcufinder/plugins/mcufinder/ => /Users/garagebox/.stmcufinder/plugins/mcufinder
2025-06-17 22:29:21,969 [INFO] ApiDb:250 - Set database path to: /Users/garagebox/.stmcufinder/plugins/mcufinder//mcu/
2025-06-17 22:29:21,969 [WARN] DbFile:41 - Overriding database path with different value: /Users/garagebox/.stmcufinder/plugins/mcufinder/ => /Users/garagebox/.stmcufinder/plugins/mcufinder
2025-06-17 22:29:21,969 [INFO] DbMcusAds:125 - Set database path to: /Users/garagebox/.stmcufinder/plugins/mcufinder//mcu/
2025-06-17 22:29:21,969 [WARN] DbFile:41 - Overriding database path with different value: /Users/garagebox/.stmcufinder/plugins/mcufinder/ => /Users/garagebox/.stmcufinder/plugins/mcufinder
2025-06-17 22:29:21,969 [WARN] DbFile:41 - Overriding database path with different value: /Users/garagebox/.stmcufinder/plugins/mcufinder/ => /Users/garagebox/.stmcufinder/plugins/mcufinder
2025-06-17 22:29:21,969 [INFO] CrossReferenceDbSqlite:203 - Set database path to: /Users/garagebox/.stmcufinder/plugins/mcufinder//mcu/cs/
2025-06-17 22:29:21,979 [INFO] ApplicationProperties:184 - Using Application install path: /Applications/STM32CubeIDE.app/Contents/Eclipse/plugins/com.st.stm32cube.common.mx_6.14.1.202504091515
2025-06-17 22:29:21,980 [INFO] PluginManage:196 - Search for loadable plugins [exclusion list=, ]
2025-06-17 22:29:21,981 [INFO] PluginManage:310 - Check plugin analytics
2025-06-17 22:29:22,119 [INFO] AnalyticsPlugin:253 - Accepted Software Licenses: 
2025-06-17 22:29:22,119 [INFO] AnalyticsPlugin:255 - Accepted CMSIS Pack Licenses: 
2025-06-17 22:29:22,120 [INFO] AnalyticsPlugin:257 - Accepted Firmware Licenses: FW.L4.1.18.0
2025-06-17 22:29:22,123 [INFO] PluginManage:359 - Loaded plugin analytics (category:tool,tabindex:-1)
2025-06-17 22:29:22,123 [INFO] PluginManage:310 - Check plugin cadmodel
2025-06-17 22:29:22,126 [INFO] CADModel:105 - Init CAD model plugin
2025-06-17 22:29:22,126 [INFO] PluginManage:359 - Loaded plugin cadmodel (category:power,tabindex:5)
2025-06-17 22:29:22,126 [INFO] PluginManage:310 - Check plugin clock
2025-06-17 22:29:22,133 [INFO] PluginManage:359 - Loaded plugin clock (category:base,tabindex:2)
2025-06-17 22:29:22,134 [INFO] PluginManage:310 - Check plugin ddr
2025-06-17 22:29:22,135 [INFO] PluginManage:359 - Loaded plugin ddr (category:tool,tabindex:6)
2025-06-17 22:29:22,135 [INFO] PluginManage:310 - Check plugin filemanager
2025-06-17 22:29:22,263 [INFO] PluginManage:359 - Loaded plugin filemanager (category:base,tabindex:10)
2025-06-17 22:29:22,263 [INFO] PluginManage:310 - Check plugin ipmanager
2025-06-17 22:29:22,268 [INFO] PluginManage:359 - Loaded plugin ipmanager (category:base,tabindex:5)
2025-06-17 22:29:22,268 [INFO] PluginManage:310 - Check plugin lpbam
2025-06-17 22:29:22,275 [INFO] PluginManage:359 - Loaded plugin lpbam (category:base,tabindex:0)
2025-06-17 22:29:22,275 [INFO] PluginManage:310 - Check plugin memorymap
2025-06-17 22:29:22,283 [INFO] PluginManage:359 - Loaded plugin memorymap (category:base,tabindex:4)
2025-06-17 22:29:22,283 [INFO] PluginManage:310 - Check plugin pinoutandconfiguration
2025-06-17 22:29:22,289 [INFO] PluginManage:359 - Loaded plugin pinoutandconfiguration (category:base,tabindex:1)
2025-06-17 22:29:22,289 [INFO] PluginManage:310 - Check plugin pinoutconfig
2025-06-17 22:29:22,358 [WARN] SupportedApi:132 - Cannot load RTOS API schema: s4s-elt-must-match.1: The content of 'definitions' must match (annotation?, (simpleType | complexType)?, (unique | key | keyref)*)). A problem was found starting at: attribute.
2025-06-17 22:29:22,503 [INFO] PluginManage:359 - Loaded plugin pinoutconfig (category:base,tabindex:0)
2025-06-17 22:29:22,503 [INFO] PluginManage:310 - Check plugin power
2025-06-17 22:29:22,509 [INFO] PluginManage:359 - Loaded plugin power (category:power,tabindex:4)
2025-06-17 22:29:22,509 [INFO] PluginManage:310 - Check plugin projectmanager
2025-06-17 22:29:22,522 [INFO] PluginManage:359 - Loaded plugin projectmanager (category:projectmanager,tabindex:4)
2025-06-17 22:29:22,522 [INFO] PluginManage:310 - Check plugin rif
2025-06-17 22:29:22,526 [INFO] PluginManage:359 - Loaded plugin rif (category:base,tabindex:3)
2025-06-17 22:29:22,526 [INFO] PluginManage:310 - Check plugin thirdparty
2025-06-17 22:29:22,632 [WARN] IntegrityCheckThread:84 - waiting for thirdparty lock release [integrity check]
2025-06-17 22:29:22,632 [INFO] PluginManage:359 - Loaded plugin thirdparty (category:base,tabindex:-1)
2025-06-17 22:29:22,633 [INFO] IntegrityCheckThread:86 - entering critical section [integrity check]
2025-06-17 22:29:22,633 [INFO] PluginManage:310 - Check plugin tools
2025-06-17 22:29:22,633 [INFO] ThirdPartyUpdaterWithRetryManager:70 - Updater plugin not ready yet. [1/15]
2025-06-17 22:29:22,635 [INFO] PluginManage:359 - Loaded plugin tools (category:base,tabindex:7)
2025-06-17 22:29:22,635 [INFO] PluginManage:310 - Check plugin tutovideos
2025-06-17 22:29:22,761 [INFO] PluginManage:359 - Loaded plugin tutovideos (category:base,tabindex:-1)
2025-06-17 22:29:22,761 [INFO] PluginManage:310 - Check plugin updater
2025-06-17 22:29:22,777 [INFO] PluginManage:359 - Loaded plugin updater (category:base,tabindex:12)
2025-06-17 22:29:22,777 [INFO] PluginManage:310 - Check plugin userauth
2025-06-17 22:29:22,779 [INFO] UserAuth:118 - Init User Auth plugin
2025-06-17 22:29:22,780 [INFO] PluginManage:359 - Loaded plugin userauth (category:base,tabindex:14)
2025-06-17 22:29:22,780 [INFO] PluginManage:283 - PluginManage : Loaded plugins [18]
2025-06-17 22:29:22,803 [INFO] McuFinderGlobals:63 - Set McuFinder mode to 2 (CubeIDE integrated)
2025-06-17 22:29:25,634 [INFO] ThirdPartyUpdaterWithRetryManager:70 - Updater plugin not ready yet. [2/15]
2025-06-17 22:29:28,636 [INFO] ThirdPartyUpdaterWithRetryManager:70 - Updater plugin not ready yet. [3/15]
2025-06-17 22:29:31,640 [INFO] ThirdPartyUpdaterWithRetryManager:70 - Updater plugin not ready yet. [4/15]
2025-06-17 22:29:34,640 [INFO] ThirdPartyUpdaterWithRetryManager:70 - Updater plugin not ready yet. [5/15]
2025-06-17 22:29:37,641 [INFO] ThirdPartyUpdaterWithRetryManager:70 - Updater plugin not ready yet. [6/15]
2025-06-17 22:29:40,642 [INFO] ThirdPartyUpdaterWithRetryManager:70 - Updater plugin not ready yet. [7/15]
2025-06-17 22:29:43,647 [INFO] ThirdPartyUpdaterWithRetryManager:70 - Updater plugin not ready yet. [8/15]
2025-06-17 22:29:46,649 [INFO] ThirdPartyUpdaterWithRetryManager:70 - Updater plugin not ready yet. [9/15]
2025-06-17 22:29:49,650 [INFO] ThirdPartyUpdaterWithRetryManager:70 - Updater plugin not ready yet. [10/15]
2025-06-17 22:29:52,654 [INFO] ThirdPartyUpdaterWithRetryManager:70 - Updater plugin not ready yet. [11/15]
2025-06-17 22:29:55,654 [INFO] ThirdPartyUpdaterWithRetryManager:70 - Updater plugin not ready yet. [12/15]
2025-06-17 22:29:58,658 [INFO] ThirdPartyUpdaterWithRetryManager:70 - Updater plugin not ready yet. [13/15]
2025-06-17 22:30:01,661 [INFO] ThirdPartyUpdaterWithRetryManager:70 - Updater plugin not ready yet. [14/15]
2025-06-17 22:30:04,665 [INFO] ThirdPartyUpdaterWithRetryManager:70 - Updater plugin not ready yet. [15/15]
2025-06-17 22:30:04,665 [ERROR] AbstractThirdPartyUpdaterManager:170 - Updater plugin not retrieved
2025-06-17 22:30:04,665 [ERROR] IntegrityCheckThread:130 - Cannot retrieve database content from updater: error -1
2025-06-17 22:30:04,666 [INFO] ThirdParty:978 - Integrity check success = false
2025-06-17 22:30:04,666 [INFO] IntegrityCheckThread:100 - exiting critical section [integrity check]
2025-06-17 22:30:04,666 [INFO] IntegrityCheckThread:103 - End integrity checks thread
2025-06-17 22:31:11,899 [INFO] Activator:176 - 


2025-06-17 22:31:11,901 [INFO] Activator:177 - !SESSION log4j initialized
2025-06-17 22:31:12,804 [INFO] LogOutputStream:77 - [STDOUT_REDIRECT] 
2025-06-17 22:31:13,325 [ERROR] LogOutputStream:75 - [STDERR_REDIRECT] 
2025-06-17 22:31:15,006 [INFO] LogOutputStream:77 - [STDOUT_REDIRECT] 
2025-06-17 22:31:16,748 [INFO] ApplicationProperties:184 - Using Application install path: /Applications/STM32CubeIDE.app/Contents/Eclipse/plugins/com.st.stm32cube.common.mx_6.14.1.202504091515
2025-06-17 22:31:16,761 [INFO] DbMcusXml:78 - Set database path to: /Applications/STM32CubeIDE.app/Contents/Eclipse/plugins/com.st.stm32cube.common.mx_6.14.1.202504091515//db//mcu/
2025-06-17 22:31:16,761 [INFO] ApiDb:274 - Set plugin database path to: /Applications/STM32CubeIDE.app/Contents/Eclipse/plugins/com.st.stm32cube.common.mx_6.14.1.202504091515//db//plugins/boardmanager/
2025-06-17 22:31:16,761 [WARN] ApiDb:259 - Overriding images path with different value:  => /Applications/STM32CubeIDE.app/Contents/Eclipse/plugins/com.st.stm32cube.common.mx_6.14.1.202504091515//db//plugins/mcufinder/images/
2025-06-17 22:31:16,764 [INFO] ApiDb:250 - Set database path to: /Users/garagebox/.stmcufinder/plugins/mcufinder//mcu/
2025-06-17 22:31:16,765 [INFO] DbMcusAds:125 - Set database path to: /Users/garagebox/.stmcufinder/plugins/mcufinder//mcu/
2025-06-17 22:31:16,767 [INFO] CrossReferenceDbSqlite:203 - Set database path to: /Users/garagebox/.stmcufinder/plugins/mcufinder//mcu/cs/
2025-06-17 22:31:16,860 [INFO] RulesReader:64 - Compatibility file has been processed (302 Rules)
2025-06-17 22:31:16,919 [INFO] DbMcusXml:78 - Set database path to: /Applications/STM32CubeIDE.app/Contents/Eclipse/plugins/com.st.stm32cube.common.mx_6.14.1.202504091515//db//mcu/
2025-06-17 22:31:16,919 [INFO] ApiDb:274 - Set plugin database path to: /Applications/STM32CubeIDE.app/Contents/Eclipse/plugins/com.st.stm32cube.common.mx_6.14.1.202504091515//db//plugins/boardmanager/
2025-06-17 22:31:16,919 [INFO] ApiDb:261 - Set plugin images path to: /Applications/STM32CubeIDE.app/Contents/Eclipse/plugins/com.st.stm32cube.common.mx_6.14.1.202504091515//db//plugins/mcufinder/images/
2025-06-17 22:31:16,919 [WARN] DbFile:41 - Overriding database path with different value: /Users/garagebox/.stmcufinder/plugins/mcufinder/ => /Users/garagebox/.stmcufinder/plugins/mcufinder
2025-06-17 22:31:16,920 [INFO] ApiDb:250 - Set database path to: /Users/garagebox/.stmcufinder/plugins/mcufinder//mcu/
2025-06-17 22:31:16,920 [WARN] DbFile:41 - Overriding database path with different value: /Users/garagebox/.stmcufinder/plugins/mcufinder/ => /Users/garagebox/.stmcufinder/plugins/mcufinder
2025-06-17 22:31:16,920 [INFO] DbMcusAds:125 - Set database path to: /Users/garagebox/.stmcufinder/plugins/mcufinder//mcu/
2025-06-17 22:31:16,920 [WARN] DbFile:41 - Overriding database path with different value: /Users/garagebox/.stmcufinder/plugins/mcufinder/ => /Users/garagebox/.stmcufinder/plugins/mcufinder
2025-06-17 22:31:16,920 [WARN] DbFile:41 - Overriding database path with different value: /Users/garagebox/.stmcufinder/plugins/mcufinder/ => /Users/garagebox/.stmcufinder/plugins/mcufinder
2025-06-17 22:31:16,920 [INFO] CrossReferenceDbSqlite:203 - Set database path to: /Users/garagebox/.stmcufinder/plugins/mcufinder//mcu/cs/
2025-06-17 22:31:16,972 [INFO] MainPanel:272 - HeapMemory: 268435456
2025-06-17 22:31:17,263 [INFO] DbMcusXml:78 - Set database path to: /Applications/STM32CubeIDE.app/Contents/Eclipse/plugins/com.st.stm32cube.common.mx_6.14.1.202504091515//db//mcu/
2025-06-17 22:31:17,264 [INFO] ApiDb:274 - Set plugin database path to: /Applications/STM32CubeIDE.app/Contents/Eclipse/plugins/com.st.stm32cube.common.mx_6.14.1.202504091515//db//plugins/boardmanager/
2025-06-17 22:31:17,264 [INFO] ApiDb:261 - Set plugin images path to: /Applications/STM32CubeIDE.app/Contents/Eclipse/plugins/com.st.stm32cube.common.mx_6.14.1.202504091515//db//plugins/mcufinder/images/
2025-06-17 22:31:17,264 [WARN] DbFile:41 - Overriding database path with different value: /Users/garagebox/.stmcufinder/plugins/mcufinder/ => /Users/garagebox/.stmcufinder/plugins/mcufinder
2025-06-17 22:31:17,264 [INFO] ApiDb:250 - Set database path to: /Users/garagebox/.stmcufinder/plugins/mcufinder//mcu/
2025-06-17 22:31:17,264 [WARN] DbFile:41 - Overriding database path with different value: /Users/garagebox/.stmcufinder/plugins/mcufinder/ => /Users/garagebox/.stmcufinder/plugins/mcufinder
2025-06-17 22:31:17,264 [INFO] DbMcusAds:125 - Set database path to: /Users/garagebox/.stmcufinder/plugins/mcufinder//mcu/
2025-06-17 22:31:17,264 [WARN] DbFile:41 - Overriding database path with different value: /Users/garagebox/.stmcufinder/plugins/mcufinder/ => /Users/garagebox/.stmcufinder/plugins/mcufinder
2025-06-17 22:31:17,264 [WARN] DbFile:41 - Overriding database path with different value: /Users/garagebox/.stmcufinder/plugins/mcufinder/ => /Users/garagebox/.stmcufinder/plugins/mcufinder
2025-06-17 22:31:17,265 [INFO] CrossReferenceDbSqlite:203 - Set database path to: /Users/garagebox/.stmcufinder/plugins/mcufinder//mcu/cs/
2025-06-17 22:31:17,276 [INFO] ApplicationProperties:184 - Using Application install path: /Applications/STM32CubeIDE.app/Contents/Eclipse/plugins/com.st.stm32cube.common.mx_6.14.1.202504091515
2025-06-17 22:31:17,277 [INFO] PluginManage:196 - Search for loadable plugins [exclusion list=, ]
2025-06-17 22:31:17,278 [INFO] PluginManage:310 - Check plugin analytics
2025-06-17 22:31:17,394 [INFO] AnalyticsPlugin:253 - Accepted Software Licenses: 
2025-06-17 22:31:17,394 [INFO] AnalyticsPlugin:255 - Accepted CMSIS Pack Licenses: 
2025-06-17 22:31:17,394 [INFO] AnalyticsPlugin:257 - Accepted Firmware Licenses: FW.L4.1.18.0
2025-06-17 22:31:17,397 [INFO] PluginManage:359 - Loaded plugin analytics (category:tool,tabindex:-1)
2025-06-17 22:31:17,397 [INFO] PluginManage:310 - Check plugin cadmodel
2025-06-17 22:31:17,400 [INFO] CADModel:105 - Init CAD model plugin
2025-06-17 22:31:17,401 [INFO] PluginManage:359 - Loaded plugin cadmodel (category:power,tabindex:5)
2025-06-17 22:31:17,401 [INFO] PluginManage:310 - Check plugin clock
2025-06-17 22:31:17,418 [INFO] PluginManage:359 - Loaded plugin clock (category:base,tabindex:2)
2025-06-17 22:31:17,419 [INFO] PluginManage:310 - Check plugin ddr
2025-06-17 22:31:17,421 [INFO] PluginManage:359 - Loaded plugin ddr (category:tool,tabindex:6)
2025-06-17 22:31:17,422 [INFO] PluginManage:310 - Check plugin filemanager
2025-06-17 22:31:17,558 [INFO] PluginManage:359 - Loaded plugin filemanager (category:base,tabindex:10)
2025-06-17 22:31:17,558 [INFO] PluginManage:310 - Check plugin ipmanager
2025-06-17 22:31:17,563 [INFO] PluginManage:359 - Loaded plugin ipmanager (category:base,tabindex:5)
2025-06-17 22:31:17,563 [INFO] PluginManage:310 - Check plugin lpbam
2025-06-17 22:31:17,569 [INFO] PluginManage:359 - Loaded plugin lpbam (category:base,tabindex:0)
2025-06-17 22:31:17,569 [INFO] PluginManage:310 - Check plugin memorymap
2025-06-17 22:31:17,577 [INFO] PluginManage:359 - Loaded plugin memorymap (category:base,tabindex:4)
2025-06-17 22:31:17,577 [INFO] PluginManage:310 - Check plugin pinoutandconfiguration
2025-06-17 22:31:17,583 [INFO] PluginManage:359 - Loaded plugin pinoutandconfiguration (category:base,tabindex:1)
2025-06-17 22:31:17,583 [INFO] PluginManage:310 - Check plugin pinoutconfig
2025-06-17 22:31:17,648 [WARN] SupportedApi:132 - Cannot load RTOS API schema: s4s-elt-must-match.1: The content of 'definitions' must match (annotation?, (simpleType | complexType)?, (unique | key | keyref)*)). A problem was found starting at: attribute.
2025-06-17 22:31:17,821 [INFO] PluginManage:359 - Loaded plugin pinoutconfig (category:base,tabindex:0)
2025-06-17 22:31:17,821 [INFO] PluginManage:310 - Check plugin power
2025-06-17 22:31:17,828 [INFO] PluginManage:359 - Loaded plugin power (category:power,tabindex:4)
2025-06-17 22:31:17,828 [INFO] PluginManage:310 - Check plugin projectmanager
2025-06-17 22:31:17,841 [INFO] PluginManage:359 - Loaded plugin projectmanager (category:projectmanager,tabindex:4)
2025-06-17 22:31:17,841 [INFO] PluginManage:310 - Check plugin rif
2025-06-17 22:31:17,846 [INFO] PluginManage:359 - Loaded plugin rif (category:base,tabindex:3)
2025-06-17 22:31:17,846 [INFO] PluginManage:310 - Check plugin thirdparty
2025-06-17 22:31:17,934 [INFO] PluginManage:359 - Loaded plugin thirdparty (category:base,tabindex:-1)
2025-06-17 22:31:17,934 [WARN] IntegrityCheckThread:84 - waiting for thirdparty lock release [integrity check]
2025-06-17 22:31:17,934 [INFO] IntegrityCheckThread:86 - entering critical section [integrity check]
2025-06-17 22:31:17,934 [INFO] PluginManage:310 - Check plugin tools
2025-06-17 22:31:17,935 [INFO] ThirdPartyUpdaterWithRetryManager:70 - Updater plugin not ready yet. [1/15]
2025-06-17 22:31:17,936 [INFO] PluginManage:359 - Loaded plugin tools (category:base,tabindex:7)
2025-06-17 22:31:17,936 [INFO] PluginManage:310 - Check plugin tutovideos
2025-06-17 22:31:18,057 [INFO] PluginManage:359 - Loaded plugin tutovideos (category:base,tabindex:-1)
2025-06-17 22:31:18,057 [INFO] PluginManage:310 - Check plugin updater
2025-06-17 22:31:18,072 [INFO] PluginManage:359 - Loaded plugin updater (category:base,tabindex:12)
2025-06-17 22:31:18,072 [INFO] PluginManage:310 - Check plugin userauth
2025-06-17 22:31:18,074 [INFO] UserAuth:118 - Init User Auth plugin
2025-06-17 22:31:18,075 [INFO] PluginManage:359 - Loaded plugin userauth (category:base,tabindex:14)
2025-06-17 22:31:18,075 [INFO] PluginManage:283 - PluginManage : Loaded plugins [18]
2025-06-17 22:31:18,190 [INFO] PinOutPanel:1589 - setPackage(No Configuration,No Configuration)
2025-06-17 22:31:18,241 [INFO] CADModel:165 - CPN selected for project level
2025-06-17 22:31:18,241 [INFO] CADModel:114 - Register for checkConnection events
2025-06-17 22:31:18,248 [INFO] IPUIPlugin:80 - create IPUIPlugin
2025-06-17 22:31:18,248 [INFO] PluginManager:220 - loadIPPluginJar : add mdma
2025-06-17 22:31:18,252 [INFO] IPUIPlugin:80 - create IPUIPlugin
2025-06-17 22:31:18,252 [INFO] PluginManager:220 - loadIPPluginJar : add freertos
2025-06-17 22:31:18,255 [INFO] IPUIPlugin:80 - create IPUIPlugin
2025-06-17 22:31:18,255 [INFO] PluginManager:220 - loadIPPluginJar : add gic
2025-06-17 22:31:18,260 [INFO] IPUIPlugin:80 - create IPUIPlugin
2025-06-17 22:31:18,260 [INFO] PluginManager:220 - loadIPPluginJar : add adc
2025-06-17 22:31:18,261 [INFO] IPUIPlugin:80 - create IPUIPlugin
2025-06-17 22:31:18,261 [INFO] PluginManager:220 - loadIPPluginJar : add gtzc
2025-06-17 22:31:18,262 [INFO] IPUIPlugin:80 - create IPUIPlugin
2025-06-17 22:31:18,262 [INFO] PluginManager:220 - loadIPPluginJar : add quadspi
2025-06-17 22:31:18,263 [INFO] IPUIPlugin:80 - create IPUIPlugin
2025-06-17 22:31:18,263 [INFO] PluginManager:220 - loadIPPluginJar : add aes
2025-06-17 22:31:18,265 [INFO] IPUIPlugin:80 - create IPUIPlugin
2025-06-17 22:31:18,265 [INFO] PluginManager:220 - loadIPPluginJar : add pdm2pcm
2025-06-17 22:31:18,266 [INFO] IPUIPlugin:80 - create IPUIPlugin
2025-06-17 22:31:18,266 [INFO] PluginManager:220 - loadIPPluginJar : add hash
2025-06-17 22:31:18,267 [INFO] IPUIPlugin:80 - create IPUIPlugin
2025-06-17 22:31:18,267 [INFO] PluginManager:220 - loadIPPluginJar : add tim
2025-06-17 22:31:18,268 [INFO] IPUIPlugin:80 - create IPUIPlugin
2025-06-17 22:31:18,268 [INFO] PluginManager:220 - loadIPPluginJar : add tsc
2025-06-17 22:31:18,269 [INFO] IPUIPlugin:80 - create IPUIPlugin
2025-06-17 22:31:18,269 [INFO] PluginManager:220 - loadIPPluginJar : add extmemmanager
2025-06-17 22:31:18,270 [INFO] IPUIPlugin:80 - create IPUIPlugin
2025-06-17 22:31:18,270 [INFO] PluginManager:220 - loadIPPluginJar : add ts
2025-06-17 22:31:18,271 [INFO] IPUIPlugin:80 - create IPUIPlugin
2025-06-17 22:31:18,271 [INFO] PluginManager:220 - loadIPPluginJar : add radio
2025-06-17 22:31:18,273 [INFO] IPUIPlugin:80 - create IPUIPlugin
2025-06-17 22:31:18,273 [INFO] PluginManager:220 - loadIPPluginJar : add can
2025-06-17 22:31:18,274 [INFO] IPUIPlugin:80 - create IPUIPlugin
2025-06-17 22:31:18,274 [INFO] PluginManager:220 - loadIPPluginJar : add dma3
2025-06-17 22:31:18,275 [INFO] IPUIPlugin:80 - create IPUIPlugin
2025-06-17 22:31:18,275 [INFO] PluginManager:220 - loadIPPluginJar : add dfsdm
2025-06-17 22:31:18,276 [INFO] IPUIPlugin:80 - create IPUIPlugin
2025-06-17 22:31:18,276 [INFO] PluginManager:220 - loadIPPluginJar : add spi
2025-06-17 22:31:18,277 [INFO] IPUIPlugin:80 - create IPUIPlugin
2025-06-17 22:31:18,277 [INFO] PluginManager:220 - loadIPPluginJar : add gfxmmu
2025-06-17 22:31:18,278 [INFO] IPUIPlugin:80 - create IPUIPlugin
2025-06-17 22:31:18,278 [INFO] PluginManager:220 - loadIPPluginJar : add genericplugin
2025-06-17 22:31:18,279 [INFO] IPUIPlugin:80 - create IPUIPlugin
2025-06-17 22:31:18,279 [INFO] PluginManager:220 - loadIPPluginJar : add cryp
2025-06-17 22:31:18,281 [INFO] IPUIPlugin:80 - create IPUIPlugin
2025-06-17 22:31:18,282 [INFO] PluginManager:220 - loadIPPluginJar : add gpio
2025-06-17 22:31:18,283 [INFO] IPUIPlugin:80 - create IPUIPlugin
2025-06-17 22:31:18,283 [INFO] PluginManager:220 - loadIPPluginJar : add ddr_ctrl_phy
2025-06-17 22:31:18,284 [INFO] IPUIPlugin:80 - create IPUIPlugin
2025-06-17 22:31:18,284 [INFO] PluginManager:220 - loadIPPluginJar : add comp
2025-06-17 22:31:18,285 [INFO] IPUIPlugin:80 - create IPUIPlugin
2025-06-17 22:31:18,285 [INFO] PluginManager:220 - loadIPPluginJar : add tracer_emb
2025-06-17 22:31:18,286 [INFO] IPUIPlugin:80 - create IPUIPlugin
2025-06-17 22:31:18,286 [INFO] PluginManager:220 - loadIPPluginJar : add openamp
2025-06-17 22:31:18,289 [INFO] IPUIPlugin:80 - create IPUIPlugin
2025-06-17 22:31:18,290 [INFO] PluginManager:220 - loadIPPluginJar : add stm32_wpan
2025-06-17 22:31:18,292 [INFO] IPUIPlugin:80 - create IPUIPlugin
2025-06-17 22:31:18,294 [INFO] PluginManager:220 - loadIPPluginJar : add plateformsettings
2025-06-17 22:31:18,296 [INFO] IPUIPlugin:80 - create IPUIPlugin
2025-06-17 22:31:18,296 [INFO] PluginManager:220 - loadIPPluginJar : add ipddr
2025-06-17 22:31:18,297 [INFO] IPUIPlugin:80 - create IPUIPlugin
2025-06-17 22:31:18,297 [INFO] PluginManager:220 - loadIPPluginJar : add usart
2025-06-17 22:31:18,298 [INFO] IPUIPlugin:80 - create IPUIPlugin
2025-06-17 22:31:18,298 [INFO] PluginManager:220 - loadIPPluginJar : add ltdc
2025-06-17 22:31:18,299 [INFO] IPUIPlugin:80 - create IPUIPlugin
2025-06-17 22:31:18,299 [INFO] PluginManager:220 - loadIPPluginJar : add nvic
2025-06-17 22:31:18,300 [INFO] IPUIPlugin:80 - create IPUIPlugin
2025-06-17 22:31:18,300 [INFO] PluginManager:220 - loadIPPluginJar : add fatfs
2025-06-17 22:31:18,303 [INFO] IPUIPlugin:80 - create IPUIPlugin
2025-06-17 22:31:18,303 [INFO] PluginManager:220 - loadIPPluginJar : add linkedlist
2025-06-17 22:31:18,306 [INFO] IPUIPlugin:80 - create IPUIPlugin
2025-06-17 22:31:18,306 [INFO] PluginManager:220 - loadIPPluginJar : add dma
2025-06-17 22:31:18,308 [INFO] IPUIPlugin:80 - create IPUIPlugin
2025-06-17 22:31:18,308 [INFO] PluginManager:220 - loadIPPluginJar : add fmc
2025-06-17 22:31:18,309 [INFO] IPUIPlugin:80 - create IPUIPlugin
2025-06-17 22:31:18,309 [INFO] PluginManager:220 - loadIPPluginJar : add i2s
2025-06-17 22:31:18,310 [INFO] IPUIPlugin:80 - create IPUIPlugin
2025-06-17 22:31:18,310 [INFO] PluginManager:220 - loadIPPluginJar : add ucpd
2025-06-17 22:31:18,311 [INFO] IPUIPlugin:80 - create IPUIPlugin
2025-06-17 22:31:18,312 [INFO] PluginManager:220 - loadIPPluginJar : add lorawan
2025-06-17 22:31:18,313 [INFO] IPUIPlugin:80 - create IPUIPlugin
2025-06-17 22:31:18,313 [INFO] PluginManager:220 - loadIPPluginJar : add opamp
2025-06-17 22:31:18,314 [INFO] IPUIPlugin:80 - create IPUIPlugin
2025-06-17 22:31:18,314 [INFO] PluginManager:220 - loadIPPluginJar : add i3c
2025-06-17 22:31:18,316 [INFO] IPUIPlugin:80 - create IPUIPlugin
2025-06-17 22:31:18,316 [INFO] PluginManager:220 - loadIPPluginJar : add touchsensing
2025-06-17 22:31:18,317 [INFO] IPUIPlugin:80 - create IPUIPlugin
2025-06-17 22:31:18,317 [INFO] PluginManager:220 - loadIPPluginJar : add i2c
2025-06-17 22:31:18,318 [INFO] IPUIPlugin:80 - create IPUIPlugin
2025-06-17 22:31:18,319 [INFO] PluginManager:220 - loadIPPluginJar : add resmgrutility
2025-06-17 22:31:18,320 [INFO] IPUIPlugin:80 - create IPUIPlugin
2025-06-17 22:31:18,320 [INFO] PluginManager:220 - loadIPPluginJar : add sai
2025-06-17 22:31:18,321 [INFO] IPUIPlugin:80 - create IPUIPlugin
2025-06-17 22:31:18,321 [INFO] PluginManager:220 - loadIPPluginJar : add usbx
2025-06-17 22:31:18,413 [FATAL] Updater:351 - Updater called before beeing initialized
2025-06-17 22:31:18,435 [INFO] RulesReader:64 - Compatibility file has been processed (302 Rules)
2025-06-17 22:31:18,444 [INFO] RulesReader:64 - Compatibility file has been processed (302 Rules)
2025-06-17 22:31:18,449 [INFO] CADModel:165 - CPN selected for project level
2025-06-17 22:31:18,449 [INFO] CADModel:114 - Register for checkConnection events
2025-06-17 22:31:18,450 [FATAL] Updater:351 - Updater called before beeing initialized
2025-06-17 22:31:18,450 [ERROR] CADModel:125 - Updater not yet initialized, retry later 
2025-06-17 22:31:18,577 [FATAL] Updater:351 - Updater called before beeing initialized
2025-06-17 22:31:18,579 [INFO] CADModel:165 - CPN selected for project level
2025-06-17 22:31:18,579 [INFO] CADModel:114 - Register for checkConnection events
2025-06-17 22:31:18,579 [FATAL] Updater:351 - Updater called before beeing initialized
2025-06-17 22:31:18,579 [ERROR] CADModel:125 - Updater not yet initialized, retry later 
2025-06-17 22:31:18,582 [FATAL] Updater:351 - Updater called before beeing initialized
2025-06-17 22:31:18,639 [FATAL] Updater:351 - Updater called before beeing initialized
2025-06-17 22:31:18,642 [INFO] DbMcusAds:53 - JSON generation date=Wed May 07 02:07:55 PDT 2025 (1746608875484)
2025-06-17 22:31:18,642 [FATAL] Updater:351 - Updater called before beeing initialized
2025-06-17 22:31:18,686 [WARN] DetailPanel:346 - Failed to get advertising image, set to default
2025-06-17 22:31:18,921 [FATAL] Updater:351 - Updater called before beeing initialized
2025-06-17 22:31:18,923 [FATAL] Updater:351 - Updater called before beeing initialized
2025-06-17 22:31:18,923 [FATAL] Updater:351 - Updater called before beeing initialized
2025-06-17 22:31:18,923 [WARN] DetailPanel:346 - Failed to get advertising image, set to default
2025-06-17 22:31:18,924 [FATAL] Updater:351 - Updater called before beeing initialized
2025-06-17 22:31:18,949 [ERROR] Updater:1198 - MainUpdater not yet initialized. External WinMGr cannot be set.
2025-06-17 22:31:18,950 [INFO] Updater:1134 - Updater Version found : 6.14.1
2025-06-17 22:31:18,963 [INFO] ApplicationProperties:184 - Using Application install path: /Applications/STM32CubeIDE.app/Contents/Eclipse/plugins/com.st.stm32cube.common.mx_6.14.1.202504091515
2025-06-17 22:31:19,213 [INFO] MainUpdater:2872 - connection check result : 10
2025-06-17 22:31:19,214 [INFO] MainUpdater:289 - Updater Check For Update Now.
2025-06-17 22:31:19,214 [INFO] MicroXplorer:498 - Change Database Version : DB.6.0.141
2025-06-17 22:31:19,217 [INFO] McuFinderGlobals:63 - Set McuFinder mode to 2 (CubeIDE integrated)
2025-06-17 22:31:19,217 [INFO] UserAuth:484 - Internet connection configuration mode: 1
2025-06-17 22:31:19,227 [INFO] JxBrowserEngine:152 - Initiate JxBrowser Engine with user profile folder
2025-06-17 22:31:19,382 [INFO] CheckServerUpdateThread:120 - End of CheckServer Thread
2025-06-17 22:31:20,164 [INFO] WebApp:169 - Instantiating new browser for Auth
2025-06-17 22:31:20,934 [INFO] WebApp:463 - Apply proxy settings
2025-06-17 22:31:20,950 [INFO] WebApp:508 - Chromium authenticates against Manually configured proxy
2025-06-17 22:31:20,986 [INFO] WebApp:516 - Username used for proxy authentication: 
2025-06-17 22:31:21,048 [INFO] WebApp:894 - Register for checkConnection events
2025-06-17 22:31:21,057 [INFO] WebApp:463 - Apply proxy settings
2025-06-17 22:31:21,062 [INFO] WebApp:508 - Chromium authenticates against Manually configured proxy
2025-06-17 22:31:21,095 [INFO] WebApp:516 - Username used for proxy authentication: 
2025-06-17 22:31:21,253 [INFO] WebApp:225 - Starting web application
2025-06-17 22:31:21,270 [INFO] WebApp:593 - Web application path used /Applications/STM32CubeIDE.app/Contents/Eclipse/plugins/com.st.stm32cube.common.mx_6.14.1.202504091515/db/plugins/mcufinder/reactClient1/index.html
2025-06-17 22:31:21,351 [INFO] UserAuth:484 - Internet connection configuration mode: 1
2025-06-17 22:31:21,935 [INFO] WebApp:191 - Connection restablished
2025-06-17 22:31:24,807 [WARN] PackLoader:240 - Cannot read IP mode file for STMicroelectronics.FP-SNS-MOTENVWB1.1.4.0
2025-06-17 22:31:24,813 [WARN] PackLoader:240 - Cannot read IP mode file for STMicroelectronics.FP-ATR-ASTRA1.2.0.2
2025-06-17 22:31:24,818 [WARN] PackLoader:240 - Cannot read IP mode file for STMicroelectronics.X-CUBE-SMBUS.2.1.0
2025-06-17 22:31:24,821 [WARN] PackLoader:240 - Cannot read IP mode file for STMicroelectronics.X-CUBE-ST60.1.0.0
2025-06-17 22:31:24,858 [WARN] PackLoader:240 - Cannot read IP mode file for STMicroelectronics.X-CUBE-AZRTOS-F7.1.1.0
2025-06-17 22:31:24,886 [WARN] PackLoader:240 - Cannot read IP mode file for Infineon.AIROC-Wi-Fi-Bluetooth-STM32.1.7.0
2025-06-17 22:31:24,896 [WARN] PackLoader:240 - Cannot read IP mode file for STMicroelectronics.X-CUBE-DISPLAY.3.0.0
2025-06-17 22:31:24,905 [WARN] PackLoader:240 - Cannot read IP mode file for STMicroelectronics.X-CUBE-NFC10.1.0.0
2025-06-17 22:31:24,914 [WARN] PackLoader:240 - Cannot read IP mode file for STMicroelectronics.X-CUBE-BLEMGR.4.0.0
2025-06-17 22:31:24,919 [WARN] PackLoader:240 - Cannot read IP mode file for emotas.I-CUBE-CANOPEN.1.3.0
2025-06-17 22:31:24,922 [WARN] ConditionMgr:438 - getConditionDescription Invalid condition id : Cortex-A Device cause : null
2025-06-17 22:31:24,929 [WARN] ConditionMgr:1044 - genDependencies : Invalid condition id : Cortex-A Device cause : null
2025-06-17 22:31:24,929 [WARN] ConditionMgr:1044 - genDependencies : Invalid condition id : Cortex-A Device cause : null
2025-06-17 22:31:24,929 [WARN] ConditionMgr:1044 - genDependencies : Invalid condition id : Cortex-A Device cause : null
2025-06-17 22:31:24,931 [WARN] PackLoader:240 - Cannot read IP mode file for STMicroelectronics.X-CUBE-AI.10.0.0
2025-06-17 22:31:24,934 [WARN] PackLoader:240 - Cannot read IP mode file for STMicroelectronics.FP-SNS-SMARTAG2.1.2.0
2025-06-17 22:31:24,937 [WARN] PackLoader:240 - Cannot read IP mode file for STMicroelectronics.FP-SNS-FLIGHT1.5.1.0
2025-06-17 22:31:24,945 [INFO] LogOutputStream:77 - [STDOUT_REDIRECT] 1 : Invalid condition id : UX_CORESTACK_Condition cause : null
2025-06-17 22:31:24,945 [INFO] LogOutputStream:77 - [STDOUT_REDIRECT] 1 : Invalid condition id : UX_CORESTACK_Condition cause : null
2025-06-17 22:31:24,945 [INFO] LogOutputStream:77 - [STDOUT_REDIRECT] 1 : Invalid condition id : UX_CORESTACK_Condition cause : null
2025-06-17 22:31:24,945 [INFO] LogOutputStream:77 - [STDOUT_REDIRECT] 1 : Invalid condition id : UX_CORESTACK_Condition cause : null
2025-06-17 22:31:24,946 [INFO] LogOutputStream:77 - [STDOUT_REDIRECT] 1 : Invalid condition id : UX_CORESTACK_Condition cause : null
2025-06-17 22:31:24,948 [WARN] PackLoader:240 - Cannot read IP mode file for STMicroelectronics.X-CUBE-AZRTOS-WL.2.0.0
2025-06-17 22:31:24,952 [WARN] PackLoader:240 - Cannot read IP mode file for STMicroelectronics.FP-SNS-MOTENV1.5.0.0
2025-06-17 22:31:24,957 [WARN] PackLoader:240 - Cannot read IP mode file for WES.I-CUBE-Cesium.1.3.0
2025-06-17 22:31:24,960 [WARN] PackLoader:240 - Cannot read IP mode file for STMicroelectronics.X-CUBE-BLE2.3.3.0
2025-06-17 22:31:24,965 [WARN] PackLoader:240 - Cannot read IP mode file for STMicroelectronics.X-CUBE-NFC9.1.0.0
2025-06-17 22:31:24,969 [WARN] PackLoader:240 - Cannot read IP mode file for wolfSSL.I-CUBE-wolfSSL.5.8.0
2025-06-17 22:31:24,972 [WARN] PackLoader:240 - Cannot read IP mode file for STMicroelectronics.X-CUBE-BLE1.7.1.0
2025-06-17 22:31:24,974 [WARN] PackLoader:240 - Cannot read IP mode file for wolfSSL.I-CUBE-wolfMQTT.1.19.2
2025-06-17 22:31:24,976 [WARN] PackLoader:240 - Cannot read IP mode file for STMicroelectronics.X-CUBE-AI.10.1.0
2025-06-17 22:31:25,013 [WARN] PackLoader:240 - Cannot read IP mode file for STMicroelectronics.X-CUBE-MEMS1.11.2.0
2025-06-17 22:31:25,207 [WARN] PackLoader:240 - Cannot read IP mode file for STMicroelectronics.X-CUBE-AZRTOS-G0.1.1.0
2025-06-17 22:31:25,213 [WARN] PackLoader:240 - Cannot read IP mode file for STMicroelectronics.X-CUBE-SAFEA1.1.2.2
2025-06-17 22:31:25,217 [WARN] PackLoader:240 - Cannot read IP mode file for STMicroelectronics.X-CUBE-NFC4.3.0.0
2025-06-17 22:31:25,224 [WARN] PackLoader:240 - Cannot read IP mode file for EmbeddedOffice.I-CUBE-FS-RTOS.1.0.1
2025-06-17 22:31:25,228 [WARN] PackLoader:240 - Cannot read IP mode file for STMicroelectronics.X-CUBE-WB05N.2.0.0
2025-06-17 22:31:25,231 [WARN] PackLoader:240 - Cannot read IP mode file for wolfSSL.I-CUBE-wolfTPM.3.8.0
2025-06-17 22:31:25,235 [WARN] PackLoader:240 - Cannot read IP mode file for STMicroelectronics.X-CUBE-TCPP.4.2.0
2025-06-17 22:31:25,241 [WARN] PackLoader:240 - Cannot read IP mode file for RealThread.X-CUBE-RT-Thread_Nano.4.1.1
2025-06-17 22:31:25,244 [WARN] PackLoader:240 - Cannot read IP mode file for STMicroelectronics.FP-ATR-SIGFOX1.3.2.0
2025-06-17 22:31:25,249 [WARN] PackLoader:240 - Cannot read IP mode file for STMicroelectronics.X-CUBE-EEPRMA1.5.1.0
2025-06-17 22:31:25,255 [WARN] PackLoader:240 - Cannot read IP mode file for ITTIA_DB.I-CUBE-ITTIADB.8.9.0
2025-06-17 22:31:25,259 [WARN] PackLoader:240 - Cannot read IP mode file for STMicroelectronics.X-CUBE-ST67W61.1.0.0
2025-06-17 22:31:25,305 [WARN] PackLoader:240 - Cannot read IP mode file for SEGGER.I-CUBE-embOS.1.3.1
2025-06-17 22:31:25,339 [WARN] PackLoader:240 - Cannot read IP mode file for STMicroelectronics.X-CUBE-ALGOBUILD.1.4.0
2025-06-17 22:31:25,372 [WARN] PackLoader:240 - Cannot read IP mode file for STMicroelectronics.X-CUBE-MEMS1.11.3.0
2025-06-17 22:31:25,438 [WARN] PackLoader:240 - Cannot read IP mode file for STMicroelectronics.X-CUBE-PM33A1.1.0.0
2025-06-17 22:31:25,449 [WARN] PackLoader:240 - Cannot read IP mode file for STMicroelectronics.X-CUBE-AZRTOS-F4.1.1.0
2025-06-17 22:31:25,452 [WARN] PackLoader:240 - Cannot read IP mode file for Avnet-IotConnect.X-CUBE-IoTC-DA16k-PMOD.1.0.0
2025-06-17 22:31:25,454 [WARN] PackLoader:240 - Cannot read IP mode file for STMicroelectronics.X-CUBE-ISPU.2.1.0
2025-06-17 22:31:25,465 [WARN] PackLoader:240 - Cannot read IP mode file for STMicroelectronics.X-CUBE-AZRTOS-L5.2.0.0
2025-06-17 22:31:25,489 [WARN] PackLoader:240 - Cannot read IP mode file for STMicroelectronics.X-CUBE-NFC6.3.1.0
2025-06-17 22:31:25,493 [WARN] PackLoader:240 - Cannot read IP mode file for STMicroelectronics.X-CUBE-FREERTOS.1.3.1
2025-06-17 22:31:25,497 [WARN] PackLoader:240 - Cannot read IP mode file for STMicroelectronics.X-CUBE-DPower.1.3.0
2025-06-17 22:31:25,508 [WARN] ConditionMgr:438 - getConditionDescription Invalid condition id : LAN8742 Phy interface Condition cause : null
2025-06-17 22:31:25,508 [WARN] PackLoader:240 - Cannot read IP mode file for STMicroelectronics.X-CUBE-AZRTOS-L4.2.0.0
2025-06-17 22:31:25,509 [WARN] ConditionMgr:1044 - genDependencies : Invalid condition id : LAN8742 Phy interface Condition cause : null
2025-06-17 22:31:25,509 [WARN] ConditionMgr:1044 - genDependencies : Invalid condition id : LAN8742 Phy interface Condition cause : null
2025-06-17 22:31:25,510 [WARN] ConditionMgr:1044 - genDependencies : Invalid condition id : LAN8742 Phy interface Condition cause : null
2025-06-17 22:31:25,515 [WARN] PackLoader:240 - Cannot read IP mode file for STMicroelectronics.X-CUBE-SFXS2LP1.4.0.0
2025-06-17 22:31:25,529 [WARN] PackLoader:240 - Cannot read IP mode file for STMicroelectronics.X-CUBE-AZRTOS-H7.3.3.0
2025-06-17 22:31:25,539 [WARN] ConditionMgr:438 - getConditionDescription Invalid condition id : UX DEVICE CLASS RTOS Condition cause : null
2025-06-17 22:31:25,539 [WARN] ConditionMgr:438 - getConditionDescription Invalid condition id : UX DEVICE CLASS RTOS Condition cause : null
2025-06-17 22:31:25,540 [WARN] PackLoader:240 - Cannot read IP mode file for STMicroelectronics.X-CUBE-AZRTOS-WB.2.0.0
2025-06-17 22:31:25,541 [WARN] ConditionMgr:1044 - genDependencies : Invalid condition id : UX DEVICE CLASS RTOS Condition cause : null
2025-06-17 22:31:25,541 [WARN] ConditionMgr:1044 - genDependencies : Invalid condition id : UX DEVICE CLASS RTOS Condition cause : null
2025-06-17 22:31:25,541 [WARN] ConditionMgr:1044 - genDependencies : Invalid condition id : UX DEVICE CLASS RTOS Condition cause : null
2025-06-17 22:31:25,542 [WARN] ConditionMgr:1044 - genDependencies : Invalid condition id : UX DEVICE CLASS RTOS Condition cause : null
2025-06-17 22:31:25,542 [WARN] ConditionMgr:1044 - genDependencies : Invalid condition id : UX DEVICE CLASS RTOS Condition cause : null
2025-06-17 22:31:25,548 [WARN] PackLoader:240 - Cannot read IP mode file for STMicroelectronics.X-CUBE-GNSS1.7.0.1
2025-06-17 22:31:25,554 [WARN] PackLoader:240 - Cannot read IP mode file for STMicroelectronics.X-CUBE-TOUCHGFX.4.25.0
2025-06-17 22:31:25,559 [WARN] PackLoader:240 - Cannot read IP mode file for STMicroelectronics.FP-SNS-STBOX1.2.0.0
2025-06-17 22:31:25,568 [WARN] PackLoader:240 - Cannot read IP mode file for STMicroelectronics.X-CUBE-SUBG2.5.0.0
2025-06-17 22:31:25,588 [WARN] PackLoader:240 - Cannot read IP mode file for STMicroelectronics.X-CUBE-AZRTOS-H7RS.1.1.0
2025-06-17 22:31:25,594 [WARN] PackLoader:240 - Cannot read IP mode file for Cesanta.I-CUBE-Mongoose.7.13.0
2025-06-17 22:31:25,612 [WARN] PackLoader:240 - Cannot read IP mode file for STMicroelectronics.X-CUBE-AZRTOS-G4.2.0.0
2025-06-17 22:31:25,617 [WARN] PackLoader:240 - Cannot read IP mode file for wolfSSL.I-CUBE-wolfSSH.1.4.20
2025-06-17 22:31:25,620 [WARN] PackLoader:240 - Cannot read IP mode file for STMicroelectronics.X-CUBE-NFC7.2.0.0
2025-06-17 22:31:25,630 [WARN] PackLoader:240 - Cannot read IP mode file for STMicroelectronics.X-CUBE-IPS.3.1.0
2025-06-17 22:31:25,638 [WARN] PackLoader:240 - Cannot read IP mode file for STMicroelectronics.X-CUBE-ALS.1.0.2
2025-06-17 22:31:25,641 [WARN] PackLoader:240 - Cannot read IP mode file for portGmbH.I-Cube-SoM-uGOAL.1.1.0
2025-06-17 22:31:25,649 [WARN] PackLoader:240 - Cannot read IP mode file for STMicroelectronics.X-CUBE-TOF1.3.4.3
2025-06-17 22:31:25,658 [INFO] ThirdParty:978 - Integrity check success = true
2025-06-17 22:31:25,658 [INFO] IntegrityCheckThread:100 - exiting critical section [integrity check]
2025-06-17 22:31:25,658 [INFO] IntegrityCheckThread:103 - End integrity checks thread
2025-06-17 22:31:49,017 [INFO] Activator:176 - 


2025-06-17 22:31:49,019 [INFO] Activator:177 - !SESSION log4j initialized
2025-06-17 22:31:49,862 [INFO] LogOutputStream:77 - [STDOUT_REDIRECT] 
2025-06-17 22:31:50,374 [ERROR] LogOutputStream:75 - [STDERR_REDIRECT] 
2025-06-17 22:31:52,152 [INFO] LogOutputStream:77 - [STDOUT_REDIRECT] 
2025-06-17 22:31:54,113 [INFO] ApplicationProperties:184 - Using Application install path: /Applications/STM32CubeIDE.app/Contents/Eclipse/plugins/com.st.stm32cube.common.mx_6.14.1.202504091515
2025-06-17 22:31:54,125 [INFO] DbMcusXml:78 - Set database path to: /Applications/STM32CubeIDE.app/Contents/Eclipse/plugins/com.st.stm32cube.common.mx_6.14.1.202504091515//db//mcu/
2025-06-17 22:31:54,125 [INFO] ApiDb:274 - Set plugin database path to: /Applications/STM32CubeIDE.app/Contents/Eclipse/plugins/com.st.stm32cube.common.mx_6.14.1.202504091515//db//plugins/boardmanager/
2025-06-17 22:31:54,126 [WARN] ApiDb:259 - Overriding images path with different value:  => /Applications/STM32CubeIDE.app/Contents/Eclipse/plugins/com.st.stm32cube.common.mx_6.14.1.202504091515//db//plugins/mcufinder/images/
2025-06-17 22:31:54,129 [INFO] ApiDb:250 - Set database path to: /Users/garagebox/.stmcufinder/plugins/mcufinder//mcu/
2025-06-17 22:31:54,129 [INFO] DbMcusAds:125 - Set database path to: /Users/garagebox/.stmcufinder/plugins/mcufinder//mcu/
2025-06-17 22:31:54,131 [INFO] CrossReferenceDbSqlite:203 - Set database path to: /Users/garagebox/.stmcufinder/plugins/mcufinder//mcu/cs/
2025-06-17 22:31:54,221 [INFO] RulesReader:64 - Compatibility file has been processed (302 Rules)
2025-06-17 22:31:54,279 [INFO] DbMcusXml:78 - Set database path to: /Applications/STM32CubeIDE.app/Contents/Eclipse/plugins/com.st.stm32cube.common.mx_6.14.1.202504091515//db//mcu/
2025-06-17 22:31:54,279 [INFO] ApiDb:274 - Set plugin database path to: /Applications/STM32CubeIDE.app/Contents/Eclipse/plugins/com.st.stm32cube.common.mx_6.14.1.202504091515//db//plugins/boardmanager/
2025-06-17 22:31:54,279 [INFO] ApiDb:261 - Set plugin images path to: /Applications/STM32CubeIDE.app/Contents/Eclipse/plugins/com.st.stm32cube.common.mx_6.14.1.202504091515//db//plugins/mcufinder/images/
2025-06-17 22:31:54,279 [WARN] DbFile:41 - Overriding database path with different value: /Users/garagebox/.stmcufinder/plugins/mcufinder/ => /Users/garagebox/.stmcufinder/plugins/mcufinder
2025-06-17 22:31:54,279 [INFO] ApiDb:250 - Set database path to: /Users/garagebox/.stmcufinder/plugins/mcufinder//mcu/
2025-06-17 22:31:54,279 [WARN] DbFile:41 - Overriding database path with different value: /Users/garagebox/.stmcufinder/plugins/mcufinder/ => /Users/garagebox/.stmcufinder/plugins/mcufinder
2025-06-17 22:31:54,279 [INFO] DbMcusAds:125 - Set database path to: /Users/garagebox/.stmcufinder/plugins/mcufinder//mcu/
2025-06-17 22:31:54,280 [WARN] DbFile:41 - Overriding database path with different value: /Users/garagebox/.stmcufinder/plugins/mcufinder/ => /Users/garagebox/.stmcufinder/plugins/mcufinder
2025-06-17 22:31:54,280 [WARN] DbFile:41 - Overriding database path with different value: /Users/garagebox/.stmcufinder/plugins/mcufinder/ => /Users/garagebox/.stmcufinder/plugins/mcufinder
2025-06-17 22:31:54,280 [INFO] CrossReferenceDbSqlite:203 - Set database path to: /Users/garagebox/.stmcufinder/plugins/mcufinder//mcu/cs/
2025-06-17 22:31:54,328 [INFO] MainPanel:272 - HeapMemory: 268435456
2025-06-17 22:31:54,561 [INFO] DbMcusXml:78 - Set database path to: /Applications/STM32CubeIDE.app/Contents/Eclipse/plugins/com.st.stm32cube.common.mx_6.14.1.202504091515//db//mcu/
2025-06-17 22:31:54,561 [INFO] ApiDb:274 - Set plugin database path to: /Applications/STM32CubeIDE.app/Contents/Eclipse/plugins/com.st.stm32cube.common.mx_6.14.1.202504091515//db//plugins/boardmanager/
2025-06-17 22:31:54,561 [INFO] ApiDb:261 - Set plugin images path to: /Applications/STM32CubeIDE.app/Contents/Eclipse/plugins/com.st.stm32cube.common.mx_6.14.1.202504091515//db//plugins/mcufinder/images/
2025-06-17 22:31:54,561 [WARN] DbFile:41 - Overriding database path with different value: /Users/garagebox/.stmcufinder/plugins/mcufinder/ => /Users/garagebox/.stmcufinder/plugins/mcufinder
2025-06-17 22:31:54,561 [INFO] ApiDb:250 - Set database path to: /Users/garagebox/.stmcufinder/plugins/mcufinder//mcu/
2025-06-17 22:31:54,562 [WARN] DbFile:41 - Overriding database path with different value: /Users/garagebox/.stmcufinder/plugins/mcufinder/ => /Users/garagebox/.stmcufinder/plugins/mcufinder
2025-06-17 22:31:54,562 [INFO] DbMcusAds:125 - Set database path to: /Users/garagebox/.stmcufinder/plugins/mcufinder//mcu/
2025-06-17 22:31:54,562 [WARN] DbFile:41 - Overriding database path with different value: /Users/garagebox/.stmcufinder/plugins/mcufinder/ => /Users/garagebox/.stmcufinder/plugins/mcufinder
2025-06-17 22:31:54,562 [WARN] DbFile:41 - Overriding database path with different value: /Users/garagebox/.stmcufinder/plugins/mcufinder/ => /Users/garagebox/.stmcufinder/plugins/mcufinder
2025-06-17 22:31:54,562 [INFO] CrossReferenceDbSqlite:203 - Set database path to: /Users/garagebox/.stmcufinder/plugins/mcufinder//mcu/cs/
2025-06-17 22:31:54,575 [INFO] ApplicationProperties:184 - Using Application install path: /Applications/STM32CubeIDE.app/Contents/Eclipse/plugins/com.st.stm32cube.common.mx_6.14.1.202504091515
2025-06-17 22:31:54,576 [INFO] PluginManage:196 - Search for loadable plugins [exclusion list=, ]
2025-06-17 22:31:54,577 [INFO] PluginManage:310 - Check plugin analytics
2025-06-17 22:31:54,711 [INFO] AnalyticsPlugin:253 - Accepted Software Licenses: 
2025-06-17 22:31:54,711 [INFO] AnalyticsPlugin:255 - Accepted CMSIS Pack Licenses: 
2025-06-17 22:31:54,711 [INFO] AnalyticsPlugin:257 - Accepted Firmware Licenses: FW.L4.1.18.0
2025-06-17 22:31:54,713 [INFO] PluginManage:359 - Loaded plugin analytics (category:tool,tabindex:-1)
2025-06-17 22:31:54,714 [INFO] PluginManage:310 - Check plugin cadmodel
2025-06-17 22:31:54,716 [INFO] CADModel:105 - Init CAD model plugin
2025-06-17 22:31:54,717 [INFO] PluginManage:359 - Loaded plugin cadmodel (category:power,tabindex:5)
2025-06-17 22:31:54,717 [INFO] PluginManage:310 - Check plugin clock
2025-06-17 22:31:54,723 [INFO] PluginManage:359 - Loaded plugin clock (category:base,tabindex:2)
2025-06-17 22:31:54,724 [INFO] PluginManage:310 - Check plugin ddr
2025-06-17 22:31:54,725 [INFO] PluginManage:359 - Loaded plugin ddr (category:tool,tabindex:6)
2025-06-17 22:31:54,725 [INFO] PluginManage:310 - Check plugin filemanager
2025-06-17 22:31:54,849 [INFO] PluginManage:359 - Loaded plugin filemanager (category:base,tabindex:10)
2025-06-17 22:31:54,849 [INFO] PluginManage:310 - Check plugin ipmanager
2025-06-17 22:31:54,855 [INFO] PluginManage:359 - Loaded plugin ipmanager (category:base,tabindex:5)
2025-06-17 22:31:54,855 [INFO] PluginManage:310 - Check plugin lpbam
2025-06-17 22:31:54,862 [INFO] PluginManage:359 - Loaded plugin lpbam (category:base,tabindex:0)
2025-06-17 22:31:54,862 [INFO] PluginManage:310 - Check plugin memorymap
2025-06-17 22:31:54,870 [INFO] PluginManage:359 - Loaded plugin memorymap (category:base,tabindex:4)
2025-06-17 22:31:54,870 [INFO] PluginManage:310 - Check plugin pinoutandconfiguration
2025-06-17 22:31:54,876 [INFO] PluginManage:359 - Loaded plugin pinoutandconfiguration (category:base,tabindex:1)
2025-06-17 22:31:54,877 [INFO] PluginManage:310 - Check plugin pinoutconfig
2025-06-17 22:31:54,965 [WARN] SupportedApi:132 - Cannot load RTOS API schema: s4s-elt-must-match.1: The content of 'definitions' must match (annotation?, (simpleType | complexType)?, (unique | key | keyref)*)). A problem was found starting at: attribute.
2025-06-17 22:31:55,092 [INFO] PluginManage:359 - Loaded plugin pinoutconfig (category:base,tabindex:0)
2025-06-17 22:31:55,092 [INFO] PluginManage:310 - Check plugin power
2025-06-17 22:31:55,098 [INFO] PluginManage:359 - Loaded plugin power (category:power,tabindex:4)
2025-06-17 22:31:55,098 [INFO] PluginManage:310 - Check plugin projectmanager
2025-06-17 22:31:55,111 [INFO] PluginManage:359 - Loaded plugin projectmanager (category:projectmanager,tabindex:4)
2025-06-17 22:31:55,111 [INFO] PluginManage:310 - Check plugin rif
2025-06-17 22:31:55,115 [INFO] PluginManage:359 - Loaded plugin rif (category:base,tabindex:3)
2025-06-17 22:31:55,115 [INFO] PluginManage:310 - Check plugin thirdparty
2025-06-17 22:31:55,207 [INFO] PluginManage:359 - Loaded plugin thirdparty (category:base,tabindex:-1)
2025-06-17 22:31:55,207 [INFO] PluginManage:310 - Check plugin tools
2025-06-17 22:31:55,207 [WARN] IntegrityCheckThread:84 - waiting for thirdparty lock release [integrity check]
2025-06-17 22:31:55,207 [INFO] IntegrityCheckThread:86 - entering critical section [integrity check]
2025-06-17 22:31:55,207 [INFO] ThirdPartyUpdaterWithRetryManager:70 - Updater plugin not ready yet. [1/15]
2025-06-17 22:31:55,209 [INFO] PluginManage:359 - Loaded plugin tools (category:base,tabindex:7)
2025-06-17 22:31:55,209 [INFO] PluginManage:310 - Check plugin tutovideos
2025-06-17 22:31:55,340 [INFO] PluginManage:359 - Loaded plugin tutovideos (category:base,tabindex:-1)
2025-06-17 22:31:55,341 [INFO] PluginManage:310 - Check plugin updater
2025-06-17 22:31:55,358 [INFO] PluginManage:359 - Loaded plugin updater (category:base,tabindex:12)
2025-06-17 22:31:55,358 [INFO] PluginManage:310 - Check plugin userauth
2025-06-17 22:31:55,360 [INFO] UserAuth:118 - Init User Auth plugin
2025-06-17 22:31:55,361 [INFO] PluginManage:359 - Loaded plugin userauth (category:base,tabindex:14)
2025-06-17 22:31:55,361 [INFO] PluginManage:283 - PluginManage : Loaded plugins [18]
2025-06-17 22:31:55,493 [INFO] PinOutPanel:1589 - setPackage(No Configuration,No Configuration)
2025-06-17 22:31:55,550 [INFO] CADModel:165 - CPN selected for project level
2025-06-17 22:31:55,551 [INFO] CADModel:114 - Register for checkConnection events
2025-06-17 22:31:55,559 [INFO] IPUIPlugin:80 - create IPUIPlugin
2025-06-17 22:31:55,559 [INFO] PluginManager:220 - loadIPPluginJar : add mdma
2025-06-17 22:31:55,563 [INFO] IPUIPlugin:80 - create IPUIPlugin
2025-06-17 22:31:55,563 [INFO] PluginManager:220 - loadIPPluginJar : add freertos
2025-06-17 22:31:55,567 [INFO] IPUIPlugin:80 - create IPUIPlugin
2025-06-17 22:31:55,567 [INFO] PluginManager:220 - loadIPPluginJar : add gic
2025-06-17 22:31:55,573 [INFO] IPUIPlugin:80 - create IPUIPlugin
2025-06-17 22:31:55,573 [INFO] PluginManager:220 - loadIPPluginJar : add adc
2025-06-17 22:31:55,575 [INFO] IPUIPlugin:80 - create IPUIPlugin
2025-06-17 22:31:55,575 [INFO] PluginManager:220 - loadIPPluginJar : add gtzc
2025-06-17 22:31:55,576 [INFO] IPUIPlugin:80 - create IPUIPlugin
2025-06-17 22:31:55,576 [INFO] PluginManager:220 - loadIPPluginJar : add quadspi
2025-06-17 22:31:55,578 [INFO] IPUIPlugin:80 - create IPUIPlugin
2025-06-17 22:31:55,578 [INFO] PluginManager:220 - loadIPPluginJar : add aes
2025-06-17 22:31:55,579 [INFO] IPUIPlugin:80 - create IPUIPlugin
2025-06-17 22:31:55,580 [INFO] PluginManager:220 - loadIPPluginJar : add pdm2pcm
2025-06-17 22:31:55,581 [INFO] IPUIPlugin:80 - create IPUIPlugin
2025-06-17 22:31:55,599 [INFO] PluginManager:220 - loadIPPluginJar : add hash
2025-06-17 22:31:55,600 [INFO] IPUIPlugin:80 - create IPUIPlugin
2025-06-17 22:31:55,600 [INFO] PluginManager:220 - loadIPPluginJar : add tim
2025-06-17 22:31:55,601 [INFO] IPUIPlugin:80 - create IPUIPlugin
2025-06-17 22:31:55,601 [INFO] PluginManager:220 - loadIPPluginJar : add tsc
2025-06-17 22:31:55,603 [INFO] IPUIPlugin:80 - create IPUIPlugin
2025-06-17 22:31:55,603 [INFO] PluginManager:220 - loadIPPluginJar : add extmemmanager
2025-06-17 22:31:55,604 [INFO] IPUIPlugin:80 - create IPUIPlugin
2025-06-17 22:31:55,604 [INFO] PluginManager:220 - loadIPPluginJar : add ts
2025-06-17 22:31:55,605 [INFO] IPUIPlugin:80 - create IPUIPlugin
2025-06-17 22:31:55,606 [INFO] PluginManager:220 - loadIPPluginJar : add radio
2025-06-17 22:31:55,608 [INFO] IPUIPlugin:80 - create IPUIPlugin
2025-06-17 22:31:55,608 [INFO] PluginManager:220 - loadIPPluginJar : add can
2025-06-17 22:31:55,609 [INFO] IPUIPlugin:80 - create IPUIPlugin
2025-06-17 22:31:55,609 [INFO] PluginManager:220 - loadIPPluginJar : add dma3
2025-06-17 22:31:55,611 [INFO] IPUIPlugin:80 - create IPUIPlugin
2025-06-17 22:31:55,611 [INFO] PluginManager:220 - loadIPPluginJar : add dfsdm
2025-06-17 22:31:55,612 [INFO] IPUIPlugin:80 - create IPUIPlugin
2025-06-17 22:31:55,612 [INFO] PluginManager:220 - loadIPPluginJar : add spi
2025-06-17 22:31:55,614 [INFO] IPUIPlugin:80 - create IPUIPlugin
2025-06-17 22:31:55,614 [INFO] PluginManager:220 - loadIPPluginJar : add gfxmmu
2025-06-17 22:31:55,615 [INFO] IPUIPlugin:80 - create IPUIPlugin
2025-06-17 22:31:55,615 [INFO] PluginManager:220 - loadIPPluginJar : add genericplugin
2025-06-17 22:31:55,616 [INFO] IPUIPlugin:80 - create IPUIPlugin
2025-06-17 22:31:55,616 [INFO] PluginManager:220 - loadIPPluginJar : add cryp
2025-06-17 22:31:55,619 [INFO] IPUIPlugin:80 - create IPUIPlugin
2025-06-17 22:31:55,619 [INFO] PluginManager:220 - loadIPPluginJar : add gpio
2025-06-17 22:31:55,620 [INFO] IPUIPlugin:80 - create IPUIPlugin
2025-06-17 22:31:55,620 [INFO] PluginManager:220 - loadIPPluginJar : add ddr_ctrl_phy
2025-06-17 22:31:55,622 [INFO] IPUIPlugin:80 - create IPUIPlugin
2025-06-17 22:31:55,622 [INFO] PluginManager:220 - loadIPPluginJar : add comp
2025-06-17 22:31:55,624 [INFO] IPUIPlugin:80 - create IPUIPlugin
2025-06-17 22:31:55,624 [INFO] PluginManager:220 - loadIPPluginJar : add tracer_emb
2025-06-17 22:31:55,626 [INFO] IPUIPlugin:80 - create IPUIPlugin
2025-06-17 22:31:55,626 [INFO] PluginManager:220 - loadIPPluginJar : add openamp
2025-06-17 22:31:55,630 [INFO] IPUIPlugin:80 - create IPUIPlugin
2025-06-17 22:31:55,630 [INFO] PluginManager:220 - loadIPPluginJar : add stm32_wpan
2025-06-17 22:31:55,634 [INFO] IPUIPlugin:80 - create IPUIPlugin
2025-06-17 22:31:55,636 [INFO] PluginManager:220 - loadIPPluginJar : add plateformsettings
2025-06-17 22:31:55,639 [INFO] IPUIPlugin:80 - create IPUIPlugin
2025-06-17 22:31:55,639 [INFO] PluginManager:220 - loadIPPluginJar : add ipddr
2025-06-17 22:31:55,641 [INFO] IPUIPlugin:80 - create IPUIPlugin
2025-06-17 22:31:55,642 [INFO] PluginManager:220 - loadIPPluginJar : add usart
2025-06-17 22:31:55,642 [INFO] IPUIPlugin:80 - create IPUIPlugin
2025-06-17 22:31:55,643 [INFO] PluginManager:220 - loadIPPluginJar : add ltdc
2025-06-17 22:31:55,645 [INFO] IPUIPlugin:80 - create IPUIPlugin
2025-06-17 22:31:55,645 [INFO] PluginManager:220 - loadIPPluginJar : add nvic
2025-06-17 22:31:55,646 [INFO] IPUIPlugin:80 - create IPUIPlugin
2025-06-17 22:31:55,647 [INFO] PluginManager:220 - loadIPPluginJar : add fatfs
2025-06-17 22:31:55,651 [INFO] IPUIPlugin:80 - create IPUIPlugin
2025-06-17 22:31:55,651 [INFO] PluginManager:220 - loadIPPluginJar : add linkedlist
2025-06-17 22:31:55,655 [INFO] IPUIPlugin:80 - create IPUIPlugin
2025-06-17 22:31:55,655 [INFO] PluginManager:220 - loadIPPluginJar : add dma
2025-06-17 22:31:55,658 [INFO] IPUIPlugin:80 - create IPUIPlugin
2025-06-17 22:31:55,658 [INFO] PluginManager:220 - loadIPPluginJar : add fmc
2025-06-17 22:31:55,660 [INFO] IPUIPlugin:80 - create IPUIPlugin
2025-06-17 22:31:55,660 [INFO] PluginManager:220 - loadIPPluginJar : add i2s
2025-06-17 22:31:55,662 [INFO] IPUIPlugin:80 - create IPUIPlugin
2025-06-17 22:31:55,662 [INFO] PluginManager:220 - loadIPPluginJar : add ucpd
2025-06-17 22:31:55,664 [INFO] IPUIPlugin:80 - create IPUIPlugin
2025-06-17 22:31:55,664 [INFO] PluginManager:220 - loadIPPluginJar : add lorawan
2025-06-17 22:31:55,665 [INFO] IPUIPlugin:80 - create IPUIPlugin
2025-06-17 22:31:55,666 [INFO] PluginManager:220 - loadIPPluginJar : add opamp
2025-06-17 22:31:55,667 [INFO] IPUIPlugin:80 - create IPUIPlugin
2025-06-17 22:31:55,667 [INFO] PluginManager:220 - loadIPPluginJar : add i3c
2025-06-17 22:31:55,669 [INFO] IPUIPlugin:80 - create IPUIPlugin
2025-06-17 22:31:55,670 [INFO] PluginManager:220 - loadIPPluginJar : add touchsensing
2025-06-17 22:31:55,672 [INFO] IPUIPlugin:80 - create IPUIPlugin
2025-06-17 22:31:55,672 [INFO] PluginManager:220 - loadIPPluginJar : add i2c
2025-06-17 22:31:55,674 [INFO] IPUIPlugin:80 - create IPUIPlugin
2025-06-17 22:31:55,675 [INFO] PluginManager:220 - loadIPPluginJar : add resmgrutility
2025-06-17 22:31:55,677 [INFO] IPUIPlugin:80 - create IPUIPlugin
2025-06-17 22:31:55,677 [INFO] PluginManager:220 - loadIPPluginJar : add sai
2025-06-17 22:31:55,679 [INFO] IPUIPlugin:80 - create IPUIPlugin
2025-06-17 22:31:55,679 [INFO] PluginManager:220 - loadIPPluginJar : add usbx
2025-06-17 22:31:55,782 [FATAL] Updater:351 - Updater called before beeing initialized
2025-06-17 22:31:55,802 [INFO] RulesReader:64 - Compatibility file has been processed (302 Rules)
2025-06-17 22:31:55,811 [INFO] RulesReader:64 - Compatibility file has been processed (302 Rules)
2025-06-17 22:31:55,817 [INFO] CADModel:165 - CPN selected for project level
2025-06-17 22:31:55,817 [INFO] CADModel:114 - Register for checkConnection events
2025-06-17 22:31:55,817 [FATAL] Updater:351 - Updater called before beeing initialized
2025-06-17 22:31:55,817 [ERROR] CADModel:125 - Updater not yet initialized, retry later 
2025-06-17 22:31:55,994 [FATAL] Updater:351 - Updater called before beeing initialized
2025-06-17 22:31:55,995 [INFO] CADModel:165 - CPN selected for project level
2025-06-17 22:31:55,996 [INFO] CADModel:114 - Register for checkConnection events
2025-06-17 22:31:55,996 [FATAL] Updater:351 - Updater called before beeing initialized
2025-06-17 22:31:55,996 [ERROR] CADModel:125 - Updater not yet initialized, retry later 
2025-06-17 22:31:55,998 [FATAL] Updater:351 - Updater called before beeing initialized
2025-06-17 22:31:56,064 [FATAL] Updater:351 - Updater called before beeing initialized
2025-06-17 22:31:56,067 [INFO] DbMcusAds:53 - JSON generation date=Wed May 07 02:07:55 PDT 2025 (1746608875484)
2025-06-17 22:31:56,067 [FATAL] Updater:351 - Updater called before beeing initialized
2025-06-17 22:31:56,116 [WARN] DetailPanel:346 - Failed to get advertising image, set to default
2025-06-17 22:31:56,360 [FATAL] Updater:351 - Updater called before beeing initialized
2025-06-17 22:31:56,361 [FATAL] Updater:351 - Updater called before beeing initialized
2025-06-17 22:31:56,362 [FATAL] Updater:351 - Updater called before beeing initialized
2025-06-17 22:31:56,362 [WARN] DetailPanel:346 - Failed to get advertising image, set to default
2025-06-17 22:31:56,363 [FATAL] Updater:351 - Updater called before beeing initialized
2025-06-17 22:31:56,387 [ERROR] Updater:1198 - MainUpdater not yet initialized. External WinMGr cannot be set.
2025-06-17 22:31:56,388 [INFO] Updater:1134 - Updater Version found : 6.14.1
2025-06-17 22:31:56,399 [INFO] ApplicationProperties:184 - Using Application install path: /Applications/STM32CubeIDE.app/Contents/Eclipse/plugins/com.st.stm32cube.common.mx_6.14.1.202504091515
2025-06-17 22:31:56,648 [INFO] MainUpdater:2872 - connection check result : 10
2025-06-17 22:31:56,649 [INFO] MainUpdater:289 - Updater Check For Update Now.
2025-06-17 22:31:56,649 [INFO] MicroXplorer:498 - Change Database Version : DB.6.0.141
2025-06-17 22:31:56,652 [INFO] McuFinderGlobals:63 - Set McuFinder mode to 2 (CubeIDE integrated)
2025-06-17 22:31:56,652 [INFO] UserAuth:484 - Internet connection configuration mode: 1
2025-06-17 22:31:56,663 [INFO] JxBrowserEngine:152 - Initiate JxBrowser Engine with user profile folder
2025-06-17 22:31:56,823 [INFO] CheckServerUpdateThread:120 - End of CheckServer Thread
2025-06-17 22:31:57,462 [INFO] WebApp:169 - Instantiating new browser for Auth
2025-06-17 22:31:58,097 [INFO] WebApp:463 - Apply proxy settings
2025-06-17 22:31:58,106 [INFO] WebApp:508 - Chromium authenticates against Manually configured proxy
2025-06-17 22:31:58,126 [INFO] WebApp:516 - Username used for proxy authentication: 
2025-06-17 22:31:58,179 [INFO] WebApp:894 - Register for checkConnection events
2025-06-17 22:31:58,196 [INFO] WebApp:463 - Apply proxy settings
2025-06-17 22:31:58,223 [INFO] WebApp:508 - Chromium authenticates against Manually configured proxy
2025-06-17 22:31:58,239 [INFO] WebApp:516 - Username used for proxy authentication: 
2025-06-17 22:31:58,407 [INFO] WebApp:225 - Starting web application
2025-06-17 22:31:58,410 [INFO] WebApp:593 - Web application path used /Applications/STM32CubeIDE.app/Contents/Eclipse/plugins/com.st.stm32cube.common.mx_6.14.1.202504091515/db/plugins/mcufinder/reactClient1/index.html
2025-06-17 22:31:58,499 [INFO] UserAuth:484 - Internet connection configuration mode: 1
2025-06-17 22:31:59,061 [INFO] WebApp:191 - Connection restablished
2025-06-17 22:32:02,244 [WARN] PackLoader:240 - Cannot read IP mode file for STMicroelectronics.FP-SNS-MOTENVWB1.1.4.0
2025-06-17 22:32:02,251 [WARN] PackLoader:240 - Cannot read IP mode file for STMicroelectronics.FP-ATR-ASTRA1.2.0.2
2025-06-17 22:32:02,256 [WARN] PackLoader:240 - Cannot read IP mode file for STMicroelectronics.X-CUBE-SMBUS.2.1.0
2025-06-17 22:32:02,260 [WARN] PackLoader:240 - Cannot read IP mode file for STMicroelectronics.X-CUBE-ST60.1.0.0
2025-06-17 22:32:02,301 [WARN] PackLoader:240 - Cannot read IP mode file for STMicroelectronics.X-CUBE-AZRTOS-F7.1.1.0
2025-06-17 22:32:02,333 [WARN] PackLoader:240 - Cannot read IP mode file for Infineon.AIROC-Wi-Fi-Bluetooth-STM32.1.7.0
2025-06-17 22:32:02,347 [WARN] PackLoader:240 - Cannot read IP mode file for STMicroelectronics.X-CUBE-DISPLAY.3.0.0
2025-06-17 22:32:02,360 [WARN] PackLoader:240 - Cannot read IP mode file for STMicroelectronics.X-CUBE-NFC10.1.0.0
2025-06-17 22:32:02,373 [WARN] PackLoader:240 - Cannot read IP mode file for STMicroelectronics.X-CUBE-BLEMGR.4.0.0
2025-06-17 22:32:02,380 [WARN] PackLoader:240 - Cannot read IP mode file for emotas.I-CUBE-CANOPEN.1.3.0
2025-06-17 22:32:02,383 [WARN] ConditionMgr:438 - getConditionDescription Invalid condition id : Cortex-A Device cause : null
2025-06-17 22:32:02,393 [WARN] ConditionMgr:1044 - genDependencies : Invalid condition id : Cortex-A Device cause : null
2025-06-17 22:32:02,394 [WARN] ConditionMgr:1044 - genDependencies : Invalid condition id : Cortex-A Device cause : null
2025-06-17 22:32:02,394 [WARN] ConditionMgr:1044 - genDependencies : Invalid condition id : Cortex-A Device cause : null
2025-06-17 22:32:02,397 [WARN] PackLoader:240 - Cannot read IP mode file for STMicroelectronics.X-CUBE-AI.10.0.0
2025-06-17 22:32:02,400 [WARN] PackLoader:240 - Cannot read IP mode file for STMicroelectronics.FP-SNS-SMARTAG2.1.2.0
2025-06-17 22:32:02,404 [WARN] PackLoader:240 - Cannot read IP mode file for STMicroelectronics.FP-SNS-FLIGHT1.5.1.0
2025-06-17 22:32:02,412 [INFO] LogOutputStream:77 - [STDOUT_REDIRECT] 1 : Invalid condition id : UX_CORESTACK_Condition cause : null
2025-06-17 22:32:02,412 [INFO] LogOutputStream:77 - [STDOUT_REDIRECT] 1 : Invalid condition id : UX_CORESTACK_Condition cause : null
2025-06-17 22:32:02,412 [INFO] LogOutputStream:77 - [STDOUT_REDIRECT] 1 : Invalid condition id : UX_CORESTACK_Condition cause : null
2025-06-17 22:32:02,413 [INFO] LogOutputStream:77 - [STDOUT_REDIRECT] 1 : Invalid condition id : UX_CORESTACK_Condition cause : null
2025-06-17 22:32:02,413 [INFO] LogOutputStream:77 - [STDOUT_REDIRECT] 1 : Invalid condition id : UX_CORESTACK_Condition cause : null
2025-06-17 22:32:02,416 [WARN] PackLoader:240 - Cannot read IP mode file for STMicroelectronics.X-CUBE-AZRTOS-WL.2.0.0
2025-06-17 22:32:02,420 [WARN] PackLoader:240 - Cannot read IP mode file for STMicroelectronics.FP-SNS-MOTENV1.5.0.0
2025-06-17 22:32:02,426 [WARN] PackLoader:240 - Cannot read IP mode file for WES.I-CUBE-Cesium.1.3.0
2025-06-17 22:32:02,430 [WARN] PackLoader:240 - Cannot read IP mode file for STMicroelectronics.X-CUBE-BLE2.3.3.0
2025-06-17 22:32:02,435 [WARN] PackLoader:240 - Cannot read IP mode file for STMicroelectronics.X-CUBE-NFC9.1.0.0
2025-06-17 22:32:02,452 [WARN] PackLoader:240 - Cannot read IP mode file for wolfSSL.I-CUBE-wolfSSL.5.8.0
2025-06-17 22:32:02,455 [WARN] PackLoader:240 - Cannot read IP mode file for STMicroelectronics.X-CUBE-BLE1.7.1.0
2025-06-17 22:32:02,458 [WARN] PackLoader:240 - Cannot read IP mode file for wolfSSL.I-CUBE-wolfMQTT.1.19.2
2025-06-17 22:32:02,460 [WARN] PackLoader:240 - Cannot read IP mode file for STMicroelectronics.X-CUBE-AI.10.1.0
2025-06-17 22:32:02,500 [WARN] PackLoader:240 - Cannot read IP mode file for STMicroelectronics.X-CUBE-MEMS1.11.2.0
2025-06-17 22:32:02,687 [WARN] PackLoader:240 - Cannot read IP mode file for STMicroelectronics.X-CUBE-AZRTOS-G0.1.1.0
2025-06-17 22:32:02,692 [WARN] PackLoader:240 - Cannot read IP mode file for STMicroelectronics.X-CUBE-SAFEA1.1.2.2
2025-06-17 22:32:02,697 [WARN] PackLoader:240 - Cannot read IP mode file for STMicroelectronics.X-CUBE-NFC4.3.0.0
2025-06-17 22:32:02,703 [WARN] PackLoader:240 - Cannot read IP mode file for EmbeddedOffice.I-CUBE-FS-RTOS.1.0.1
2025-06-17 22:32:02,707 [WARN] PackLoader:240 - Cannot read IP mode file for STMicroelectronics.X-CUBE-WB05N.2.0.0
2025-06-17 22:32:02,710 [WARN] PackLoader:240 - Cannot read IP mode file for wolfSSL.I-CUBE-wolfTPM.3.8.0
2025-06-17 22:32:02,714 [WARN] PackLoader:240 - Cannot read IP mode file for STMicroelectronics.X-CUBE-TCPP.4.2.0
2025-06-17 22:32:02,718 [WARN] PackLoader:240 - Cannot read IP mode file for RealThread.X-CUBE-RT-Thread_Nano.4.1.1
2025-06-17 22:32:02,721 [WARN] PackLoader:240 - Cannot read IP mode file for STMicroelectronics.FP-ATR-SIGFOX1.3.2.0
2025-06-17 22:32:02,725 [WARN] PackLoader:240 - Cannot read IP mode file for STMicroelectronics.X-CUBE-EEPRMA1.5.1.0
2025-06-17 22:32:02,731 [WARN] PackLoader:240 - Cannot read IP mode file for ITTIA_DB.I-CUBE-ITTIADB.8.9.0
2025-06-17 22:32:02,735 [WARN] PackLoader:240 - Cannot read IP mode file for STMicroelectronics.X-CUBE-ST67W61.1.0.0
2025-06-17 22:32:02,766 [WARN] PackLoader:240 - Cannot read IP mode file for SEGGER.I-CUBE-embOS.1.3.1
2025-06-17 22:32:02,800 [WARN] PackLoader:240 - Cannot read IP mode file for STMicroelectronics.X-CUBE-ALGOBUILD.1.4.0
2025-06-17 22:32:02,835 [WARN] PackLoader:240 - Cannot read IP mode file for STMicroelectronics.X-CUBE-MEMS1.11.3.0
2025-06-17 22:32:02,927 [WARN] PackLoader:240 - Cannot read IP mode file for STMicroelectronics.X-CUBE-PM33A1.1.0.0
2025-06-17 22:32:02,936 [WARN] PackLoader:240 - Cannot read IP mode file for STMicroelectronics.X-CUBE-AZRTOS-F4.1.1.0
2025-06-17 22:32:02,939 [WARN] PackLoader:240 - Cannot read IP mode file for Avnet-IotConnect.X-CUBE-IoTC-DA16k-PMOD.1.0.0
2025-06-17 22:32:02,941 [WARN] PackLoader:240 - Cannot read IP mode file for STMicroelectronics.X-CUBE-ISPU.2.1.0
2025-06-17 22:32:02,951 [WARN] PackLoader:240 - Cannot read IP mode file for STMicroelectronics.X-CUBE-AZRTOS-L5.2.0.0
2025-06-17 22:32:02,956 [WARN] PackLoader:240 - Cannot read IP mode file for STMicroelectronics.X-CUBE-NFC6.3.1.0
2025-06-17 22:32:02,960 [WARN] PackLoader:240 - Cannot read IP mode file for STMicroelectronics.X-CUBE-FREERTOS.1.3.1
2025-06-17 22:32:02,963 [WARN] PackLoader:240 - Cannot read IP mode file for STMicroelectronics.X-CUBE-DPower.1.3.0
2025-06-17 22:32:02,973 [WARN] ConditionMgr:438 - getConditionDescription Invalid condition id : LAN8742 Phy interface Condition cause : null
2025-06-17 22:32:02,973 [WARN] PackLoader:240 - Cannot read IP mode file for STMicroelectronics.X-CUBE-AZRTOS-L4.2.0.0
2025-06-17 22:32:02,974 [WARN] ConditionMgr:1044 - genDependencies : Invalid condition id : LAN8742 Phy interface Condition cause : null
2025-06-17 22:32:02,974 [WARN] ConditionMgr:1044 - genDependencies : Invalid condition id : LAN8742 Phy interface Condition cause : null
2025-06-17 22:32:02,974 [WARN] ConditionMgr:1044 - genDependencies : Invalid condition id : LAN8742 Phy interface Condition cause : null
2025-06-17 22:32:02,978 [WARN] PackLoader:240 - Cannot read IP mode file for STMicroelectronics.X-CUBE-SFXS2LP1.4.0.0
2025-06-17 22:32:02,991 [WARN] PackLoader:240 - Cannot read IP mode file for STMicroelectronics.X-CUBE-AZRTOS-H7.3.3.0
2025-06-17 22:32:03,000 [WARN] ConditionMgr:438 - getConditionDescription Invalid condition id : UX DEVICE CLASS RTOS Condition cause : null
2025-06-17 22:32:03,000 [WARN] ConditionMgr:438 - getConditionDescription Invalid condition id : UX DEVICE CLASS RTOS Condition cause : null
2025-06-17 22:32:03,001 [WARN] PackLoader:240 - Cannot read IP mode file for STMicroelectronics.X-CUBE-AZRTOS-WB.2.0.0
2025-06-17 22:32:03,002 [WARN] ConditionMgr:1044 - genDependencies : Invalid condition id : UX DEVICE CLASS RTOS Condition cause : null
2025-06-17 22:32:03,002 [WARN] ConditionMgr:1044 - genDependencies : Invalid condition id : UX DEVICE CLASS RTOS Condition cause : null
2025-06-17 22:32:03,002 [WARN] ConditionMgr:1044 - genDependencies : Invalid condition id : UX DEVICE CLASS RTOS Condition cause : null
2025-06-17 22:32:03,002 [WARN] ConditionMgr:1044 - genDependencies : Invalid condition id : UX DEVICE CLASS RTOS Condition cause : null
2025-06-17 22:32:03,002 [WARN] ConditionMgr:1044 - genDependencies : Invalid condition id : UX DEVICE CLASS RTOS Condition cause : null
2025-06-17 22:32:03,011 [WARN] PackLoader:240 - Cannot read IP mode file for STMicroelectronics.X-CUBE-GNSS1.7.0.1
2025-06-17 22:32:03,016 [WARN] PackLoader:240 - Cannot read IP mode file for STMicroelectronics.X-CUBE-TOUCHGFX.4.25.0
2025-06-17 22:32:03,021 [WARN] PackLoader:240 - Cannot read IP mode file for STMicroelectronics.FP-SNS-STBOX1.2.0.0
2025-06-17 22:32:03,030 [WARN] PackLoader:240 - Cannot read IP mode file for STMicroelectronics.X-CUBE-SUBG2.5.0.0
2025-06-17 22:32:03,047 [WARN] PackLoader:240 - Cannot read IP mode file for STMicroelectronics.X-CUBE-AZRTOS-H7RS.1.1.0
2025-06-17 22:32:03,051 [WARN] PackLoader:240 - Cannot read IP mode file for Cesanta.I-CUBE-Mongoose.7.13.0
2025-06-17 22:32:03,066 [WARN] PackLoader:240 - Cannot read IP mode file for STMicroelectronics.X-CUBE-AZRTOS-G4.2.0.0
2025-06-17 22:32:03,070 [WARN] PackLoader:240 - Cannot read IP mode file for wolfSSL.I-CUBE-wolfSSH.1.4.20
2025-06-17 22:32:03,072 [WARN] PackLoader:240 - Cannot read IP mode file for STMicroelectronics.X-CUBE-NFC7.2.0.0
2025-06-17 22:32:03,082 [WARN] PackLoader:240 - Cannot read IP mode file for STMicroelectronics.X-CUBE-IPS.3.1.0
2025-06-17 22:32:03,088 [WARN] PackLoader:240 - Cannot read IP mode file for STMicroelectronics.X-CUBE-ALS.1.0.2
2025-06-17 22:32:03,090 [WARN] PackLoader:240 - Cannot read IP mode file for portGmbH.I-Cube-SoM-uGOAL.1.1.0
2025-06-17 22:32:03,098 [WARN] PackLoader:240 - Cannot read IP mode file for STMicroelectronics.X-CUBE-TOF1.3.4.3
2025-06-17 22:32:03,105 [INFO] ThirdParty:978 - Integrity check success = true
2025-06-17 22:32:03,105 [INFO] IntegrityCheckThread:100 - exiting critical section [integrity check]
2025-06-17 22:32:03,105 [INFO] IntegrityCheckThread:103 - End integrity checks thread
