$date
  Sat Oct 18 19:54:27 2025
$end
$version
  GHDL v0
$end
$timescale
  1 fs
$end
$scope module standard $end
$upscope $end
$scope module textio $end
$upscope $end
$scope module std_logic_1164 $end
$upscope $end
$scope module numeric_std $end
$upscope $end
$scope module blinky_tb $end
$var reg 1 ! clk $end
$var reg 1 " rst $end
$var reg 8 # led[7:0] $end
$var reg 1 $ sim_done $end
$scope module uut $end
$var reg 1 % clk $end
$var reg 1 & rst $end
$var reg 8 ' led[7:0] $end
$var integer 32 ( counter $end
$var reg 1 ) led_state $end
$var reg 1 * led_state_offset $end
$upscope $end
$upscope $end
$enddefinitions $end
#0
0!
1"
b00000010 #
0$
0%
1&
b00000010 '
b0 (
0)
0*
#41665000
1!
1%
#83330000
0!
0%
#100000000
0"
0&
#124995000
1!
1%
b1 (
#166660000
0!
0%
#208325000
1!
1%
b10 (
#249990000
0!
b00001010 #
0%
b00001010 '
1*
#291655000
1!
1%
b11 (
#333320000
0!
0%
#374985000
1!
1%
b100 (
#416650000
0!
0%
#458315000
1!
b00001101 #
1%
b00001101 '
b0 (
1)
#499980000
0!
0%
#541645000
1!
1%
b1 (
#583310000
0!
0%
#624975000
1!
1%
b10 (
#666640000
0!
b00000101 #
0%
b00000101 '
0*
#708305000
1!
1%
b11 (
#749970000
0!
0%
#791635000
1!
1%
b100 (
#833300000
0!
0%
#874965000
1!
b00000010 #
1%
b00000010 '
b0 (
0)
#916630000
0!
0%
#958295000
1!
1%
b1 (
#999960000
0!
0%
#1041625000
1!
1%
b10 (
#1083290000
0!
b00001010 #
0%
b00001010 '
1*
#1124955000
1!
1%
b11 (
#1166620000
0!
0%
#1208285000
1!
1%
b100 (
#1249950000
0!
0%
#1291615000
1!
b00001101 #
1%
b00001101 '
b0 (
1)
#1333280000
0!
0%
#1374945000
1!
1%
b1 (
#1416610000
0!
0%
#1458275000
1!
1%
b10 (
#1499940000
0!
b00000101 #
0%
b00000101 '
0*
#1541605000
1!
1%
b11 (
#1583270000
0!
0%
#1624935000
1!
1%
b100 (
#1666600000
0!
0%
#1708265000
1!
b00000010 #
1%
b00000010 '
b0 (
0)
#1749930000
0!
0%
#1791595000
1!
1%
b1 (
#1833260000
0!
0%
#1874925000
1!
1%
b10 (
#1916590000
0!
b00001010 #
0%
b00001010 '
1*
#1958255000
1!
1%
b11 (
#1999920000
0!
0%
#2041585000
1!
1%
b100 (
#2083250000
0!
0%
#2124915000
1!
b00001101 #
1%
b00001101 '
b0 (
1)
#2166580000
0!
0%
#2208245000
1!
1%
b1 (
#2249910000
0!
0%
#2291575000
1!
1%
b10 (
#2333240000
0!
b00000101 #
0%
b00000101 '
0*
#2374905000
1!
1%
b11 (
#2416570000
0!
0%
#2458235000
1!
1%
b100 (
#2499900000
0!
0%
#2541565000
1!
b00000010 #
1%
b00000010 '
b0 (
0)
#2583230000
0!
0%
#2624895000
1!
1%
b1 (
#2666560000
0!
0%
#2708225000
1!
1%
b10 (
#2749890000
0!
b00001010 #
0%
b00001010 '
1*
#2791555000
1!
1%
b11 (
#2833220000
0!
0%
#2874885000
1!
1%
b100 (
#2916550000
0!
0%
#2958215000
1!
b00001101 #
1%
b00001101 '
b0 (
1)
#2999880000
0!
0%
#3041545000
1!
1%
b1 (
#3083210000
0!
0%
#3124875000
1!
1%
b10 (
#3166540000
0!
b00000101 #
0%
b00000101 '
0*
#3208205000
1!
1%
b11 (
#3249870000
0!
0%
#3291535000
1!
1%
b100 (
#3333200000
0!
0%
#3374865000
1!
b00000010 #
1%
b00000010 '
b0 (
0)
#3416530000
0!
0%
#3458195000
1!
1%
b1 (
#3499860000
0!
0%
#3541525000
1!
1%
b10 (
#3583190000
0!
b00001010 #
0%
b00001010 '
1*
#3624855000
1!
1%
b11 (
#3666520000
0!
0%
#3708185000
1!
1%
b100 (
#3749850000
0!
0%
#3791515000
1!
b00001101 #
1%
b00001101 '
b0 (
1)
#3833180000
0!
0%
#3874845000
1!
1%
b1 (
#3916510000
0!
0%
#3958175000
1!
1%
b10 (
#3999840000
0!
b00000101 #
0%
b00000101 '
0*
#4041505000
1!
1%
b11 (
#4083170000
0!
0%
#4124835000
1!
1%
b100 (
#4166500000
0!
0%
#4208165000
1!
b00000010 #
1%
b00000010 '
b0 (
0)
#4249830000
0!
0%
#4291495000
1!
1%
b1 (
#4333160000
0!
0%
#4374825000
1!
1%
b10 (
#4416490000
0!
b00001010 #
0%
b00001010 '
1*
#4458155000
1!
1%
b11 (
#4499820000
0!
0%
#4541485000
1!
1%
b100 (
#4583150000
0!
0%
#4624815000
1!
b00001101 #
1%
b00001101 '
b0 (
1)
#4666480000
0!
0%
#4708145000
1!
1%
b1 (
#4749810000
0!
0%
#4791475000
1!
1%
b10 (
#4833140000
0!
b00000101 #
0%
b00000101 '
0*
#4874805000
1!
1%
b11 (
#4916470000
0!
0%
#4958135000
1!
1%
b100 (
#4999800000
0!
0%
#5041465000
1!
b00000010 #
1%
b00000010 '
b0 (
0)
#5083130000
0!
0%
#5124795000
1!
1%
b1 (
#5166460000
0!
0%
#5208125000
1!
1%
b10 (
#5249790000
0!
b00001010 #
0%
b00001010 '
1*
#5291455000
1!
1%
b11 (
#5333120000
0!
0%
#5374785000
1!
1%
b100 (
#5416450000
0!
0%
#5458115000
1!
b00001101 #
1%
b00001101 '
b0 (
1)
#5499780000
0!
0%
#5541445000
1!
1%
b1 (
#5583110000
0!
0%
#5624775000
1!
1%
b10 (
#5666440000
0!
b00000101 #
0%
b00000101 '
0*
#5708105000
1!
1%
b11 (
#5749770000
0!
0%
#5791435000
1!
1%
b100 (
#5833100000
0!
0%
#5874765000
1!
b00000010 #
1%
b00000010 '
b0 (
0)
#5916430000
0!
0%
#5958095000
1!
1%
b1 (
#5999760000
0!
0%
#6041425000
1!
1%
b10 (
#6083090000
0!
b00001010 #
0%
b00001010 '
1*
#6124755000
1!
1%
b11 (
#6166420000
0!
0%
#6208085000
1!
1%
b100 (
#6249750000
0!
0%
#6291415000
1!
b00001101 #
1%
b00001101 '
b0 (
1)
#6333080000
0!
0%
#6374745000
1!
1%
b1 (
#6416410000
0!
0%
#6458075000
1!
1%
b10 (
#6499740000
0!
b00000101 #
0%
b00000101 '
0*
#6541405000
1!
1%
b11 (
#6583070000
0!
0%
#6624735000
1!
1%
b100 (
#6666400000
0!
0%
#6708065000
1!
b00000010 #
1%
b00000010 '
b0 (
0)
#6749730000
0!
0%
#6791395000
1!
1%
b1 (
#6833060000
0!
0%
#6874725000
1!
1%
b10 (
#6916390000
0!
b00001010 #
0%
b00001010 '
1*
#6958055000
1!
1%
b11 (
#6999720000
0!
0%
#7041385000
1!
1%
b100 (
#7083050000
0!
0%
#7124715000
1!
b00001101 #
1%
b00001101 '
b0 (
1)
#7166380000
0!
0%
#7208045000
1!
1%
b1 (
#7249710000
0!
0%
#7291375000
1!
1%
b10 (
#7333040000
0!
b00000101 #
0%
b00000101 '
0*
#7374705000
1!
1%
b11 (
#7416370000
0!
0%
#7458035000
1!
1%
b100 (
#7499700000
0!
0%
#7541365000
1!
b00000010 #
1%
b00000010 '
b0 (
0)
#7583030000
0!
0%
#7624695000
1!
1%
b1 (
#7666360000
0!
0%
#7708025000
1!
1%
b10 (
#7749690000
0!
b00001010 #
0%
b00001010 '
1*
#7791355000
1!
1%
b11 (
#7833020000
0!
0%
#7874685000
1!
1%
b100 (
#7916350000
0!
0%
#7958015000
1!
b00001101 #
1%
b00001101 '
b0 (
1)
#7999680000
0!
0%
#8041345000
1!
1%
b1 (
#8083010000
0!
0%
#8124675000
1!
1%
b10 (
#8166340000
0!
b00000101 #
0%
b00000101 '
0*
#8208005000
1!
1%
b11 (
#8249670000
0!
0%
#8291335000
1!
1%
b100 (
#8333000000
0!
0%
#8374665000
1!
b00000010 #
1%
b00000010 '
b0 (
0)
#8416330000
0!
0%
#8457995000
1!
1%
b1 (
#8499660000
0!
0%
#8541325000
1!
1%
b10 (
#8582990000
0!
b00001010 #
0%
b00001010 '
1*
#8624655000
1!
1%
b11 (
#8666320000
0!
0%
#8707985000
1!
1%
b100 (
#8749650000
0!
0%
#8791315000
1!
b00001101 #
1%
b00001101 '
b0 (
1)
#8832980000
0!
0%
#8874645000
1!
1%
b1 (
#8916310000
0!
0%
#8957975000
1!
1%
b10 (
#8999640000
0!
b00000101 #
0%
b00000101 '
0*
#9041305000
1!
1%
b11 (
#9082970000
0!
0%
#9124635000
1!
1%
b100 (
#9166300000
0!
0%
#9207965000
1!
b00000010 #
1%
b00000010 '
b0 (
0)
#9249630000
0!
0%
#9291295000
1!
1%
b1 (
#9332960000
0!
0%
#9374625000
1!
1%
b10 (
#9416290000
0!
b00001010 #
0%
b00001010 '
1*
#9457955000
1!
1%
b11 (
#9499620000
0!
0%
#9541285000
1!
1%
b100 (
#9582950000
0!
0%
#9624615000
1!
b00001101 #
1%
b00001101 '
b0 (
1)
#9666280000
0!
0%
#9707945000
1!
1%
b1 (
#9749610000
0!
0%
#9791275000
1!
1%
b10 (
#9832940000
0!
b00000101 #
0%
b00000101 '
0*
#9874605000
1!
1%
b11 (
#9916270000
0!
0%
#9957935000
1!
1%
b100 (
#9999600000
0!
0%
#10041265000
1!
b00000010 #
1%
b00000010 '
b0 (
0)
#10082930000
0!
0%
#10124595000
1!
1%
b1 (
#10166260000
0!
0%
#10207925000
1!
1%
b10 (
#10249590000
0!
b00001010 #
0%
b00001010 '
1*
#10291255000
1!
1%
b11 (
#10332920000
0!
0%
#10374585000
1!
1%
b100 (
#10416250000
0!
0%
#10457915000
1!
b00001101 #
1%
b00001101 '
b0 (
1)
#10499580000
0!
0%
#10541245000
1!
1%
b1 (
#10582910000
0!
0%
#10624575000
1!
1%
b10 (
#10666240000
0!
b00000101 #
0%
b00000101 '
0*
#10707905000
1!
1%
b11 (
#10749570000
0!
0%
#10791235000
1!
1%
b100 (
#10832900000
0!
0%
#10874565000
1!
b00000010 #
1%
b00000010 '
b0 (
0)
#10916230000
0!
0%
#10957895000
1!
1%
b1 (
#10999560000
0!
0%
#11041225000
1!
1%
b10 (
#11082890000
0!
b00001010 #
0%
b00001010 '
1*
#11124555000
1!
1%
b11 (
#11166220000
0!
0%
#11207885000
1!
1%
b100 (
#11249550000
0!
0%
#11291215000
1!
b00001101 #
1%
b00001101 '
b0 (
1)
#11332880000
0!
0%
#11374545000
1!
1%
b1 (
#11416210000
0!
0%
#11457875000
1!
1%
b10 (
#11499540000
0!
b00000101 #
0%
b00000101 '
0*
#11541205000
1!
1%
b11 (
#11582870000
0!
0%
#11624535000
1!
1%
b100 (
#11666200000
0!
0%
#11707865000
1!
b00000010 #
1%
b00000010 '
b0 (
0)
#11749530000
0!
0%
#11791195000
1!
1%
b1 (
#11832860000
0!
0%
#11874525000
1!
1%
b10 (
#11916190000
0!
b00001010 #
0%
b00001010 '
1*
#11957855000
1!
1%
b11 (
#11999520000
0!
0%
#12041185000
1!
1%
b100 (
#12082850000
0!
0%
#12124515000
1!
b00001101 #
1%
b00001101 '
b0 (
1)
#12166180000
0!
0%
#12207845000
1!
1%
b1 (
#12249510000
0!
0%
#12291175000
1!
1%
b10 (
#12332840000
0!
b00000101 #
0%
b00000101 '
0*
#12374505000
1!
1%
b11 (
#12416170000
0!
0%
#12457835000
1!
1%
b100 (
#12499500000
0!
0%
#12541165000
1!
b00000010 #
1%
b00000010 '
b0 (
0)
#12582830000
0!
0%
#12624495000
1!
1%
b1 (
#12666160000
0!
0%
#12707825000
1!
1%
b10 (
#12749490000
0!
b00001010 #
0%
b00001010 '
1*
#12791155000
1!
1%
b11 (
#12832820000
0!
0%
#12874485000
1!
1%
b100 (
#12916150000
0!
0%
#12957815000
1!
b00001101 #
1%
b00001101 '
b0 (
1)
#12999480000
0!
0%
#13041145000
1!
1%
b1 (
#13082810000
0!
0%
#13124475000
1!
1%
b10 (
#13166140000
0!
b00000101 #
0%
b00000101 '
0*
#13207805000
1!
1%
b11 (
#13249470000
0!
0%
#13291135000
1!
1%
b100 (
#13332800000
0!
0%
#13374465000
1!
b00000010 #
1%
b00000010 '
b0 (
0)
#13416130000
0!
0%
#13457795000
1!
1%
b1 (
#13499460000
0!
0%
#13541125000
1!
1%
b10 (
#13582790000
0!
b00001010 #
0%
b00001010 '
1*
#13624455000
1!
1%
b11 (
#13666120000
0!
0%
#13707785000
1!
1%
b100 (
#13749450000
0!
0%
#13791115000
1!
b00001101 #
1%
b00001101 '
b0 (
1)
#13832780000
0!
0%
#13874445000
1!
1%
b1 (
#13916110000
0!
0%
#13957775000
1!
1%
b10 (
#13999440000
0!
b00000101 #
0%
b00000101 '
0*
#14041105000
1!
1%
b11 (
#14082770000
0!
0%
#14124435000
1!
1%
b100 (
#14166100000
0!
0%
#14207765000
1!
b00000010 #
1%
b00000010 '
b0 (
0)
#14249430000
0!
0%
#14291095000
1!
1%
b1 (
#14332760000
0!
0%
#14374425000
1!
1%
b10 (
#14416090000
0!
b00001010 #
0%
b00001010 '
1*
#14457755000
1!
1%
b11 (
#14499420000
0!
0%
#14541085000
1!
1%
b100 (
#14582750000
0!
0%
#14624415000
1!
b00001101 #
1%
b00001101 '
b0 (
1)
#14666080000
0!
0%
#14707745000
1!
1%
b1 (
#14749410000
0!
0%
#14791075000
1!
1%
b10 (
#14832740000
0!
b00000101 #
0%
b00000101 '
0*
#14874405000
1!
1%
b11 (
#14916070000
0!
0%
#14957735000
1!
1%
b100 (
#14999400000
0!
0%
#15041065000
1!
b00000010 #
1%
b00000010 '
b0 (
0)
#15082730000
0!
0%
#15124395000
1!
1%
b1 (
#15166060000
0!
0%
#15207725000
1!
1%
b10 (
#15249390000
0!
b00001010 #
0%
b00001010 '
1*
#15291055000
1!
1%
b11 (
#15332720000
0!
0%
#15374385000
1!
1%
b100 (
#15416050000
0!
0%
#15457715000
1!
b00001101 #
1%
b00001101 '
b0 (
1)
#15499380000
0!
0%
#15541045000
1!
1%
b1 (
#15582710000
0!
0%
#15624375000
1!
1%
b10 (
#15666040000
0!
b00000101 #
0%
b00000101 '
0*
#15707705000
1!
1%
b11 (
#15749370000
0!
0%
#15791035000
1!
1%
b100 (
#15832700000
0!
0%
#15874365000
1!
b00000010 #
1%
b00000010 '
b0 (
0)
#15916030000
0!
0%
#15957695000
1!
1%
b1 (
#15999360000
0!
0%
#16041025000
1!
1%
b10 (
#16082690000
0!
b00001010 #
0%
b00001010 '
1*
#16124355000
1!
1%
b11 (
#16166020000
0!
0%
#16207685000
1!
1%
b100 (
#16249350000
0!
0%
#16291015000
1!
b00001101 #
1%
b00001101 '
b0 (
1)
#16332680000
0!
0%
#16374345000
1!
1%
b1 (
#16416010000
0!
0%
#16457675000
1!
1%
b10 (
#16499340000
0!
b00000101 #
0%
b00000101 '
0*
#16541005000
1!
1%
b11 (
#16582670000
0!
0%
#16624335000
1!
1%
b100 (
#16666000000
0!
0%
#16707665000
1!
b00000010 #
1%
b00000010 '
b0 (
0)
#16749330000
0!
0%
#16790995000
1!
1%
b1 (
#16832660000
0!
0%
#16874325000
1!
1%
b10 (
#16915990000
0!
b00001010 #
0%
b00001010 '
1*
#16957655000
1!
1%
b11 (
#16999320000
0!
0%
#17040985000
1!
1%
b100 (
#17082650000
0!
0%
#17124315000
1!
b00001101 #
1%
b00001101 '
b0 (
1)
#17165980000
0!
0%
#17207645000
1!
1%
b1 (
#17249310000
0!
0%
#17290975000
1!
1%
b10 (
#17332640000
0!
b00000101 #
0%
b00000101 '
0*
#17374305000
1!
1%
b11 (
#17415970000
0!
0%
#17457635000
1!
1%
b100 (
#17499300000
0!
0%
#17540965000
1!
b00000010 #
1%
b00000010 '
b0 (
0)
#17582630000
0!
0%
#17624295000
1!
1%
b1 (
#17665960000
0!
0%
#17707625000
1!
1%
b10 (
#17749290000
0!
b00001010 #
0%
b00001010 '
1*
#17790955000
1!
1%
b11 (
#17832620000
0!
0%
#17874285000
1!
1%
b100 (
#17915950000
0!
0%
#17957615000
1!
b00001101 #
1%
b00001101 '
b0 (
1)
#17999280000
0!
0%
#18040945000
1!
1%
b1 (
#18082610000
0!
0%
#18124275000
1!
1%
b10 (
#18165940000
0!
b00000101 #
0%
b00000101 '
0*
#18207605000
1!
1%
b11 (
#18249270000
0!
0%
#18290935000
1!
1%
b100 (
#18332600000
0!
0%
#18374265000
1!
b00000010 #
1%
b00000010 '
b0 (
0)
#18415930000
0!
0%
#18457595000
1!
1%
b1 (
#18499260000
0!
0%
#18540925000
1!
1%
b10 (
#18582590000
0!
b00001010 #
0%
b00001010 '
1*
#18624255000
1!
1%
b11 (
#18665920000
0!
0%
#18707585000
1!
1%
b100 (
#18749250000
0!
0%
#18790915000
1!
b00001101 #
1%
b00001101 '
b0 (
1)
#18832580000
0!
0%
#18874245000
1!
1%
b1 (
#18915910000
0!
0%
#18957575000
1!
1%
b10 (
#18999240000
0!
b00000101 #
0%
b00000101 '
0*
#19040905000
1!
1%
b11 (
#19082570000
0!
0%
#19124235000
1!
1%
b100 (
#19165900000
0!
0%
#19207565000
1!
b00000010 #
1%
b00000010 '
b0 (
0)
#19249230000
0!
0%
#19290895000
1!
1%
b1 (
#19332560000
0!
0%
#19374225000
1!
1%
b10 (
#19415890000
0!
b00001010 #
0%
b00001010 '
1*
#19457555000
1!
1%
b11 (
#19499220000
0!
0%
#19540885000
1!
1%
b100 (
#19582550000
0!
0%
#19624215000
1!
b00001101 #
1%
b00001101 '
b0 (
1)
#19665880000
0!
0%
#19707545000
1!
1%
b1 (
#19749210000
0!
0%
#19790875000
1!
1%
b10 (
#19832540000
0!
b00000101 #
0%
b00000101 '
0*
#19874205000
1!
1%
b11 (
#19915870000
0!
0%
#19957535000
1!
1%
b100 (
#19999200000
0!
0%
#20040865000
1!
b00000010 #
1%
b00000010 '
b0 (
0)
#20082530000
0!
0%
#20124195000
1!
1%
b1 (
#20165860000
0!
0%
#20207525000
1!
1%
b10 (
#20249190000
0!
b00001010 #
0%
b00001010 '
1*
#20290855000
1!
1%
b11 (
#20332520000
0!
0%
#20374185000
1!
1%
b100 (
#20415850000
0!
0%
#20457515000
1!
b00001101 #
1%
b00001101 '
b0 (
1)
#20499180000
0!
0%
#20540845000
1!
1%
b1 (
#20582510000
0!
0%
#20624175000
1!
1%
b10 (
#20665840000
0!
b00000101 #
0%
b00000101 '
0*
#20707505000
1!
1%
b11 (
#20749170000
0!
0%
#20790835000
1!
1%
b100 (
#20832500000
0!
0%
#20874165000
1!
b00000010 #
1%
b00000010 '
b0 (
0)
#20915830000
0!
0%
#20957495000
1!
1%
b1 (
#20999160000
0!
0%
#21040825000
1!
1%
b10 (
#21082490000
0!
b00001010 #
0%
b00001010 '
1*
#21124155000
1!
1%
b11 (
#21165820000
0!
0%
#21207485000
1!
1%
b100 (
#21249150000
0!
0%
#21290815000
1!
b00001101 #
1%
b00001101 '
b0 (
1)
#21332480000
0!
0%
#21374145000
1!
1%
b1 (
#21415810000
0!
0%
#21457475000
1!
1%
b10 (
#21499140000
0!
b00000101 #
0%
b00000101 '
0*
#21540805000
1!
1%
b11 (
#21582470000
0!
0%
#21624135000
1!
1%
b100 (
#21665800000
0!
0%
#21707465000
1!
b00000010 #
1%
b00000010 '
b0 (
0)
#21749130000
0!
0%
#21790795000
1!
1%
b1 (
#21832460000
0!
0%
#21874125000
1!
1%
b10 (
#21915790000
0!
b00001010 #
0%
b00001010 '
1*
#21957455000
1!
1%
b11 (
#21999120000
0!
0%
#22040785000
1!
1%
b100 (
#22082450000
0!
0%
#22124115000
1!
b00001101 #
1%
b00001101 '
b0 (
1)
#22165780000
0!
0%
#22207445000
1!
1%
b1 (
#22249110000
0!
0%
#22290775000
1!
1%
b10 (
#22332440000
0!
b00000101 #
0%
b00000101 '
0*
#22374105000
1!
1%
b11 (
#22415770000
0!
0%
#22457435000
1!
1%
b100 (
#22499100000
0!
0%
#22540765000
1!
b00000010 #
1%
b00000010 '
b0 (
0)
#22582430000
0!
0%
#22624095000
1!
1%
b1 (
#22665760000
0!
0%
#22707425000
1!
1%
b10 (
#22749090000
0!
b00001010 #
0%
b00001010 '
1*
#22790755000
1!
1%
b11 (
#22832420000
0!
0%
#22874085000
1!
1%
b100 (
#22915750000
0!
0%
#22957415000
1!
b00001101 #
1%
b00001101 '
b0 (
1)
#22999080000
0!
0%
#23040745000
1!
1%
b1 (
#23082410000
0!
0%
#23124075000
1!
1%
b10 (
#23165740000
0!
b00000101 #
0%
b00000101 '
0*
#23207405000
1!
1%
b11 (
#23249070000
0!
0%
#23290735000
1!
1%
b100 (
#23332400000
0!
0%
#23374065000
1!
b00000010 #
1%
b00000010 '
b0 (
0)
#23415730000
0!
0%
#23457395000
1!
1%
b1 (
#23499060000
0!
0%
#23540725000
1!
1%
b10 (
#23582390000
0!
b00001010 #
0%
b00001010 '
1*
#23624055000
1!
1%
b11 (
#23665720000
0!
0%
#23707385000
1!
1%
b100 (
#23749050000
0!
0%
#23790715000
1!
b00001101 #
1%
b00001101 '
b0 (
1)
#23832380000
0!
0%
#23874045000
1!
1%
b1 (
#23915710000
0!
0%
#23957375000
1!
1%
b10 (
#23999040000
0!
b00000101 #
0%
b00000101 '
0*
#24040705000
1!
1%
b11 (
#24082370000
0!
0%
#24124035000
1!
1%
b100 (
#24165700000
0!
0%
#24207365000
1!
b00000010 #
1%
b00000010 '
b0 (
0)
#24249030000
0!
0%
#24290695000
1!
1%
b1 (
#24332360000
0!
0%
#24374025000
1!
1%
b10 (
#24415690000
0!
b00001010 #
0%
b00001010 '
1*
#24457355000
1!
1%
b11 (
#24499020000
0!
0%
#24540685000
1!
1%
b100 (
#24582350000
0!
0%
#24624015000
1!
b00001101 #
1%
b00001101 '
b0 (
1)
#24665680000
0!
0%
#24707345000
1!
1%
b1 (
#24749010000
0!
0%
#24790675000
1!
1%
b10 (
#24832340000
0!
b00000101 #
0%
b00000101 '
0*
#24874005000
1!
1%
b11 (
#24915670000
0!
0%
#24957335000
1!
1%
b100 (
#24999000000
0!
0%
#25040665000
1!
b00000010 #
1%
b00000010 '
b0 (
0)
#25082330000
0!
0%
#25123995000
1!
1%
b1 (
#25165660000
0!
0%
#25207325000
1!
1%
b10 (
#25248990000
0!
b00001010 #
0%
b00001010 '
1*
#25290655000
1!
1%
b11 (
#25332320000
0!
0%
#25373985000
1!
1%
b100 (
#25415650000
0!
0%
#25457315000
1!
b00001101 #
1%
b00001101 '
b0 (
1)
#25498980000
0!
0%
#25540645000
1!
1%
b1 (
#25582310000
0!
0%
#25623975000
1!
1%
b10 (
#25665640000
0!
b00000101 #
0%
b00000101 '
0*
#25707305000
1!
1%
b11 (
#25748970000
0!
0%
#25790635000
1!
1%
b100 (
#25832300000
0!
0%
#25873965000
1!
b00000010 #
1%
b00000010 '
b0 (
0)
#25915630000
0!
0%
#25957295000
1!
1%
b1 (
#25998960000
0!
0%
#26040625000
1!
1%
b10 (
#26082290000
0!
b00001010 #
0%
b00001010 '
1*
#26123955000
1!
1%
b11 (
#26165620000
0!
0%
#26207285000
1!
1%
b100 (
#26248950000
0!
0%
#26290615000
1!
b00001101 #
1%
b00001101 '
b0 (
1)
#26332280000
0!
0%
#26373945000
1!
1%
b1 (
#26415610000
0!
0%
#26457275000
1!
1%
b10 (
#26498940000
0!
b00000101 #
0%
b00000101 '
0*
#26540605000
1!
1%
b11 (
#26582270000
0!
0%
#26623935000
1!
1%
b100 (
#26665600000
0!
0%
#26707265000
1!
b00000010 #
1%
b00000010 '
b0 (
0)
#26748930000
0!
0%
#26790595000
1!
1%
b1 (
#26832260000
0!
0%
#26873925000
1!
1%
b10 (
#26915590000
0!
b00001010 #
0%
b00001010 '
1*
#26957255000
1!
1%
b11 (
#26998920000
0!
0%
#27040585000
1!
1%
b100 (
#27082250000
0!
0%
#27123915000
1!
b00001101 #
1%
b00001101 '
b0 (
1)
#27165580000
0!
0%
#27207245000
1!
1%
b1 (
#27248910000
0!
0%
#27290575000
1!
1%
b10 (
#27332240000
0!
b00000101 #
0%
b00000101 '
0*
#27373905000
1!
1%
b11 (
#27415570000
0!
0%
#27457235000
1!
1%
b100 (
#27498900000
0!
0%
#27540565000
1!
b00000010 #
1%
b00000010 '
b0 (
0)
#27582230000
0!
0%
#27623895000
1!
1%
b1 (
#27665560000
0!
0%
#27707225000
1!
1%
b10 (
#27748890000
0!
b00001010 #
0%
b00001010 '
1*
#27790555000
1!
1%
b11 (
#27832220000
0!
0%
#27873885000
1!
1%
b100 (
#27915550000
0!
0%
#27957215000
1!
b00001101 #
1%
b00001101 '
b0 (
1)
#27998880000
0!
0%
#28040545000
1!
1%
b1 (
#28082210000
0!
0%
#28123875000
1!
1%
b10 (
#28165540000
0!
b00000101 #
0%
b00000101 '
0*
#28207205000
1!
1%
b11 (
#28248870000
0!
0%
#28290535000
1!
1%
b100 (
#28332200000
0!
0%
#28373865000
1!
b00000010 #
1%
b00000010 '
b0 (
0)
#28415530000
0!
0%
#28457195000
1!
1%
b1 (
#28498860000
0!
0%
#28540525000
1!
1%
b10 (
#28582190000
0!
b00001010 #
0%
b00001010 '
1*
#28623855000
1!
1%
b11 (
#28665520000
0!
0%
#28707185000
1!
1%
b100 (
#28748850000
0!
0%
#28790515000
1!
b00001101 #
1%
b00001101 '
b0 (
1)
#28832180000
0!
0%
#28873845000
1!
1%
b1 (
#28915510000
0!
0%
#28957175000
1!
1%
b10 (
#28998840000
0!
b00000101 #
0%
b00000101 '
0*
#29040505000
1!
1%
b11 (
#29082170000
0!
0%
#29123835000
1!
1%
b100 (
#29165500000
0!
0%
#29207165000
1!
b00000010 #
1%
b00000010 '
b0 (
0)
#29248830000
0!
0%
#29290495000
1!
1%
b1 (
#29332160000
0!
0%
#29373825000
1!
1%
b10 (
#29415490000
0!
b00001010 #
0%
b00001010 '
1*
#29457155000
1!
1%
b11 (
#29498820000
0!
0%
#29540485000
1!
1%
b100 (
#29582150000
0!
0%
#29623815000
1!
b00001101 #
1%
b00001101 '
b0 (
1)
#29665480000
0!
0%
#29707145000
1!
1%
b1 (
#29748810000
0!
0%
#29790475000
1!
1%
b10 (
#29832140000
0!
b00000101 #
0%
b00000101 '
0*
#29873805000
1!
1%
b11 (
#29915470000
0!
0%
#29957135000
1!
1%
b100 (
#29998800000
0!
0%
#30040465000
1!
b00000010 #
1%
b00000010 '
b0 (
0)
#30082130000
0!
0%
#30123795000
1!
1%
b1 (
#30165460000
0!
0%
#30207125000
1!
1%
b10 (
#30248790000
0!
b00001010 #
0%
b00001010 '
1*
#30290455000
1!
1%
b11 (
#30332120000
0!
0%
#30373785000
1!
1%
b100 (
#30415450000
0!
0%
#30457115000
1!
b00001101 #
1%
b00001101 '
b0 (
1)
#30498780000
0!
0%
#30540445000
1!
1%
b1 (
#30582110000
0!
0%
#30623775000
1!
1%
b10 (
#30665440000
0!
b00000101 #
0%
b00000101 '
0*
#30707105000
1!
1%
b11 (
#30748770000
0!
0%
#30790435000
1!
1%
b100 (
#30832100000
0!
0%
#30873765000
1!
b00000010 #
1%
b00000010 '
b0 (
0)
#30915430000
0!
0%
#30957095000
1!
1%
b1 (
#30998760000
0!
0%
#31040425000
1!
1%
b10 (
#31082090000
0!
b00001010 #
0%
b00001010 '
1*
#31123755000
1!
1%
b11 (
#31165420000
0!
0%
#31207085000
1!
1%
b100 (
#31248750000
0!
0%
#31290415000
1!
b00001101 #
1%
b00001101 '
b0 (
1)
#31332080000
0!
0%
#31373745000
1!
1%
b1 (
#31415410000
0!
0%
#31457075000
1!
1%
b10 (
#31498740000
0!
b00000101 #
0%
b00000101 '
0*
#31540405000
1!
1%
b11 (
#31582070000
0!
0%
#31623735000
1!
1%
b100 (
#31665400000
0!
0%
#31707065000
1!
b00000010 #
1%
b00000010 '
b0 (
0)
#31748730000
0!
0%
#31790395000
1!
1%
b1 (
#31832060000
0!
0%
#31873725000
1!
1%
b10 (
#31915390000
0!
b00001010 #
0%
b00001010 '
1*
#31957055000
1!
1%
b11 (
#31998720000
0!
0%
#32040385000
1!
1%
b100 (
#32082050000
0!
0%
#32123715000
1!
b00001101 #
1%
b00001101 '
b0 (
1)
#32165380000
0!
0%
#32207045000
1!
1%
b1 (
#32248710000
0!
0%
#32290375000
1!
1%
b10 (
#32332040000
0!
b00000101 #
0%
b00000101 '
0*
#32373705000
1!
1%
b11 (
#32415370000
0!
0%
#32457035000
1!
1%
b100 (
#32498700000
0!
0%
#32540365000
1!
b00000010 #
1%
b00000010 '
b0 (
0)
#32582030000
0!
0%
#32623695000
1!
1%
b1 (
#32665360000
0!
0%
#32707025000
1!
1%
b10 (
#32748690000
0!
b00001010 #
0%
b00001010 '
1*
#32790355000
1!
1%
b11 (
#32832020000
0!
0%
#32873685000
1!
1%
b100 (
#32915350000
0!
0%
#32957015000
1!
b00001101 #
1%
b00001101 '
b0 (
1)
#32998680000
0!
0%
#33040345000
1!
1%
b1 (
#33082010000
0!
0%
#33123675000
1!
1%
b10 (
#33165340000
0!
b00000101 #
0%
b00000101 '
0*
#33207005000
1!
1%
b11 (
#33248670000
0!
0%
#33290335000
1!
1%
b100 (
#33332000000
0!
0%
#33373665000
1!
b00000010 #
1%
b00000010 '
b0 (
0)
#33415330000
0!
0%
#33456995000
1!
1%
b1 (
#33498660000
0!
0%
#33540325000
1!
1%
b10 (
#33581990000
0!
b00001010 #
0%
b00001010 '
1*
#33623655000
1!
1%
b11 (
#33665320000
0!
0%
#33706985000
1!
1%
b100 (
#33748650000
0!
0%
#33790315000
1!
b00001101 #
1%
b00001101 '
b0 (
1)
#33831980000
0!
0%
#33873645000
1!
1%
b1 (
#33915310000
0!
0%
#33956975000
1!
1%
b10 (
#33998640000
0!
b00000101 #
0%
b00000101 '
0*
#34040305000
1!
1%
b11 (
#34081970000
0!
0%
#34123635000
1!
1%
b100 (
#34165300000
0!
0%
#34206965000
1!
b00000010 #
1%
b00000010 '
b0 (
0)
#34248630000
0!
0%
#34290295000
1!
1%
b1 (
#34331960000
0!
0%
#34373625000
1!
1%
b10 (
#34415290000
0!
b00001010 #
0%
b00001010 '
1*
#34456955000
1!
1%
b11 (
#34498620000
0!
0%
#34540285000
1!
1%
b100 (
#34581950000
0!
0%
#34623615000
1!
b00001101 #
1%
b00001101 '
b0 (
1)
#34665280000
0!
0%
#34706945000
1!
1%
b1 (
#34748610000
0!
0%
#34790275000
1!
1%
b10 (
#34831940000
0!
b00000101 #
0%
b00000101 '
0*
#34873605000
1!
1%
b11 (
#34915270000
0!
0%
#34956935000
1!
1%
b100 (
#34998600000
0!
0%
#35040265000
1!
b00000010 #
1%
b00000010 '
b0 (
0)
#35081930000
0!
0%
#35123595000
1!
1%
b1 (
#35165260000
0!
0%
#35206925000
1!
1%
b10 (
#35248590000
0!
b00001010 #
0%
b00001010 '
1*
#35290255000
1!
1%
b11 (
#35331920000
0!
0%
#35373585000
1!
1%
b100 (
#35415250000
0!
0%
#35456915000
1!
b00001101 #
1%
b00001101 '
b0 (
1)
#35498580000
0!
0%
#35540245000
1!
1%
b1 (
#35581910000
0!
0%
#35623575000
1!
1%
b10 (
#35665240000
0!
b00000101 #
0%
b00000101 '
0*
#35706905000
1!
1%
b11 (
#35748570000
0!
0%
#35790235000
1!
1%
b100 (
#35831900000
0!
0%
#35873565000
1!
b00000010 #
1%
b00000010 '
b0 (
0)
#35915230000
0!
0%
#35956895000
1!
1%
b1 (
#35998560000
0!
0%
#36040225000
1!
1%
b10 (
#36081890000
0!
b00001010 #
0%
b00001010 '
1*
#36123555000
1!
1%
b11 (
#36165220000
0!
0%
#36206885000
1!
1%
b100 (
#36248550000
0!
0%
#36290215000
1!
b00001101 #
1%
b00001101 '
b0 (
1)
#36331880000
0!
0%
#36373545000
1!
1%
b1 (
#36415210000
0!
0%
#36456875000
1!
1%
b10 (
#36498540000
0!
b00000101 #
0%
b00000101 '
0*
#36540205000
1!
1%
b11 (
#36581870000
0!
0%
#36623535000
1!
1%
b100 (
#36665200000
0!
0%
#36706865000
1!
b00000010 #
1%
b00000010 '
b0 (
0)
#36748530000
0!
0%
#36790195000
1!
1%
b1 (
#36831860000
0!
0%
#36873525000
1!
1%
b10 (
#36915190000
0!
b00001010 #
0%
b00001010 '
1*
#36956855000
1!
1%
b11 (
#36998520000
0!
0%
#37040185000
1!
1%
b100 (
#37081850000
0!
0%
#37123515000
1!
b00001101 #
1%
b00001101 '
b0 (
1)
#37165180000
0!
0%
#37206845000
1!
1%
b1 (
#37248510000
0!
0%
#37290175000
1!
1%
b10 (
#37331840000
0!
b00000101 #
0%
b00000101 '
0*
#37373505000
1!
1%
b11 (
#37415170000
0!
0%
#37456835000
1!
1%
b100 (
#37498500000
0!
0%
#37540165000
1!
b00000010 #
1%
b00000010 '
b0 (
0)
#37581830000
0!
0%
#37623495000
1!
1%
b1 (
#37665160000
0!
0%
#37706825000
1!
1%
b10 (
#37748490000
0!
b00001010 #
0%
b00001010 '
1*
#37790155000
1!
1%
b11 (
#37831820000
0!
0%
#37873485000
1!
1%
b100 (
#37915150000
0!
0%
#37956815000
1!
b00001101 #
1%
b00001101 '
b0 (
1)
#37998480000
0!
0%
#38040145000
1!
1%
b1 (
#38081810000
0!
0%
#38123475000
1!
1%
b10 (
#38165140000
0!
b00000101 #
0%
b00000101 '
0*
#38206805000
1!
1%
b11 (
#38248470000
0!
0%
#38290135000
1!
1%
b100 (
#38331800000
0!
0%
#38373465000
1!
b00000010 #
1%
b00000010 '
b0 (
0)
#38415130000
0!
0%
#38456795000
1!
1%
b1 (
#38498460000
0!
0%
#38540125000
1!
1%
b10 (
#38581790000
0!
b00001010 #
0%
b00001010 '
1*
#38623455000
1!
1%
b11 (
#38665120000
0!
0%
#38706785000
1!
1%
b100 (
#38748450000
0!
0%
#38790115000
1!
b00001101 #
1%
b00001101 '
b0 (
1)
#38831780000
0!
0%
#38873445000
1!
1%
b1 (
#38915110000
0!
0%
#38956775000
1!
1%
b10 (
#38998440000
0!
b00000101 #
0%
b00000101 '
0*
#39040105000
1!
1%
b11 (
#39081770000
0!
0%
#39123435000
1!
1%
b100 (
#39165100000
0!
0%
#39206765000
1!
b00000010 #
1%
b00000010 '
b0 (
0)
#39248430000
0!
0%
#39290095000
1!
1%
b1 (
#39331760000
0!
0%
#39373425000
1!
1%
b10 (
#39415090000
0!
b00001010 #
0%
b00001010 '
1*
#39456755000
1!
1%
b11 (
#39498420000
0!
0%
#39540085000
1!
1%
b100 (
#39581750000
0!
0%
#39623415000
1!
b00001101 #
1%
b00001101 '
b0 (
1)
#39665080000
0!
0%
#39706745000
1!
1%
b1 (
#39748410000
0!
0%
#39790075000
1!
1%
b10 (
#39831740000
0!
b00000101 #
0%
b00000101 '
0*
#39873405000
1!
1%
b11 (
#39915070000
0!
0%
#39956735000
1!
1%
b100 (
#39998400000
0!
0%
#40040065000
1!
b00000010 #
1%
b00000010 '
b0 (
0)
#40081730000
0!
0%
#40123395000
1!
1%
b1 (
#40165060000
0!
0%
#40206725000
1!
1%
b10 (
#40248390000
0!
b00001010 #
0%
b00001010 '
1*
#40290055000
1!
1%
b11 (
#40331720000
0!
0%
#40373385000
1!
1%
b100 (
#40415050000
0!
0%
#40456715000
1!
b00001101 #
1%
b00001101 '
b0 (
1)
#40498380000
0!
0%
#40540045000
1!
1%
b1 (
#40581710000
0!
0%
#40623375000
1!
1%
b10 (
#40665040000
0!
b00000101 #
0%
b00000101 '
0*
#40706705000
1!
1%
b11 (
#40748370000
0!
0%
#40790035000
1!
1%
b100 (
#40831700000
0!
0%
#40873365000
1!
b00000010 #
1%
b00000010 '
b0 (
0)
#40915030000
0!
0%
#40956695000
1!
1%
b1 (
#40998360000
0!
0%
#41040025000
1!
1%
b10 (
#41081690000
0!
b00001010 #
0%
b00001010 '
1*
#41123355000
1!
1%
b11 (
#41165020000
0!
0%
#41206685000
1!
1%
b100 (
#41248350000
0!
0%
#41290015000
1!
b00001101 #
1%
b00001101 '
b0 (
1)
#41331680000
0!
0%
#41373345000
1!
1%
b1 (
#41415010000
0!
0%
#41456675000
1!
1%
b10 (
#41498340000
0!
b00000101 #
0%
b00000101 '
0*
#41540005000
1!
1%
b11 (
#41581670000
0!
0%
#41623335000
1!
1%
b100 (
#41665000000
0!
0%
#41706665000
1!
b00000010 #
1%
b00000010 '
b0 (
0)
#41748330000
0!
0%
#41789995000
1!
1%
b1 (
#41831660000
0!
0%
#41873325000
1!
1%
b10 (
#41914990000
0!
b00001010 #
0%
b00001010 '
1*
#41956655000
1!
1%
b11 (
#41998320000
0!
0%
#42039985000
1!
1%
b100 (
#42081650000
0!
0%
#42123315000
1!
b00001101 #
1%
b00001101 '
b0 (
1)
#42164980000
0!
0%
#42206645000
1!
1%
b1 (
#42248310000
0!
0%
#42289975000
1!
1%
b10 (
#42331640000
0!
b00000101 #
0%
b00000101 '
0*
#42373305000
1!
1%
b11 (
#42414970000
0!
0%
#42456635000
1!
1%
b100 (
#42498300000
0!
0%
#42539965000
1!
b00000010 #
1%
b00000010 '
b0 (
0)
#42581630000
0!
0%
#42623295000
1!
1%
b1 (
#42664960000
0!
0%
#42706625000
1!
1%
b10 (
#42748290000
0!
b00001010 #
0%
b00001010 '
1*
#42789955000
1!
1%
b11 (
#42831620000
0!
0%
#42873285000
1!
1%
b100 (
#42914950000
0!
0%
#42956615000
1!
b00001101 #
1%
b00001101 '
b0 (
1)
#42998280000
0!
0%
#43039945000
1!
1%
b1 (
#43081610000
0!
0%
#43123275000
1!
1%
b10 (
#43164940000
0!
b00000101 #
0%
b00000101 '
0*
#43206605000
1!
1%
b11 (
#43248270000
0!
0%
#43289935000
1!
1%
b100 (
#43331600000
0!
0%
#43373265000
1!
b00000010 #
1%
b00000010 '
b0 (
0)
#43414930000
0!
0%
#43456595000
1!
1%
b1 (
#43498260000
0!
0%
#43539925000
1!
1%
b10 (
#43581590000
0!
b00001010 #
0%
b00001010 '
1*
#43623255000
1!
1%
b11 (
#43664920000
0!
0%
#43706585000
1!
1%
b100 (
#43748250000
0!
0%
#43789915000
1!
b00001101 #
1%
b00001101 '
b0 (
1)
#43831580000
0!
0%
#43873245000
1!
1%
b1 (
#43914910000
0!
0%
#43956575000
1!
1%
b10 (
#43998240000
0!
b00000101 #
0%
b00000101 '
0*
#44039905000
1!
1%
b11 (
#44081570000
0!
0%
#44123235000
1!
1%
b100 (
#44164900000
0!
0%
#44206565000
1!
b00000010 #
1%
b00000010 '
b0 (
0)
#44248230000
0!
0%
#44289895000
1!
1%
b1 (
#44331560000
0!
0%
#44373225000
1!
1%
b10 (
#44414890000
0!
b00001010 #
0%
b00001010 '
1*
#44456555000
1!
1%
b11 (
#44498220000
0!
0%
#44539885000
1!
1%
b100 (
#44581550000
0!
0%
#44623215000
1!
b00001101 #
1%
b00001101 '
b0 (
1)
#44664880000
0!
0%
#44706545000
1!
1%
b1 (
#44748210000
0!
0%
#44789875000
1!
1%
b10 (
#44831540000
0!
b00000101 #
0%
b00000101 '
0*
#44873205000
1!
1%
b11 (
#44914870000
0!
0%
#44956535000
1!
1%
b100 (
#44998200000
0!
0%
#45039865000
1!
b00000010 #
1%
b00000010 '
b0 (
0)
#45081530000
0!
0%
#45123195000
1!
1%
b1 (
#45164860000
0!
0%
#45206525000
1!
1%
b10 (
#45248190000
0!
b00001010 #
0%
b00001010 '
1*
#45289855000
1!
1%
b11 (
#45331520000
0!
0%
#45373185000
1!
1%
b100 (
#45414850000
0!
0%
#45456515000
1!
b00001101 #
1%
b00001101 '
b0 (
1)
#45498180000
0!
0%
#45539845000
1!
1%
b1 (
#45581510000
0!
0%
#45623175000
1!
1%
b10 (
#45664840000
0!
b00000101 #
0%
b00000101 '
0*
#45706505000
1!
1%
b11 (
#45748170000
0!
0%
#45789835000
1!
1%
b100 (
#45831500000
0!
0%
#45873165000
1!
b00000010 #
1%
b00000010 '
b0 (
0)
#45914830000
0!
0%
#45956495000
1!
1%
b1 (
#45998160000
0!
0%
#46039825000
1!
1%
b10 (
#46081490000
0!
b00001010 #
0%
b00001010 '
1*
#46123155000
1!
1%
b11 (
#46164820000
0!
0%
#46206485000
1!
1%
b100 (
#46248150000
0!
0%
#46289815000
1!
b00001101 #
1%
b00001101 '
b0 (
1)
#46331480000
0!
0%
#46373145000
1!
1%
b1 (
#46414810000
0!
0%
#46456475000
1!
1%
b10 (
#46498140000
0!
b00000101 #
0%
b00000101 '
0*
#46539805000
1!
1%
b11 (
#46581470000
0!
0%
#46623135000
1!
1%
b100 (
#46664800000
0!
0%
#46706465000
1!
b00000010 #
1%
b00000010 '
b0 (
0)
#46748130000
0!
0%
#46789795000
1!
1%
b1 (
#46831460000
0!
0%
#46873125000
1!
1%
b10 (
#46914790000
0!
b00001010 #
0%
b00001010 '
1*
#46956455000
1!
1%
b11 (
#46998120000
0!
0%
#47039785000
1!
1%
b100 (
#47081450000
0!
0%
#47123115000
1!
b00001101 #
1%
b00001101 '
b0 (
1)
#47164780000
0!
0%
#47206445000
1!
1%
b1 (
#47248110000
0!
0%
#47289775000
1!
1%
b10 (
#47331440000
0!
b00000101 #
0%
b00000101 '
0*
#47373105000
1!
1%
b11 (
#47414770000
0!
0%
#47456435000
1!
1%
b100 (
#47498100000
0!
0%
#47539765000
1!
b00000010 #
1%
b00000010 '
b0 (
0)
#47581430000
0!
0%
#47623095000
1!
1%
b1 (
#47664760000
0!
0%
#47706425000
1!
1%
b10 (
#47748090000
0!
b00001010 #
0%
b00001010 '
1*
#47789755000
1!
1%
b11 (
#47831420000
0!
0%
#47873085000
1!
1%
b100 (
#47914750000
0!
0%
#47956415000
1!
b00001101 #
1%
b00001101 '
b0 (
1)
#47998080000
0!
0%
#48039745000
1!
1%
b1 (
#48081410000
0!
0%
#48123075000
1!
1%
b10 (
#48164740000
0!
b00000101 #
0%
b00000101 '
0*
#48206405000
1!
1%
b11 (
#48248070000
0!
0%
#48289735000
1!
1%
b100 (
#48331400000
0!
0%
#48373065000
1!
b00000010 #
1%
b00000010 '
b0 (
0)
#48414730000
0!
0%
#48456395000
1!
1%
b1 (
#48498060000
0!
0%
#48539725000
1!
1%
b10 (
#48581390000
0!
b00001010 #
0%
b00001010 '
1*
#48623055000
1!
1%
b11 (
#48664720000
0!
0%
#48706385000
1!
1%
b100 (
#48748050000
0!
0%
#48789715000
1!
b00001101 #
1%
b00001101 '
b0 (
1)
#48831380000
0!
0%
#48873045000
1!
1%
b1 (
#48914710000
0!
0%
#48956375000
1!
1%
b10 (
#48998040000
0!
b00000101 #
0%
b00000101 '
0*
#49039705000
1!
1%
b11 (
#49081370000
0!
0%
#49123035000
1!
1%
b100 (
#49164700000
0!
0%
#49206365000
1!
b00000010 #
1%
b00000010 '
b0 (
0)
#49248030000
0!
0%
#49289695000
1!
1%
b1 (
#49331360000
0!
0%
#49373025000
1!
1%
b10 (
#49414690000
0!
b00001010 #
0%
b00001010 '
1*
#49456355000
1!
1%
b11 (
#49498020000
0!
0%
#49539685000
1!
1%
b100 (
#49581350000
0!
0%
#49623015000
1!
b00001101 #
1%
b00001101 '
b0 (
1)
#49664680000
0!
0%
#49706345000
1!
1%
b1 (
#49748010000
0!
0%
#49789675000
1!
1%
b10 (
#49831340000
0!
b00000101 #
0%
b00000101 '
0*
#49873005000
1!
1%
b11 (
#49914670000
0!
0%
#49956335000
1!
1%
b100 (
#49998000000
0!
0%
#50039665000
1!
b00000010 #
1%
b00000010 '
b0 (
0)
#50081330000
0!
0%
#50122995000
1!
1%
b1 (
#50164660000
0!
0%
#50206325000
1!
1%
b10 (
#50247990000
0!
b00001010 #
0%
b00001010 '
1*
#50289655000
1!
1%
b11 (
#50331320000
0!
0%
#50372985000
1!
1%
b100 (
#50414650000
0!
0%
#50456315000
1!
b00001101 #
1%
b00001101 '
b0 (
1)
#50497980000
0!
0%
#50539645000
1!
1%
b1 (
#50581310000
0!
0%
#50622975000
1!
1%
b10 (
#50664640000
0!
b00000101 #
0%
b00000101 '
0*
#50706305000
1!
1%
b11 (
#50747970000
0!
0%
#50789635000
1!
1%
b100 (
#50831300000
0!
0%
#50872965000
1!
b00000010 #
1%
b00000010 '
b0 (
0)
#50914630000
0!
0%
#50956295000
1!
1%
b1 (
#50997960000
0!
0%
#51039625000
1!
1%
b10 (
#51081290000
0!
b00001010 #
0%
b00001010 '
1*
#51122955000
1!
1%
b11 (
#51164620000
0!
0%
#51206285000
1!
1%
b100 (
#51247950000
0!
0%
#51289615000
1!
b00001101 #
1%
b00001101 '
b0 (
1)
#51331280000
0!
0%
#51372945000
1!
1%
b1 (
#51414610000
0!
0%
#51456275000
1!
1%
b10 (
#51497940000
0!
b00000101 #
0%
b00000101 '
0*
#51539605000
1!
1%
b11 (
#51581270000
0!
0%
#51622935000
1!
1%
b100 (
#51664600000
0!
0%
#51706265000
1!
b00000010 #
1%
b00000010 '
b0 (
0)
#51747930000
0!
0%
#51789595000
1!
1%
b1 (
#51831260000
0!
0%
#51872925000
1!
1%
b10 (
#51914590000
0!
b00001010 #
0%
b00001010 '
1*
#51956255000
1!
1%
b11 (
#51997920000
0!
0%
#52039585000
1!
1%
b100 (
#52081250000
0!
0%
#52122915000
1!
b00001101 #
1%
b00001101 '
b0 (
1)
#52164580000
0!
0%
#52206245000
1!
1%
b1 (
#52247910000
0!
0%
#52289575000
1!
1%
b10 (
#52331240000
0!
b00000101 #
0%
b00000101 '
0*
#52372905000
1!
1%
b11 (
#52414570000
0!
0%
#52456235000
1!
1%
b100 (
#52497900000
0!
0%
#52539565000
1!
b00000010 #
1%
b00000010 '
b0 (
0)
#52581230000
0!
0%
#52622895000
1!
1%
b1 (
#52664560000
0!
0%
#52706225000
1!
1%
b10 (
#52747890000
0!
b00001010 #
0%
b00001010 '
1*
#52789555000
1!
1%
b11 (
#52831220000
0!
0%
#52872885000
1!
1%
b100 (
#52914550000
0!
0%
#52956215000
1!
b00001101 #
1%
b00001101 '
b0 (
1)
#52997880000
0!
0%
#53039545000
1!
1%
b1 (
#53081210000
0!
0%
#53122875000
1!
1%
b10 (
#53164540000
0!
b00000101 #
0%
b00000101 '
0*
#53206205000
1!
1%
b11 (
#53247870000
0!
0%
#53289535000
1!
1%
b100 (
#53331200000
0!
0%
#53372865000
1!
b00000010 #
1%
b00000010 '
b0 (
0)
#53414530000
0!
0%
#53456195000
1!
1%
b1 (
#53497860000
0!
0%
#53539525000
1!
1%
b10 (
#53581190000
0!
b00001010 #
0%
b00001010 '
1*
#53622855000
1!
1%
b11 (
#53664520000
0!
0%
#53706185000
1!
1%
b100 (
#53747850000
0!
0%
#53789515000
1!
b00001101 #
1%
b00001101 '
b0 (
1)
#53831180000
0!
0%
#53872845000
1!
1%
b1 (
#53914510000
0!
0%
#53956175000
1!
1%
b10 (
#53997840000
0!
b00000101 #
0%
b00000101 '
0*
#54039505000
1!
1%
b11 (
#54081170000
0!
0%
#54122835000
1!
1%
b100 (
#54164500000
0!
0%
#54206165000
1!
b00000010 #
1%
b00000010 '
b0 (
0)
#54247830000
0!
0%
#54289495000
1!
1%
b1 (
#54331160000
0!
0%
#54372825000
1!
1%
b10 (
#54414490000
0!
b00001010 #
0%
b00001010 '
1*
#54456155000
1!
1%
b11 (
#54497820000
0!
0%
#54539485000
1!
1%
b100 (
#54581150000
0!
0%
#54622815000
1!
b00001101 #
1%
b00001101 '
b0 (
1)
#54664480000
0!
0%
#54706145000
1!
1%
b1 (
#54747810000
0!
0%
#54789475000
1!
1%
b10 (
#54831140000
0!
b00000101 #
0%
b00000101 '
0*
#54872805000
1!
1%
b11 (
#54914470000
0!
0%
#54956135000
1!
1%
b100 (
#54997800000
0!
0%
#55039465000
1!
b00000010 #
1%
b00000010 '
b0 (
0)
#55081130000
0!
0%
#55122795000
1!
1%
b1 (
#55164460000
0!
0%
#55206125000
1!
1%
b10 (
#55247790000
0!
b00001010 #
0%
b00001010 '
1*
#55289455000
1!
1%
b11 (
#55331120000
0!
0%
#55372785000
1!
1%
b100 (
#55414450000
0!
0%
#55456115000
1!
b00001101 #
1%
b00001101 '
b0 (
1)
#55497780000
0!
0%
#55539445000
1!
1%
b1 (
#55581110000
0!
0%
#55622775000
1!
1%
b10 (
#55664440000
0!
b00000101 #
0%
b00000101 '
0*
#55706105000
1!
1%
b11 (
#55747770000
0!
0%
#55789435000
1!
1%
b100 (
#55831100000
0!
0%
#55872765000
1!
b00000010 #
1%
b00000010 '
b0 (
0)
#55914430000
0!
0%
#55956095000
1!
1%
b1 (
#55997760000
0!
0%
#56039425000
1!
1%
b10 (
#56081090000
0!
b00001010 #
0%
b00001010 '
1*
#56122755000
1!
1%
b11 (
#56164420000
0!
0%
#56206085000
1!
1%
b100 (
#56247750000
0!
0%
#56289415000
1!
b00001101 #
1%
b00001101 '
b0 (
1)
#56331080000
0!
0%
#56372745000
1!
1%
b1 (
#56414410000
0!
0%
#56456075000
1!
1%
b10 (
#56497740000
0!
b00000101 #
0%
b00000101 '
0*
#56539405000
1!
1%
b11 (
#56581070000
0!
0%
#56622735000
1!
1%
b100 (
#56664400000
0!
0%
#56706065000
1!
b00000010 #
1%
b00000010 '
b0 (
0)
#56747730000
0!
0%
#56789395000
1!
1%
b1 (
#56831060000
0!
0%
#56872725000
1!
1%
b10 (
#56914390000
0!
b00001010 #
0%
b00001010 '
1*
#56956055000
1!
1%
b11 (
#56997720000
0!
0%
#57039385000
1!
1%
b100 (
#57081050000
0!
0%
#57122715000
1!
b00001101 #
1%
b00001101 '
b0 (
1)
#57164380000
0!
0%
#57206045000
1!
1%
b1 (
#57247710000
0!
0%
#57289375000
1!
1%
b10 (
#57331040000
0!
b00000101 #
0%
b00000101 '
0*
#57372705000
1!
1%
b11 (
#57414370000
0!
0%
#57456035000
1!
1%
b100 (
#57497700000
0!
0%
#57539365000
1!
b00000010 #
1%
b00000010 '
b0 (
0)
#57581030000
0!
0%
#57622695000
1!
1%
b1 (
#57664360000
0!
0%
#57706025000
1!
1%
b10 (
#57747690000
0!
b00001010 #
0%
b00001010 '
1*
#57789355000
1!
1%
b11 (
#57831020000
0!
0%
#57872685000
1!
1%
b100 (
#57914350000
0!
0%
#57956015000
1!
b00001101 #
1%
b00001101 '
b0 (
1)
#57997680000
0!
0%
#58039345000
1!
1%
b1 (
#58081010000
0!
0%
#58122675000
1!
1%
b10 (
#58164340000
0!
b00000101 #
0%
b00000101 '
0*
#58206005000
1!
1%
b11 (
#58247670000
0!
0%
#58289335000
1!
1%
b100 (
#58331000000
0!
0%
#58372665000
1!
b00000010 #
1%
b00000010 '
b0 (
0)
#58414330000
0!
0%
#58455995000
1!
1%
b1 (
#58497660000
0!
0%
#58539325000
1!
1%
b10 (
#58580990000
0!
b00001010 #
0%
b00001010 '
1*
#58622655000
1!
1%
b11 (
#58664320000
0!
0%
#58705985000
1!
1%
b100 (
#58747650000
0!
0%
#58789315000
1!
b00001101 #
1%
b00001101 '
b0 (
1)
#58830980000
0!
0%
#58872645000
1!
1%
b1 (
#58914310000
0!
0%
#58955975000
1!
1%
b10 (
#58997640000
0!
b00000101 #
0%
b00000101 '
0*
#59039305000
1!
1%
b11 (
#59080970000
0!
0%
#59122635000
1!
1%
b100 (
#59164300000
0!
0%
#59205965000
1!
b00000010 #
1%
b00000010 '
b0 (
0)
#59247630000
0!
0%
#59289295000
1!
1%
b1 (
#59330960000
0!
0%
#59372625000
1!
1%
b10 (
#59414290000
0!
b00001010 #
0%
b00001010 '
1*
#59455955000
1!
1%
b11 (
#59497620000
0!
0%
#59539285000
1!
1%
b100 (
#59580950000
0!
0%
#59622615000
1!
b00001101 #
1%
b00001101 '
b0 (
1)
#59664280000
0!
0%
#59705945000
1!
1%
b1 (
#59747610000
0!
0%
#59789275000
1!
1%
b10 (
#59830940000
0!
b00000101 #
0%
b00000101 '
0*
#59872605000
1!
1%
b11 (
#59914270000
0!
0%
#59955935000
1!
1%
b100 (
#59997600000
0!
0%
#60039265000
1!
b00000010 #
1%
b00000010 '
b0 (
0)
#60080930000
0!
0%
#60122595000
1!
1%
b1 (
#60164260000
0!
0%
#60205925000
1!
1%
b10 (
#60247590000
0!
b00001010 #
0%
b00001010 '
1*
#60289255000
1!
1%
b11 (
#60330920000
0!
0%
#60372585000
1!
1%
b100 (
#60414250000
0!
0%
#60455915000
1!
b00001101 #
1%
b00001101 '
b0 (
1)
#60497580000
0!
0%
#60539245000
1!
1%
b1 (
#60580910000
0!
0%
#60622575000
1!
1%
b10 (
#60664240000
0!
b00000101 #
0%
b00000101 '
0*
#60705905000
1!
1%
b11 (
#60747570000
0!
0%
#60789235000
1!
1%
b100 (
#60830900000
0!
0%
#60872565000
1!
b00000010 #
1%
b00000010 '
b0 (
0)
#60914230000
0!
0%
#60955895000
1!
1%
b1 (
#60997560000
0!
0%
#61039225000
1!
1%
b10 (
#61080890000
0!
b00001010 #
0%
b00001010 '
1*
#61122555000
1!
1%
b11 (
#61164220000
0!
0%
#61205885000
1!
1%
b100 (
#61247550000
0!
0%
#61289215000
1!
b00001101 #
1%
b00001101 '
b0 (
1)
#61330880000
0!
0%
#61372545000
1!
1%
b1 (
#61414210000
0!
0%
#61455875000
1!
1%
b10 (
#61497540000
0!
b00000101 #
0%
b00000101 '
0*
#61539205000
1!
1%
b11 (
#61580870000
0!
0%
#61622535000
1!
1%
b100 (
#61664200000
0!
0%
#61705865000
1!
b00000010 #
1%
b00000010 '
b0 (
0)
#61747530000
0!
0%
#61789195000
1!
1%
b1 (
#61830860000
0!
0%
#61872525000
1!
1%
b10 (
#61914190000
0!
b00001010 #
0%
b00001010 '
1*
#61955855000
1!
1%
b11 (
#61997520000
0!
0%
#62039185000
1!
1%
b100 (
#62080850000
0!
0%
#62122515000
1!
b00001101 #
1%
b00001101 '
b0 (
1)
#62164180000
0!
0%
#62205845000
1!
1%
b1 (
#62247510000
0!
0%
#62289175000
1!
1%
b10 (
#62330840000
0!
b00000101 #
0%
b00000101 '
0*
#62372505000
1!
1%
b11 (
#62414170000
0!
0%
#62455835000
1!
1%
b100 (
#62497500000
0!
0%
#62539165000
1!
b00000010 #
1%
b00000010 '
b0 (
0)
#62580830000
0!
0%
#62622495000
1!
1%
b1 (
#62664160000
0!
0%
#62705825000
1!
1%
b10 (
#62747490000
0!
b00001010 #
0%
b00001010 '
1*
#62789155000
1!
1%
b11 (
#62830820000
0!
0%
#62872485000
1!
1%
b100 (
#62914150000
0!
0%
#62955815000
1!
b00001101 #
1%
b00001101 '
b0 (
1)
#62997480000
0!
0%
#63039145000
1!
1%
b1 (
#63080810000
0!
0%
#63122475000
1!
1%
b10 (
#63164140000
0!
b00000101 #
0%
b00000101 '
0*
#63205805000
1!
1%
b11 (
#63247470000
0!
0%
#63289135000
1!
1%
b100 (
#63330800000
0!
0%
#63372465000
1!
b00000010 #
1%
b00000010 '
b0 (
0)
#63414130000
0!
0%
#63455795000
1!
1%
b1 (
#63497460000
0!
0%
#63539125000
1!
1%
b10 (
#63580790000
0!
b00001010 #
0%
b00001010 '
1*
#63622455000
1!
1%
b11 (
#63664120000
0!
0%
#63705785000
1!
1%
b100 (
#63747450000
0!
0%
#63789115000
1!
b00001101 #
1%
b00001101 '
b0 (
1)
#63830780000
0!
0%
#63872445000
1!
1%
b1 (
#63914110000
0!
0%
#63955775000
1!
1%
b10 (
#63997440000
0!
b00000101 #
0%
b00000101 '
0*
#64039105000
1!
1%
b11 (
#64080770000
0!
0%
#64122435000
1!
1%
b100 (
#64164100000
0!
0%
#64205765000
1!
b00000010 #
1%
b00000010 '
b0 (
0)
#64247430000
0!
0%
#64289095000
1!
1%
b1 (
#64330760000
0!
0%
#64372425000
1!
1%
b10 (
#64414090000
0!
b00001010 #
0%
b00001010 '
1*
#64455755000
1!
1%
b11 (
#64497420000
0!
0%
#64539085000
1!
1%
b100 (
#64580750000
0!
0%
#64622415000
1!
b00001101 #
1%
b00001101 '
b0 (
1)
#64664080000
0!
0%
#64705745000
1!
1%
b1 (
#64747410000
0!
0%
#64789075000
1!
1%
b10 (
#64830740000
0!
b00000101 #
0%
b00000101 '
0*
#64872405000
1!
1%
b11 (
#64914070000
0!
0%
#64955735000
1!
1%
b100 (
#64997400000
0!
0%
#65039065000
1!
b00000010 #
1%
b00000010 '
b0 (
0)
#65080730000
0!
0%
#65122395000
1!
1%
b1 (
#65164060000
0!
0%
#65205725000
1!
1%
b10 (
#65247390000
0!
b00001010 #
0%
b00001010 '
1*
#65289055000
1!
1%
b11 (
#65330720000
0!
0%
#65372385000
1!
1%
b100 (
#65414050000
0!
0%
#65455715000
1!
b00001101 #
1%
b00001101 '
b0 (
1)
#65497380000
0!
0%
#65539045000
1!
1%
b1 (
#65580710000
0!
0%
#65622375000
1!
1%
b10 (
#65664040000
0!
b00000101 #
0%
b00000101 '
0*
#65705705000
1!
1%
b11 (
#65747370000
0!
0%
#65789035000
1!
1%
b100 (
#65830700000
0!
0%
#65872365000
1!
b00000010 #
1%
b00000010 '
b0 (
0)
#65914030000
0!
0%
#65955695000
1!
1%
b1 (
#65997360000
0!
0%
#66039025000
1!
1%
b10 (
#66080690000
0!
b00001010 #
0%
b00001010 '
1*
#66122355000
1!
1%
b11 (
#66164020000
0!
0%
#66205685000
1!
1%
b100 (
#66247350000
0!
0%
#66289015000
1!
b00001101 #
1%
b00001101 '
b0 (
1)
#66330680000
0!
0%
#66372345000
1!
1%
b1 (
#66414010000
0!
0%
#66455675000
1!
1%
b10 (
#66497340000
0!
b00000101 #
0%
b00000101 '
0*
#66539005000
1!
1%
b11 (
#66580670000
0!
0%
#66622335000
1!
1%
b100 (
#66664000000
0!
0%
#66705665000
1!
b00000010 #
1%
b00000010 '
b0 (
0)
#66747330000
0!
0%
#66788995000
1!
1%
b1 (
#66830660000
0!
0%
#66872325000
1!
1%
b10 (
#66913990000
0!
b00001010 #
0%
b00001010 '
1*
#66955655000
1!
1%
b11 (
#66997320000
0!
0%
#67038985000
1!
1%
b100 (
#67080650000
0!
0%
#67122315000
1!
b00001101 #
1%
b00001101 '
b0 (
1)
#67163980000
0!
0%
#67205645000
1!
1%
b1 (
#67247310000
0!
0%
#67288975000
1!
1%
b10 (
#67330640000
0!
b00000101 #
0%
b00000101 '
0*
#67372305000
1!
1%
b11 (
#67413970000
0!
0%
#67455635000
1!
1%
b100 (
#67497300000
0!
0%
#67538965000
1!
b00000010 #
1%
b00000010 '
b0 (
0)
#67580630000
0!
0%
#67622295000
1!
1%
b1 (
#67663960000
0!
0%
#67705625000
1!
1%
b10 (
#67747290000
0!
b00001010 #
0%
b00001010 '
1*
#67788955000
1!
1%
b11 (
#67830620000
0!
0%
#67872285000
1!
1%
b100 (
#67913950000
0!
0%
#67955615000
1!
b00001101 #
1%
b00001101 '
b0 (
1)
#67997280000
0!
0%
#68038945000
1!
1%
b1 (
#68080610000
0!
0%
#68122275000
1!
1%
b10 (
#68163940000
0!
b00000101 #
0%
b00000101 '
0*
#68205605000
1!
1%
b11 (
#68247270000
0!
0%
#68288935000
1!
1%
b100 (
#68330600000
0!
0%
#68372265000
1!
b00000010 #
1%
b00000010 '
b0 (
0)
#68413930000
0!
0%
#68455595000
1!
1%
b1 (
#68497260000
0!
0%
#68538925000
1!
1%
b10 (
#68580590000
0!
b00001010 #
0%
b00001010 '
1*
#68622255000
1!
1%
b11 (
#68663920000
0!
0%
#68705585000
1!
1%
b100 (
#68747250000
0!
0%
#68788915000
1!
b00001101 #
1%
b00001101 '
b0 (
1)
#68830580000
0!
0%
#68872245000
1!
1%
b1 (
#68913910000
0!
0%
#68955575000
1!
1%
b10 (
#68997240000
0!
b00000101 #
0%
b00000101 '
0*
#69038905000
1!
1%
b11 (
#69080570000
0!
0%
#69122235000
1!
1%
b100 (
#69163900000
0!
0%
#69205565000
1!
b00000010 #
1%
b00000010 '
b0 (
0)
#69247230000
0!
0%
#69288895000
1!
1%
b1 (
#69330560000
0!
0%
#69372225000
1!
1%
b10 (
#69413890000
0!
b00001010 #
0%
b00001010 '
1*
#69455555000
1!
1%
b11 (
#69497220000
0!
0%
#69538885000
1!
1%
b100 (
#69580550000
0!
0%
#69622215000
1!
b00001101 #
1%
b00001101 '
b0 (
1)
#69663880000
0!
0%
#69705545000
1!
1%
b1 (
#69747210000
0!
0%
#69788875000
1!
1%
b10 (
#69830540000
0!
b00000101 #
0%
b00000101 '
0*
#69872205000
1!
1%
b11 (
#69913870000
0!
0%
#69955535000
1!
1%
b100 (
#69997200000
0!
0%
#70038865000
1!
b00000010 #
1%
b00000010 '
b0 (
0)
#70080530000
0!
0%
#70122195000
1!
1%
b1 (
#70163860000
0!
0%
#70205525000
1!
1%
b10 (
#70247190000
0!
b00001010 #
0%
b00001010 '
1*
#70288855000
1!
1%
b11 (
#70330520000
0!
0%
#70372185000
1!
1%
b100 (
#70413850000
0!
0%
#70455515000
1!
b00001101 #
1%
b00001101 '
b0 (
1)
#70497180000
0!
0%
#70538845000
1!
1%
b1 (
#70580510000
0!
0%
#70622175000
1!
1%
b10 (
#70663840000
0!
b00000101 #
0%
b00000101 '
0*
#70705505000
1!
1%
b11 (
#70747170000
0!
0%
#70788835000
1!
1%
b100 (
#70830500000
0!
0%
#70872165000
1!
b00000010 #
1%
b00000010 '
b0 (
0)
#70913830000
0!
0%
#70955495000
1!
1%
b1 (
#70997160000
0!
0%
#71038825000
1!
1%
b10 (
#71080490000
0!
b00001010 #
0%
b00001010 '
1*
#71122155000
1!
1%
b11 (
#71163820000
0!
0%
#71205485000
1!
1%
b100 (
#71247150000
0!
0%
#71288815000
1!
b00001101 #
1%
b00001101 '
b0 (
1)
#71330480000
0!
0%
#71372145000
1!
1%
b1 (
#71413810000
0!
0%
#71455475000
1!
1%
b10 (
#71497140000
0!
b00000101 #
0%
b00000101 '
0*
#71538805000
1!
1%
b11 (
#71580470000
0!
0%
#71622135000
1!
1%
b100 (
#71663800000
0!
0%
#71705465000
1!
b00000010 #
1%
b00000010 '
b0 (
0)
#71747130000
0!
0%
#71788795000
1!
1%
b1 (
#71830460000
0!
0%
#71872125000
1!
1%
b10 (
#71913790000
0!
b00001010 #
0%
b00001010 '
1*
#71955455000
1!
1%
b11 (
#71997120000
0!
0%
#72038785000
1!
1%
b100 (
#72080450000
0!
0%
#72122115000
1!
b00001101 #
1%
b00001101 '
b0 (
1)
#72163780000
0!
0%
#72205445000
1!
1%
b1 (
#72247110000
0!
0%
#72288775000
1!
1%
b10 (
#72330440000
0!
b00000101 #
0%
b00000101 '
0*
#72372105000
1!
1%
b11 (
#72413770000
0!
0%
#72455435000
1!
1%
b100 (
#72497100000
0!
0%
#72538765000
1!
b00000010 #
1%
b00000010 '
b0 (
0)
#72580430000
0!
0%
#72622095000
1!
1%
b1 (
#72663760000
0!
0%
#72705425000
1!
1%
b10 (
#72747090000
0!
b00001010 #
0%
b00001010 '
1*
#72788755000
1!
1%
b11 (
#72830420000
0!
0%
#72872085000
1!
1%
b100 (
#72913750000
0!
0%
#72955415000
1!
b00001101 #
1%
b00001101 '
b0 (
1)
#72997080000
0!
0%
#73038745000
1!
1%
b1 (
#73080410000
0!
0%
#73122075000
1!
1%
b10 (
#73163740000
0!
b00000101 #
0%
b00000101 '
0*
#73205405000
1!
1%
b11 (
#73247070000
0!
0%
#73288735000
1!
1%
b100 (
#73330400000
0!
0%
#73372065000
1!
b00000010 #
1%
b00000010 '
b0 (
0)
#73413730000
0!
0%
#73455395000
1!
1%
b1 (
#73497060000
0!
0%
#73538725000
1!
1%
b10 (
#73580390000
0!
b00001010 #
0%
b00001010 '
1*
#73622055000
1!
1%
b11 (
#73663720000
0!
0%
#73705385000
1!
1%
b100 (
#73747050000
0!
0%
#73788715000
1!
b00001101 #
1%
b00001101 '
b0 (
1)
#73830380000
0!
0%
#73872045000
1!
1%
b1 (
#73913710000
0!
0%
#73955375000
1!
1%
b10 (
#73997040000
0!
b00000101 #
0%
b00000101 '
0*
#74038705000
1!
1%
b11 (
#74080370000
0!
0%
#74122035000
1!
1%
b100 (
#74163700000
0!
0%
#74205365000
1!
b00000010 #
1%
b00000010 '
b0 (
0)
#74247030000
0!
0%
#74288695000
1!
1%
b1 (
#74330360000
0!
0%
#74372025000
1!
1%
b10 (
#74413690000
0!
b00001010 #
0%
b00001010 '
1*
#74455355000
1!
1%
b11 (
#74497020000
0!
0%
#74538685000
1!
1%
b100 (
#74580350000
0!
0%
#74622015000
1!
b00001101 #
1%
b00001101 '
b0 (
1)
#74663680000
0!
0%
#74705345000
1!
1%
b1 (
#74747010000
0!
0%
#74788675000
1!
1%
b10 (
#74830340000
0!
b00000101 #
0%
b00000101 '
0*
#74872005000
1!
1%
b11 (
#74913670000
0!
0%
#74955335000
1!
1%
b100 (
#74997000000
0!
0%
#75038665000
1!
b00000010 #
1%
b00000010 '
b0 (
0)
#75080330000
0!
0%
#75121995000
1!
1%
b1 (
#75163660000
0!
0%
#75205325000
1!
1%
b10 (
#75246990000
0!
b00001010 #
0%
b00001010 '
1*
#75288655000
1!
1%
b11 (
#75330320000
0!
0%
#75371985000
1!
1%
b100 (
#75413650000
0!
0%
#75455315000
1!
b00001101 #
1%
b00001101 '
b0 (
1)
#75496980000
0!
0%
#75538645000
1!
1%
b1 (
#75580310000
0!
0%
#75621975000
1!
1%
b10 (
#75663640000
0!
b00000101 #
0%
b00000101 '
0*
#75705305000
1!
1%
b11 (
#75746970000
0!
0%
#75788635000
1!
1%
b100 (
#75830300000
0!
0%
#75871965000
1!
b00000010 #
1%
b00000010 '
b0 (
0)
#75913630000
0!
0%
#75955295000
1!
1%
b1 (
#75996960000
0!
0%
#76038625000
1!
1%
b10 (
#76080290000
0!
b00001010 #
0%
b00001010 '
1*
#76121955000
1!
1%
b11 (
#76163620000
0!
0%
#76205285000
1!
1%
b100 (
#76246950000
0!
0%
#76288615000
1!
b00001101 #
1%
b00001101 '
b0 (
1)
#76330280000
0!
0%
#76371945000
1!
1%
b1 (
#76413610000
0!
0%
#76455275000
1!
1%
b10 (
#76496940000
0!
b00000101 #
0%
b00000101 '
0*
#76538605000
1!
1%
b11 (
#76580270000
0!
0%
#76621935000
1!
1%
b100 (
#76663600000
0!
0%
#76705265000
1!
b00000010 #
1%
b00000010 '
b0 (
0)
#76746930000
0!
0%
#76788595000
1!
1%
b1 (
#76830260000
0!
0%
#76871925000
1!
1%
b10 (
#76913590000
0!
b00001010 #
0%
b00001010 '
1*
#76955255000
1!
1%
b11 (
#76996920000
0!
0%
#77038585000
1!
1%
b100 (
#77080250000
0!
0%
#77121915000
1!
b00001101 #
1%
b00001101 '
b0 (
1)
#77163580000
0!
0%
#77205245000
1!
1%
b1 (
#77246910000
0!
0%
#77288575000
1!
1%
b10 (
#77330240000
0!
b00000101 #
0%
b00000101 '
0*
#77371905000
1!
1%
b11 (
#77413570000
0!
0%
#77455235000
1!
1%
b100 (
#77496900000
0!
0%
#77538565000
1!
b00000010 #
1%
b00000010 '
b0 (
0)
#77580230000
0!
0%
#77621895000
1!
1%
b1 (
#77663560000
0!
0%
#77705225000
1!
1%
b10 (
#77746890000
0!
b00001010 #
0%
b00001010 '
1*
#77788555000
1!
1%
b11 (
#77830220000
0!
0%
#77871885000
1!
1%
b100 (
#77913550000
0!
0%
#77955215000
1!
b00001101 #
1%
b00001101 '
b0 (
1)
#77996880000
0!
0%
#78038545000
1!
1%
b1 (
#78080210000
0!
0%
#78121875000
1!
1%
b10 (
#78163540000
0!
b00000101 #
0%
b00000101 '
0*
#78205205000
1!
1%
b11 (
#78246870000
0!
0%
#78288535000
1!
1%
b100 (
#78330200000
0!
0%
#78371865000
1!
b00000010 #
1%
b00000010 '
b0 (
0)
#78413530000
0!
0%
#78455195000
1!
1%
b1 (
#78496860000
0!
0%
#78538525000
1!
1%
b10 (
#78580190000
0!
b00001010 #
0%
b00001010 '
1*
#78621855000
1!
1%
b11 (
#78663520000
0!
0%
#78705185000
1!
1%
b100 (
#78746850000
0!
0%
#78788515000
1!
b00001101 #
1%
b00001101 '
b0 (
1)
#78830180000
0!
0%
#78871845000
1!
1%
b1 (
#78913510000
0!
0%
#78955175000
1!
1%
b10 (
#78996840000
0!
b00000101 #
0%
b00000101 '
0*
#79038505000
1!
1%
b11 (
#79080170000
0!
0%
#79121835000
1!
1%
b100 (
#79163500000
0!
0%
#79205165000
1!
b00000010 #
1%
b00000010 '
b0 (
0)
#79246830000
0!
0%
#79288495000
1!
1%
b1 (
#79330160000
0!
0%
#79371825000
1!
1%
b10 (
#79413490000
0!
b00001010 #
0%
b00001010 '
1*
#79455155000
1!
1%
b11 (
#79496820000
0!
0%
#79538485000
1!
1%
b100 (
#79580150000
0!
0%
#79621815000
1!
b00001101 #
1%
b00001101 '
b0 (
1)
#79663480000
0!
0%
#79705145000
1!
1%
b1 (
#79746810000
0!
0%
#79788475000
1!
1%
b10 (
#79830140000
0!
b00000101 #
0%
b00000101 '
0*
#79871805000
1!
1%
b11 (
#79913470000
0!
0%
#79955135000
1!
1%
b100 (
#79996800000
0!
0%
#80038465000
1!
b00000010 #
1%
b00000010 '
b0 (
0)
#80080130000
0!
0%
#80121795000
1!
1%
b1 (
#80163460000
0!
0%
#80205125000
1!
1%
b10 (
#80246790000
0!
b00001010 #
0%
b00001010 '
1*
#80288455000
1!
1%
b11 (
#80330120000
0!
0%
#80371785000
1!
1%
b100 (
#80413450000
0!
0%
#80455115000
1!
b00001101 #
1%
b00001101 '
b0 (
1)
#80496780000
0!
0%
#80538445000
1!
1%
b1 (
#80580110000
0!
0%
#80621775000
1!
1%
b10 (
#80663440000
0!
b00000101 #
0%
b00000101 '
0*
#80705105000
1!
1%
b11 (
#80746770000
0!
0%
#80788435000
1!
1%
b100 (
#80830100000
0!
0%
#80871765000
1!
b00000010 #
1%
b00000010 '
b0 (
0)
#80913430000
0!
0%
#80955095000
1!
1%
b1 (
#80996760000
0!
0%
#81038425000
1!
1%
b10 (
#81080090000
0!
b00001010 #
0%
b00001010 '
1*
#81121755000
1!
1%
b11 (
#81163420000
0!
0%
#81205085000
1!
1%
b100 (
#81246750000
0!
0%
#81288415000
1!
b00001101 #
1%
b00001101 '
b0 (
1)
#81330080000
0!
0%
#81371745000
1!
1%
b1 (
#81413410000
0!
0%
#81455075000
1!
1%
b10 (
#81496740000
0!
b00000101 #
0%
b00000101 '
0*
#81538405000
1!
1%
b11 (
#81580070000
0!
0%
#81621735000
1!
1%
b100 (
#81663400000
0!
0%
#81705065000
1!
b00000010 #
1%
b00000010 '
b0 (
0)
#81746730000
0!
0%
#81788395000
1!
1%
b1 (
#81830060000
0!
0%
#81871725000
1!
1%
b10 (
#81913390000
0!
b00001010 #
0%
b00001010 '
1*
#81955055000
1!
1%
b11 (
#81996720000
0!
0%
#82038385000
1!
1%
b100 (
#82080050000
0!
0%
#82121715000
1!
b00001101 #
1%
b00001101 '
b0 (
1)
#82163380000
0!
0%
#82205045000
1!
1%
b1 (
#82246710000
0!
0%
#82288375000
1!
1%
b10 (
#82330040000
0!
b00000101 #
0%
b00000101 '
0*
#82371705000
1!
1%
b11 (
#82413370000
0!
0%
#82455035000
1!
1%
b100 (
#82496700000
0!
0%
#82538365000
1!
b00000010 #
1%
b00000010 '
b0 (
0)
#82580030000
0!
0%
#82621695000
1!
1%
b1 (
#82663360000
0!
0%
#82705025000
1!
1%
b10 (
#82746690000
0!
b00001010 #
0%
b00001010 '
1*
#82788355000
1!
1%
b11 (
#82830020000
0!
0%
#82871685000
1!
1%
b100 (
#82913350000
0!
0%
#82955015000
1!
b00001101 #
1%
b00001101 '
b0 (
1)
#82996680000
0!
0%
#83038345000
1!
1%
b1 (
#83080010000
0!
0%
#83121675000
1!
1%
b10 (
#83163340000
0!
b00000101 #
0%
b00000101 '
0*
#83205005000
1!
1%
b11 (
#83246670000
0!
0%
#83288335000
1!
1%
b100 (
#83330000000
0!
0%
#83371665000
1!
b00000010 #
1%
b00000010 '
b0 (
0)
#83413330000
0!
0%
#83454995000
1!
1%
b1 (
#83496660000
0!
0%
#83538325000
1!
1%
b10 (
#83579990000
0!
b00001010 #
0%
b00001010 '
1*
#83621655000
1!
1%
b11 (
#83663320000
0!
0%
#83704985000
1!
1%
b100 (
#83746650000
0!
0%
#83788315000
1!
b00001101 #
1%
b00001101 '
b0 (
1)
#83829980000
0!
0%
#83871645000
1!
1%
b1 (
#83913310000
0!
0%
#83954975000
1!
1%
b10 (
#83996640000
0!
b00000101 #
0%
b00000101 '
0*
#84038305000
1!
1%
b11 (
#84079970000
0!
0%
#84121635000
1!
1%
b100 (
#84163300000
0!
0%
#84204965000
1!
b00000010 #
1%
b00000010 '
b0 (
0)
#84246630000
0!
0%
#84288295000
1!
1%
b1 (
#84329960000
0!
0%
#84371625000
1!
1%
b10 (
#84413290000
0!
b00001010 #
0%
b00001010 '
1*
#84454955000
1!
1%
b11 (
#84496620000
0!
0%
#84538285000
1!
1%
b100 (
#84579950000
0!
0%
#84621615000
1!
b00001101 #
1%
b00001101 '
b0 (
1)
#84663280000
0!
0%
#84704945000
1!
1%
b1 (
#84746610000
0!
0%
#84788275000
1!
1%
b10 (
#84829940000
0!
b00000101 #
0%
b00000101 '
0*
#84871605000
1!
1%
b11 (
#84913270000
0!
0%
#84954935000
1!
1%
b100 (
#84996600000
0!
0%
#85038265000
1!
b00000010 #
1%
b00000010 '
b0 (
0)
#85079930000
0!
0%
#85121595000
1!
1%
b1 (
#85163260000
0!
0%
#85204925000
1!
1%
b10 (
#85246590000
0!
b00001010 #
0%
b00001010 '
1*
#85288255000
1!
1%
b11 (
#85329920000
0!
0%
#85371585000
1!
1%
b100 (
#85413250000
0!
0%
#85454915000
1!
b00001101 #
1%
b00001101 '
b0 (
1)
#85496580000
0!
0%
#85538245000
1!
1%
b1 (
#85579910000
0!
0%
#85621575000
1!
1%
b10 (
#85663240000
0!
b00000101 #
0%
b00000101 '
0*
#85704905000
1!
1%
b11 (
#85746570000
0!
0%
#85788235000
1!
1%
b100 (
#85829900000
0!
0%
#85871565000
1!
b00000010 #
1%
b00000010 '
b0 (
0)
#85913230000
0!
0%
#85954895000
1!
1%
b1 (
#85996560000
0!
0%
#86038225000
1!
1%
b10 (
#86079890000
0!
b00001010 #
0%
b00001010 '
1*
#86121555000
1!
1%
b11 (
#86163220000
0!
0%
#86204885000
1!
1%
b100 (
#86246550000
0!
0%
#86288215000
1!
b00001101 #
1%
b00001101 '
b0 (
1)
#86329880000
0!
0%
#86371545000
1!
1%
b1 (
#86413210000
0!
0%
#86454875000
1!
1%
b10 (
#86496540000
0!
b00000101 #
0%
b00000101 '
0*
#86538205000
1!
1%
b11 (
#86579870000
0!
0%
#86621535000
1!
1%
b100 (
#86663200000
0!
0%
#86704865000
1!
b00000010 #
1%
b00000010 '
b0 (
0)
#86746530000
0!
0%
#86788195000
1!
1%
b1 (
#86829860000
0!
0%
#86871525000
1!
1%
b10 (
#86913190000
0!
b00001010 #
0%
b00001010 '
1*
#86954855000
1!
1%
b11 (
#86996520000
0!
0%
#87038185000
1!
1%
b100 (
#87079850000
0!
0%
#87121515000
1!
b00001101 #
1%
b00001101 '
b0 (
1)
#87163180000
0!
0%
#87204845000
1!
1%
b1 (
#87246510000
0!
0%
#87288175000
1!
1%
b10 (
#87329840000
0!
b00000101 #
0%
b00000101 '
0*
#87371505000
1!
1%
b11 (
#87413170000
0!
0%
#87454835000
1!
1%
b100 (
#87496500000
0!
0%
#87538165000
1!
b00000010 #
1%
b00000010 '
b0 (
0)
#87579830000
0!
0%
#87621495000
1!
1%
b1 (
#87663160000
0!
0%
#87704825000
1!
1%
b10 (
#87746490000
0!
b00001010 #
0%
b00001010 '
1*
#87788155000
1!
1%
b11 (
#87829820000
0!
0%
#87871485000
1!
1%
b100 (
#87913150000
0!
0%
#87954815000
1!
b00001101 #
1%
b00001101 '
b0 (
1)
#87996480000
0!
0%
#88038145000
1!
1%
b1 (
#88079810000
0!
0%
#88121475000
1!
1%
b10 (
#88163140000
0!
b00000101 #
0%
b00000101 '
0*
#88204805000
1!
1%
b11 (
#88246470000
0!
0%
#88288135000
1!
1%
b100 (
#88329800000
0!
0%
#88371465000
1!
b00000010 #
1%
b00000010 '
b0 (
0)
#88413130000
0!
0%
#88454795000
1!
1%
b1 (
#88496460000
0!
0%
#88538125000
1!
1%
b10 (
#88579790000
0!
b00001010 #
0%
b00001010 '
1*
#88621455000
1!
1%
b11 (
#88663120000
0!
0%
#88704785000
1!
1%
b100 (
#88746450000
0!
0%
#88788115000
1!
b00001101 #
1%
b00001101 '
b0 (
1)
#88829780000
0!
0%
#88871445000
1!
1%
b1 (
#88913110000
0!
0%
#88954775000
1!
1%
b10 (
#88996440000
0!
b00000101 #
0%
b00000101 '
0*
#89038105000
1!
1%
b11 (
#89079770000
0!
0%
#89121435000
1!
1%
b100 (
#89163100000
0!
0%
#89204765000
1!
b00000010 #
1%
b00000010 '
b0 (
0)
#89246430000
0!
0%
#89288095000
1!
1%
b1 (
#89329760000
0!
0%
#89371425000
1!
1%
b10 (
#89413090000
0!
b00001010 #
0%
b00001010 '
1*
#89454755000
1!
1%
b11 (
#89496420000
0!
0%
#89538085000
1!
1%
b100 (
#89579750000
0!
0%
#89621415000
1!
b00001101 #
1%
b00001101 '
b0 (
1)
#89663080000
0!
0%
#89704745000
1!
1%
b1 (
#89746410000
0!
0%
#89788075000
1!
1%
b10 (
#89829740000
0!
b00000101 #
0%
b00000101 '
0*
#89871405000
1!
1%
b11 (
#89913070000
0!
0%
#89954735000
1!
1%
b100 (
#89996400000
0!
0%
#90038065000
1!
b00000010 #
1%
b00000010 '
b0 (
0)
#90079730000
0!
0%
#90121395000
1!
1%
b1 (
#90163060000
0!
0%
#90204725000
1!
1%
b10 (
#90246390000
0!
b00001010 #
0%
b00001010 '
1*
#90288055000
1!
1%
b11 (
#90329720000
0!
0%
#90371385000
1!
1%
b100 (
#90413050000
0!
0%
#90454715000
1!
b00001101 #
1%
b00001101 '
b0 (
1)
#90496380000
0!
0%
#90538045000
1!
1%
b1 (
#90579710000
0!
0%
#90621375000
1!
1%
b10 (
#90663040000
0!
b00000101 #
0%
b00000101 '
0*
#90704705000
1!
1%
b11 (
#90746370000
0!
0%
#90788035000
1!
1%
b100 (
#90829700000
0!
0%
#90871365000
1!
b00000010 #
1%
b00000010 '
b0 (
0)
#90913030000
0!
0%
#90954695000
1!
1%
b1 (
#90996360000
0!
0%
#91038025000
1!
1%
b10 (
#91079690000
0!
b00001010 #
0%
b00001010 '
1*
#91121355000
1!
1%
b11 (
#91163020000
0!
0%
#91204685000
1!
1%
b100 (
#91246350000
0!
0%
#91288015000
1!
b00001101 #
1%
b00001101 '
b0 (
1)
#91329680000
0!
0%
#91371345000
1!
1%
b1 (
#91413010000
0!
0%
#91454675000
1!
1%
b10 (
#91496340000
0!
b00000101 #
0%
b00000101 '
0*
#91538005000
1!
1%
b11 (
#91579670000
0!
0%
#91621335000
1!
1%
b100 (
#91663000000
0!
0%
#91704665000
1!
b00000010 #
1%
b00000010 '
b0 (
0)
#91746330000
0!
0%
#91787995000
1!
1%
b1 (
#91829660000
0!
0%
#91871325000
1!
1%
b10 (
#91912990000
0!
b00001010 #
0%
b00001010 '
1*
#91954655000
1!
1%
b11 (
#91996320000
0!
0%
#92037985000
1!
1%
b100 (
#92079650000
0!
0%
#92121315000
1!
b00001101 #
1%
b00001101 '
b0 (
1)
#92162980000
0!
0%
#92204645000
1!
1%
b1 (
#92246310000
0!
0%
#92287975000
1!
1%
b10 (
#92329640000
0!
b00000101 #
0%
b00000101 '
0*
#92371305000
1!
1%
b11 (
#92412970000
0!
0%
#92454635000
1!
1%
b100 (
#92496300000
0!
0%
#92537965000
1!
b00000010 #
1%
b00000010 '
b0 (
0)
#92579630000
0!
0%
#92621295000
1!
1%
b1 (
#92662960000
0!
0%
#92704625000
1!
1%
b10 (
#92746290000
0!
b00001010 #
0%
b00001010 '
1*
#92787955000
1!
1%
b11 (
#92829620000
0!
0%
#92871285000
1!
1%
b100 (
#92912950000
0!
0%
#92954615000
1!
b00001101 #
1%
b00001101 '
b0 (
1)
#92996280000
0!
0%
#93037945000
1!
1%
b1 (
#93079610000
0!
0%
#93121275000
1!
1%
b10 (
#93162940000
0!
b00000101 #
0%
b00000101 '
0*
#93204605000
1!
1%
b11 (
#93246270000
0!
0%
#93287935000
1!
1%
b100 (
#93329600000
0!
0%
#93371265000
1!
b00000010 #
1%
b00000010 '
b0 (
0)
#93412930000
0!
0%
#93454595000
1!
1%
b1 (
#93496260000
0!
0%
#93537925000
1!
1%
b10 (
#93579590000
0!
b00001010 #
0%
b00001010 '
1*
#93621255000
1!
1%
b11 (
#93662920000
0!
0%
#93704585000
1!
1%
b100 (
#93746250000
0!
0%
#93787915000
1!
b00001101 #
1%
b00001101 '
b0 (
1)
#93829580000
0!
0%
#93871245000
1!
1%
b1 (
#93912910000
0!
0%
#93954575000
1!
1%
b10 (
#93996240000
0!
b00000101 #
0%
b00000101 '
0*
#94037905000
1!
1%
b11 (
#94079570000
0!
0%
#94121235000
1!
1%
b100 (
#94162900000
0!
0%
#94204565000
1!
b00000010 #
1%
b00000010 '
b0 (
0)
#94246230000
0!
0%
#94287895000
1!
1%
b1 (
#94329560000
0!
0%
#94371225000
1!
1%
b10 (
#94412890000
0!
b00001010 #
0%
b00001010 '
1*
#94454555000
1!
1%
b11 (
#94496220000
0!
0%
#94537885000
1!
1%
b100 (
#94579550000
0!
0%
#94621215000
1!
b00001101 #
1%
b00001101 '
b0 (
1)
#94662880000
0!
0%
#94704545000
1!
1%
b1 (
#94746210000
0!
0%
#94787875000
1!
1%
b10 (
#94829540000
0!
b00000101 #
0%
b00000101 '
0*
#94871205000
1!
1%
b11 (
#94912870000
0!
0%
#94954535000
1!
1%
b100 (
#94996200000
0!
0%
#95037865000
1!
b00000010 #
1%
b00000010 '
b0 (
0)
#95079530000
0!
0%
#95121195000
1!
1%
b1 (
#95162860000
0!
0%
#95204525000
1!
1%
b10 (
#95246190000
0!
b00001010 #
0%
b00001010 '
1*
#95287855000
1!
1%
b11 (
#95329520000
0!
0%
#95371185000
1!
1%
b100 (
#95412850000
0!
0%
#95454515000
1!
b00001101 #
1%
b00001101 '
b0 (
1)
#95496180000
0!
0%
#95537845000
1!
1%
b1 (
#95579510000
0!
0%
#95621175000
1!
1%
b10 (
#95662840000
0!
b00000101 #
0%
b00000101 '
0*
#95704505000
1!
1%
b11 (
#95746170000
0!
0%
#95787835000
1!
1%
b100 (
#95829500000
0!
0%
#95871165000
1!
b00000010 #
1%
b00000010 '
b0 (
0)
#95912830000
0!
0%
#95954495000
1!
1%
b1 (
#95996160000
0!
0%
#96037825000
1!
1%
b10 (
#96079490000
0!
b00001010 #
0%
b00001010 '
1*
#96121155000
1!
1%
b11 (
#96162820000
0!
0%
#96204485000
1!
1%
b100 (
#96246150000
0!
0%
#96287815000
1!
b00001101 #
1%
b00001101 '
b0 (
1)
#96329480000
0!
0%
#96371145000
1!
1%
b1 (
#96412810000
0!
0%
#96454475000
1!
1%
b10 (
#96496140000
0!
b00000101 #
0%
b00000101 '
0*
#96537805000
1!
1%
b11 (
#96579470000
0!
0%
#96621135000
1!
1%
b100 (
#96662800000
0!
0%
#96704465000
1!
b00000010 #
1%
b00000010 '
b0 (
0)
#96746130000
0!
0%
#96787795000
1!
1%
b1 (
#96829460000
0!
0%
#96871125000
1!
1%
b10 (
#96912790000
0!
b00001010 #
0%
b00001010 '
1*
#96954455000
1!
1%
b11 (
#96996120000
0!
0%
#97037785000
1!
1%
b100 (
#97079450000
0!
0%
#97121115000
1!
b00001101 #
1%
b00001101 '
b0 (
1)
#97162780000
0!
0%
#97204445000
1!
1%
b1 (
#97246110000
0!
0%
#97287775000
1!
1%
b10 (
#97329440000
0!
b00000101 #
0%
b00000101 '
0*
#97371105000
1!
1%
b11 (
#97412770000
0!
0%
#97454435000
1!
1%
b100 (
#97496100000
0!
0%
#97537765000
1!
b00000010 #
1%
b00000010 '
b0 (
0)
#97579430000
0!
0%
#97621095000
1!
1%
b1 (
#97662760000
0!
0%
#97704425000
1!
1%
b10 (
#97746090000
0!
b00001010 #
0%
b00001010 '
1*
#97787755000
1!
1%
b11 (
#97829420000
0!
0%
#97871085000
1!
1%
b100 (
#97912750000
0!
0%
#97954415000
1!
b00001101 #
1%
b00001101 '
b0 (
1)
#97996080000
0!
0%
#98037745000
1!
1%
b1 (
#98079410000
0!
0%
#98121075000
1!
1%
b10 (
#98162740000
0!
b00000101 #
0%
b00000101 '
0*
#98204405000
1!
1%
b11 (
#98246070000
0!
0%
#98287735000
1!
1%
b100 (
#98329400000
0!
0%
#98371065000
1!
b00000010 #
1%
b00000010 '
b0 (
0)
#98412730000
0!
0%
#98454395000
1!
1%
b1 (
#98496060000
0!
0%
#98537725000
1!
1%
b10 (
#98579390000
0!
b00001010 #
0%
b00001010 '
1*
#98621055000
1!
1%
b11 (
#98662720000
0!
0%
#98704385000
1!
1%
b100 (
#98746050000
0!
0%
#98787715000
1!
b00001101 #
1%
b00001101 '
b0 (
1)
#98829380000
0!
0%
#98871045000
1!
1%
b1 (
#98912710000
0!
0%
#98954375000
1!
1%
b10 (
#98996040000
0!
b00000101 #
0%
b00000101 '
0*
#99037705000
1!
1%
b11 (
#99079370000
0!
0%
#99121035000
1!
1%
b100 (
#99162700000
0!
0%
#99204365000
1!
b00000010 #
1%
b00000010 '
b0 (
0)
#99246030000
0!
0%
#99287695000
1!
1%
b1 (
#99329360000
0!
0%
#99371025000
1!
1%
b10 (
#99412690000
0!
b00001010 #
0%
b00001010 '
1*
#99454355000
1!
1%
b11 (
#99496020000
0!
0%
#99537685000
1!
1%
b100 (
#99579350000
0!
0%
#99621015000
1!
b00001101 #
1%
b00001101 '
b0 (
1)
#99662680000
0!
0%
#99704345000
1!
1%
b1 (
#99746010000
0!
0%
#99787675000
1!
1%
b10 (
#99829340000
0!
b00000101 #
0%
b00000101 '
0*
#99871005000
1!
1%
b11 (
#99912670000
0!
0%
#99954335000
1!
1%
b100 (
#99996000000
0!
0%
#100037665000
1!
b00000010 #
1%
b00000010 '
b0 (
0)
#100079330000
0!
0%
#100120995000
1!
1%
b1 (
#100162660000
0!
0%
#100204325000
1!
1%
b10 (
#100245990000
0!
b00001010 #
0%
b00001010 '
1*
#100287655000
1!
1%
b11 (
#100329320000
0!
0%
#100370985000
1!
1%
b100 (
#100412650000
0!
0%
#100454315000
1!
b00001101 #
1%
b00001101 '
b0 (
1)
#100495980000
0!
0%
#100537645000
1!
1%
b1 (
#100579310000
0!
0%
#100620975000
1!
1%
b10 (
#100662640000
0!
b00000101 #
0%
b00000101 '
0*
#100704305000
1!
1%
b11 (
#100745970000
0!
0%
#100787635000
1!
1%
b100 (
#100829300000
0!
0%
#100870965000
1!
b00000010 #
1%
b00000010 '
b0 (
0)
#100912630000
0!
0%
#100954295000
1!
1%
b1 (
#100995960000
0!
0%
#101037625000
1!
1%
b10 (
#101079290000
0!
b00001010 #
0%
b00001010 '
1*
#101120955000
1!
1%
b11 (
#101162620000
0!
0%
#101204285000
1!
1%
b100 (
#101245950000
0!
0%
#101287615000
1!
b00001101 #
1%
b00001101 '
b0 (
1)
#101329280000
0!
0%
#101370945000
1!
1%
b1 (
#101412610000
0!
0%
#101454275000
1!
1%
b10 (
#101495940000
0!
b00000101 #
0%
b00000101 '
0*
#101537605000
1!
1%
b11 (
#101579270000
0!
0%
#101620935000
1!
1%
b100 (
#101662600000
0!
0%
#101704265000
1!
b00000010 #
1%
b00000010 '
b0 (
0)
#101745930000
0!
0%
#101787595000
1!
1%
b1 (
#101829260000
0!
0%
#101870925000
1!
1%
b10 (
#101912590000
0!
b00001010 #
0%
b00001010 '
1*
#101954255000
1!
1%
b11 (
#101995920000
0!
0%
#102037585000
1!
1%
b100 (
#102079250000
0!
0%
#102120915000
1!
b00001101 #
1%
b00001101 '
b0 (
1)
#102162580000
0!
0%
#102204245000
1!
1%
b1 (
#102245910000
0!
0%
#102287575000
1!
1%
b10 (
#102329240000
0!
b00000101 #
0%
b00000101 '
0*
#102370905000
1!
1%
b11 (
#102412570000
0!
0%
#102454235000
1!
1%
b100 (
#102495900000
0!
0%
#102537565000
1!
b00000010 #
1%
b00000010 '
b0 (
0)
#102579230000
0!
0%
#102620895000
1!
1%
b1 (
#102662560000
0!
0%
#102704225000
1!
1%
b10 (
#102745890000
0!
b00001010 #
0%
b00001010 '
1*
#102787555000
1!
1%
b11 (
#102829220000
0!
0%
#102870885000
1!
1%
b100 (
#102912550000
0!
0%
#102954215000
1!
b00001101 #
1%
b00001101 '
b0 (
1)
#102995880000
0!
0%
#103037545000
1!
1%
b1 (
#103079210000
0!
0%
#103120875000
1!
1%
b10 (
#103162540000
0!
b00000101 #
0%
b00000101 '
0*
#103204205000
1!
1%
b11 (
#103245870000
0!
0%
#103287535000
1!
1%
b100 (
#103329200000
0!
0%
#103370865000
1!
b00000010 #
1%
b00000010 '
b0 (
0)
#103412530000
0!
0%
#103454195000
1!
1%
b1 (
#103495860000
0!
0%
#103537525000
1!
1%
b10 (
#103579190000
0!
b00001010 #
0%
b00001010 '
1*
#103620855000
1!
1%
b11 (
#103662520000
0!
0%
#103704185000
1!
1%
b100 (
#103745850000
0!
0%
#103787515000
1!
b00001101 #
1%
b00001101 '
b0 (
1)
#103829180000
0!
0%
#103870845000
1!
1%
b1 (
#103912510000
0!
0%
#103954175000
1!
1%
b10 (
#103995840000
0!
b00000101 #
0%
b00000101 '
0*
#104037505000
1!
1%
b11 (
#104079170000
0!
0%
#104120835000
1!
1%
b100 (
#104162500000
0!
0%
#104204165000
1!
b00000010 #
1%
b00000010 '
b0 (
0)
#104245830000
0!
0%
#104287495000
1!
1%
b1 (
#104329160000
0!
0%
#104370825000
1!
1%
b10 (
#104412490000
0!
b00001010 #
0%
b00001010 '
1*
#104454155000
1!
1%
b11 (
#104495820000
0!
0%
#104537485000
1!
1%
b100 (
#104579150000
0!
0%
#104620815000
1!
b00001101 #
1%
b00001101 '
b0 (
1)
#104662480000
0!
0%
#104704145000
1!
1%
b1 (
#104745810000
0!
0%
#104787475000
1!
1%
b10 (
#104829140000
0!
b00000101 #
0%
b00000101 '
0*
#104870805000
1!
1%
b11 (
#104912470000
0!
0%
#104954135000
1!
1%
b100 (
#104995800000
0!
0%
#105037465000
1!
b00000010 #
1%
b00000010 '
b0 (
0)
#105079130000
0!
0%
#105120795000
1!
1%
b1 (
#105162460000
0!
0%
#105204125000
1!
1%
b10 (
#105245790000
0!
b00001010 #
0%
b00001010 '
1*
#105287455000
1!
1%
b11 (
#105329120000
0!
0%
#105370785000
1!
1%
b100 (
#105412450000
0!
0%
#105454115000
1!
b00001101 #
1%
b00001101 '
b0 (
1)
#105495780000
0!
0%
#105537445000
1!
1%
b1 (
#105579110000
0!
0%
#105620775000
1!
1%
b10 (
#105662440000
0!
b00000101 #
0%
b00000101 '
0*
#105704105000
1!
1%
b11 (
#105745770000
0!
0%
#105787435000
1!
1%
b100 (
#105829100000
0!
0%
#105870765000
1!
b00000010 #
1%
b00000010 '
b0 (
0)
#105912430000
0!
0%
#105954095000
1!
1%
b1 (
#105995760000
0!
0%
#106037425000
1!
1%
b10 (
#106079090000
0!
b00001010 #
0%
b00001010 '
1*
#106120755000
1!
1%
b11 (
#106162420000
0!
0%
#106204085000
1!
1%
b100 (
#106245750000
0!
0%
#106287415000
1!
b00001101 #
1%
b00001101 '
b0 (
1)
#106329080000
0!
0%
#106370745000
1!
1%
b1 (
#106412410000
0!
0%
#106454075000
1!
1%
b10 (
#106495740000
0!
b00000101 #
0%
b00000101 '
0*
#106537405000
1!
1%
b11 (
#106579070000
0!
0%
#106620735000
1!
1%
b100 (
#106662400000
0!
0%
#106704065000
1!
b00000010 #
1%
b00000010 '
b0 (
0)
#106745730000
0!
0%
#106787395000
1!
1%
b1 (
#106829060000
0!
0%
#106870725000
1!
1%
b10 (
#106912390000
0!
b00001010 #
0%
b00001010 '
1*
#106954055000
1!
1%
b11 (
#106995720000
0!
0%
#107037385000
1!
1%
b100 (
#107079050000
0!
0%
#107120715000
1!
b00001101 #
1%
b00001101 '
b0 (
1)
#107162380000
0!
0%
#107204045000
1!
1%
b1 (
#107245710000
0!
0%
#107287375000
1!
1%
b10 (
#107329040000
0!
b00000101 #
0%
b00000101 '
0*
#107370705000
1!
1%
b11 (
#107412370000
0!
0%
#107454035000
1!
1%
b100 (
#107495700000
0!
0%
#107537365000
1!
b00000010 #
1%
b00000010 '
b0 (
0)
#107579030000
0!
0%
#107620695000
1!
1%
b1 (
#107662360000
0!
0%
#107704025000
1!
1%
b10 (
#107745690000
0!
b00001010 #
0%
b00001010 '
1*
#107787355000
1!
1%
b11 (
#107829020000
0!
0%
#107870685000
1!
1%
b100 (
#107912350000
0!
0%
#107954015000
1!
b00001101 #
1%
b00001101 '
b0 (
1)
#107995680000
0!
0%
#108037345000
1!
1%
b1 (
#108079010000
0!
0%
#108120675000
1!
1%
b10 (
#108162340000
0!
b00000101 #
0%
b00000101 '
0*
#108204005000
1!
1%
b11 (
#108245670000
0!
0%
#108287335000
1!
1%
b100 (
#108329000000
0!
0%
#108370665000
1!
b00000010 #
1%
b00000010 '
b0 (
0)
#108412330000
0!
0%
#108453995000
1!
1%
b1 (
#108495660000
0!
0%
#108537325000
1!
1%
b10 (
#108578990000
0!
b00001010 #
0%
b00001010 '
1*
#108620655000
1!
1%
b11 (
#108662320000
0!
0%
#108703985000
1!
1%
b100 (
#108745650000
0!
0%
#108787315000
1!
b00001101 #
1%
b00001101 '
b0 (
1)
#108828980000
0!
0%
#108870645000
1!
1%
b1 (
#108912310000
0!
0%
#108953975000
1!
1%
b10 (
#108995640000
0!
b00000101 #
0%
b00000101 '
0*
#109037305000
1!
1%
b11 (
#109078970000
0!
0%
#109120635000
1!
1%
b100 (
#109162300000
0!
0%
#109203965000
1!
b00000010 #
1%
b00000010 '
b0 (
0)
#109245630000
0!
0%
#109287295000
1!
1%
b1 (
#109328960000
0!
0%
#109370625000
1!
1%
b10 (
#109412290000
0!
b00001010 #
0%
b00001010 '
1*
#109453955000
1!
1%
b11 (
#109495620000
0!
0%
#109537285000
1!
1%
b100 (
#109578950000
0!
0%
#109620615000
1!
b00001101 #
1%
b00001101 '
b0 (
1)
#109662280000
0!
0%
#109703945000
1!
1%
b1 (
#109745610000
0!
0%
#109787275000
1!
1%
b10 (
#109828940000
0!
b00000101 #
0%
b00000101 '
0*
#109870605000
1!
1%
b11 (
#109912270000
0!
0%
#109953935000
1!
1%
b100 (
#109995600000
0!
0%
#110037265000
1!
b00000010 #
1%
b00000010 '
b0 (
0)
#110078930000
0!
0%
#110120595000
1!
1%
b1 (
#110162260000
0!
0%
#110203925000
1!
1%
b10 (
#110245590000
0!
b00001010 #
0%
b00001010 '
1*
#110287255000
1!
1%
b11 (
#110328920000
0!
0%
#110370585000
1!
1%
b100 (
#110412250000
0!
0%
#110453915000
1!
b00001101 #
1%
b00001101 '
b0 (
1)
#110495580000
0!
0%
#110537245000
1!
1%
b1 (
#110578910000
0!
0%
#110620575000
1!
1%
b10 (
#110662240000
0!
b00000101 #
0%
b00000101 '
0*
#110703905000
1!
1%
b11 (
#110745570000
0!
0%
#110787235000
1!
1%
b100 (
#110828900000
0!
0%
#110870565000
1!
b00000010 #
1%
b00000010 '
b0 (
0)
#110912230000
0!
0%
#110953895000
1!
1%
b1 (
#110995560000
0!
0%
#111037225000
1!
1%
b10 (
#111078890000
0!
b00001010 #
0%
b00001010 '
1*
#111120555000
1!
1%
b11 (
#111162220000
0!
0%
#111203885000
1!
1%
b100 (
#111245550000
0!
0%
#111287215000
1!
b00001101 #
1%
b00001101 '
b0 (
1)
#111328880000
0!
0%
#111370545000
1!
1%
b1 (
#111412210000
0!
0%
#111453875000
1!
1%
b10 (
#111495540000
0!
b00000101 #
0%
b00000101 '
0*
#111537205000
1!
1%
b11 (
#111578870000
0!
0%
#111620535000
1!
1%
b100 (
#111662200000
0!
0%
#111703865000
1!
b00000010 #
1%
b00000010 '
b0 (
0)
#111745530000
0!
0%
#111787195000
1!
1%
b1 (
#111828860000
0!
0%
#111870525000
1!
1%
b10 (
#111912190000
0!
b00001010 #
0%
b00001010 '
1*
#111953855000
1!
1%
b11 (
#111995520000
0!
0%
#112037185000
1!
1%
b100 (
#112078850000
0!
0%
#112120515000
1!
b00001101 #
1%
b00001101 '
b0 (
1)
#112162180000
0!
0%
#112203845000
1!
1%
b1 (
#112245510000
0!
0%
#112287175000
1!
1%
b10 (
#112328840000
0!
b00000101 #
0%
b00000101 '
0*
#112370505000
1!
1%
b11 (
#112412170000
0!
0%
#112453835000
1!
1%
b100 (
#112495500000
0!
0%
#112537165000
1!
b00000010 #
1%
b00000010 '
b0 (
0)
#112578830000
0!
0%
#112620495000
1!
1%
b1 (
#112662160000
0!
0%
#112703825000
1!
1%
b10 (
#112745490000
0!
b00001010 #
0%
b00001010 '
1*
#112787155000
1!
1%
b11 (
#112828820000
0!
0%
#112870485000
1!
1%
b100 (
#112912150000
0!
0%
#112953815000
1!
b00001101 #
1%
b00001101 '
b0 (
1)
#112995480000
0!
0%
#113037145000
1!
1%
b1 (
#113078810000
0!
0%
#113120475000
1!
1%
b10 (
#113162140000
0!
b00000101 #
0%
b00000101 '
0*
#113203805000
1!
1%
b11 (
#113245470000
0!
0%
#113287135000
1!
1%
b100 (
#113328800000
0!
0%
#113370465000
1!
b00000010 #
1%
b00000010 '
b0 (
0)
#113412130000
0!
0%
#113453795000
1!
1%
b1 (
#113495460000
0!
0%
#113537125000
1!
1%
b10 (
#113578790000
0!
b00001010 #
0%
b00001010 '
1*
#113620455000
1!
1%
b11 (
#113662120000
0!
0%
#113703785000
1!
1%
b100 (
#113745450000
0!
0%
#113787115000
1!
b00001101 #
1%
b00001101 '
b0 (
1)
#113828780000
0!
0%
#113870445000
1!
1%
b1 (
#113912110000
0!
0%
#113953775000
1!
1%
b10 (
#113995440000
0!
b00000101 #
0%
b00000101 '
0*
#114037105000
1!
1%
b11 (
#114078770000
0!
0%
#114120435000
1!
1%
b100 (
#114162100000
0!
0%
#114203765000
1!
b00000010 #
1%
b00000010 '
b0 (
0)
#114245430000
0!
0%
#114287095000
1!
1%
b1 (
#114328760000
0!
0%
#114370425000
1!
1%
b10 (
#114412090000
0!
b00001010 #
0%
b00001010 '
1*
#114453755000
1!
1%
b11 (
#114495420000
0!
0%
#114537085000
1!
1%
b100 (
#114578750000
0!
0%
#114620415000
1!
b00001101 #
1%
b00001101 '
b0 (
1)
#114662080000
0!
0%
#114703745000
1!
1%
b1 (
#114745410000
0!
0%
#114787075000
1!
1%
b10 (
#114828740000
0!
b00000101 #
0%
b00000101 '
0*
#114870405000
1!
1%
b11 (
#114912070000
0!
0%
#114953735000
1!
1%
b100 (
#114995400000
0!
0%
#115037065000
1!
b00000010 #
1%
b00000010 '
b0 (
0)
#115078730000
0!
0%
#115120395000
1!
1%
b1 (
#115162060000
0!
0%
#115203725000
1!
1%
b10 (
#115245390000
0!
b00001010 #
0%
b00001010 '
1*
#115287055000
1!
1%
b11 (
#115328720000
0!
0%
#115370385000
1!
1%
b100 (
#115412050000
0!
0%
#115453715000
1!
b00001101 #
1%
b00001101 '
b0 (
1)
#115495380000
0!
0%
#115537045000
1!
1%
b1 (
#115578710000
0!
0%
#115620375000
1!
1%
b10 (
#115662040000
0!
b00000101 #
0%
b00000101 '
0*
#115703705000
1!
1%
b11 (
#115745370000
0!
0%
#115787035000
1!
1%
b100 (
#115828700000
0!
0%
#115870365000
1!
b00000010 #
1%
b00000010 '
b0 (
0)
#115912030000
0!
0%
#115953695000
1!
1%
b1 (
#115995360000
0!
0%
#116037025000
1!
1%
b10 (
#116078690000
0!
b00001010 #
0%
b00001010 '
1*
#116120355000
1!
1%
b11 (
#116162020000
0!
0%
#116203685000
1!
1%
b100 (
#116245350000
0!
0%
#116287015000
1!
b00001101 #
1%
b00001101 '
b0 (
1)
#116328680000
0!
0%
#116370345000
1!
1%
b1 (
#116412010000
0!
0%
#116453675000
1!
1%
b10 (
#116495340000
0!
b00000101 #
0%
b00000101 '
0*
#116537005000
1!
1%
b11 (
#116578670000
0!
0%
#116620335000
1!
1%
b100 (
#116662000000
0!
0%
#116703665000
1!
b00000010 #
1%
b00000010 '
b0 (
0)
#116745330000
0!
0%
#116786995000
1!
1%
b1 (
#116828660000
0!
0%
#116870325000
1!
1%
b10 (
#116911990000
0!
b00001010 #
0%
b00001010 '
1*
#116953655000
1!
1%
b11 (
#116995320000
0!
0%
#117036985000
1!
1%
b100 (
#117078650000
0!
0%
#117120315000
1!
b00001101 #
1%
b00001101 '
b0 (
1)
#117161980000
0!
0%
#117203645000
1!
1%
b1 (
#117245310000
0!
0%
#117286975000
1!
1%
b10 (
#117328640000
0!
b00000101 #
0%
b00000101 '
0*
#117370305000
1!
1%
b11 (
#117411970000
0!
0%
#117453635000
1!
1%
b100 (
#117495300000
0!
0%
#117536965000
1!
b00000010 #
1%
b00000010 '
b0 (
0)
#117578630000
0!
0%
#117620295000
1!
1%
b1 (
#117661960000
0!
0%
#117703625000
1!
1%
b10 (
#117745290000
0!
b00001010 #
0%
b00001010 '
1*
#117786955000
1!
1%
b11 (
#117828620000
0!
0%
#117870285000
1!
1%
b100 (
#117911950000
0!
0%
#117953615000
1!
b00001101 #
1%
b00001101 '
b0 (
1)
#117995280000
0!
0%
#118036945000
1!
1%
b1 (
#118078610000
0!
0%
#118120275000
1!
1%
b10 (
#118161940000
0!
b00000101 #
0%
b00000101 '
0*
#118203605000
1!
1%
b11 (
#118245270000
0!
0%
#118286935000
1!
1%
b100 (
#118328600000
0!
0%
#118370265000
1!
b00000010 #
1%
b00000010 '
b0 (
0)
#118411930000
0!
0%
#118453595000
1!
1%
b1 (
#118495260000
0!
0%
#118536925000
1!
1%
b10 (
#118578590000
0!
b00001010 #
0%
b00001010 '
1*
#118620255000
1!
1%
b11 (
#118661920000
0!
0%
#118703585000
1!
1%
b100 (
#118745250000
0!
0%
#118786915000
1!
b00001101 #
1%
b00001101 '
b0 (
1)
#118828580000
0!
0%
#118870245000
1!
1%
b1 (
#118911910000
0!
0%
#118953575000
1!
1%
b10 (
#118995240000
0!
b00000101 #
0%
b00000101 '
0*
#119036905000
1!
1%
b11 (
#119078570000
0!
0%
#119120235000
1!
1%
b100 (
#119161900000
0!
0%
#119203565000
1!
b00000010 #
1%
b00000010 '
b0 (
0)
#119245230000
0!
0%
#119286895000
1!
1%
b1 (
#119328560000
0!
0%
#119370225000
1!
1%
b10 (
#119411890000
0!
b00001010 #
0%
b00001010 '
1*
#119453555000
1!
1%
b11 (
#119495220000
0!
0%
#119536885000
1!
1%
b100 (
#119578550000
0!
0%
#119620215000
1!
b00001101 #
1%
b00001101 '
b0 (
1)
#119661880000
0!
0%
#119703545000
1!
1%
b1 (
#119745210000
0!
0%
#119786875000
1!
1%
b10 (
#119828540000
0!
b00000101 #
0%
b00000101 '
0*
#119870205000
1!
1%
b11 (
#119911870000
0!
0%
#119953535000
1!
1%
b100 (
#119995200000
0!
0%
#120036865000
1!
b00000010 #
1%
b00000010 '
b0 (
0)
#120078530000
0!
0%
#120120195000
1!
1%
b1 (
#120161860000
0!
0%
#120203525000
1!
1%
b10 (
#120245190000
0!
b00001010 #
0%
b00001010 '
1*
#120286855000
1!
1%
b11 (
#120328520000
0!
0%
#120370185000
1!
1%
b100 (
#120411850000
0!
0%
#120453515000
1!
b00001101 #
1%
b00001101 '
b0 (
1)
#120495180000
0!
0%
#120536845000
1!
1%
b1 (
#120578510000
0!
0%
#120620175000
1!
1%
b10 (
#120661840000
0!
b00000101 #
0%
b00000101 '
0*
#120703505000
1!
1%
b11 (
#120745170000
0!
0%
#120786835000
1!
1%
b100 (
#120828500000
0!
0%
#120870165000
1!
b00000010 #
1%
b00000010 '
b0 (
0)
#120911830000
0!
0%
#120953495000
1!
1%
b1 (
#120995160000
0!
0%
#121036825000
1!
1%
b10 (
#121078490000
0!
b00001010 #
0%
b00001010 '
1*
#121120155000
1!
1%
b11 (
#121161820000
0!
0%
#121203485000
1!
1%
b100 (
#121245150000
0!
0%
#121286815000
1!
b00001101 #
1%
b00001101 '
b0 (
1)
#121328480000
0!
0%
#121370145000
1!
1%
b1 (
#121411810000
0!
0%
#121453475000
1!
1%
b10 (
#121495140000
0!
b00000101 #
0%
b00000101 '
0*
#121536805000
1!
1%
b11 (
#121578470000
0!
0%
#121620135000
1!
1%
b100 (
#121661800000
0!
0%
#121703465000
1!
b00000010 #
1%
b00000010 '
b0 (
0)
#121745130000
0!
0%
#121786795000
1!
1%
b1 (
#121828460000
0!
0%
#121870125000
1!
1%
b10 (
#121911790000
0!
b00001010 #
0%
b00001010 '
1*
#121953455000
1!
1%
b11 (
#121995120000
0!
0%
#122036785000
1!
1%
b100 (
#122078450000
0!
0%
#122120115000
1!
b00001101 #
1%
b00001101 '
b0 (
1)
#122161780000
0!
0%
#122203445000
1!
1%
b1 (
#122245110000
0!
0%
#122286775000
1!
1%
b10 (
#122328440000
0!
b00000101 #
0%
b00000101 '
0*
#122370105000
1!
1%
b11 (
#122411770000
0!
0%
#122453435000
1!
1%
b100 (
#122495100000
0!
0%
#122536765000
1!
b00000010 #
1%
b00000010 '
b0 (
0)
#122578430000
0!
0%
#122620095000
1!
1%
b1 (
#122661760000
0!
0%
#122703425000
1!
1%
b10 (
#122745090000
0!
b00001010 #
0%
b00001010 '
1*
#122786755000
1!
1%
b11 (
#122828420000
0!
0%
#122870085000
1!
1%
b100 (
#122911750000
0!
0%
#122953415000
1!
b00001101 #
1%
b00001101 '
b0 (
1)
#122995080000
0!
0%
#123036745000
1!
1%
b1 (
#123078410000
0!
0%
#123120075000
1!
1%
b10 (
#123161740000
0!
b00000101 #
0%
b00000101 '
0*
#123203405000
1!
1%
b11 (
#123245070000
0!
0%
#123286735000
1!
1%
b100 (
#123328400000
0!
0%
#123370065000
1!
b00000010 #
1%
b00000010 '
b0 (
0)
#123411730000
0!
0%
#123453395000
1!
1%
b1 (
#123495060000
0!
0%
#123536725000
1!
1%
b10 (
#123578390000
0!
b00001010 #
0%
b00001010 '
1*
#123620055000
1!
1%
b11 (
#123661720000
0!
0%
#123703385000
1!
1%
b100 (
#123745050000
0!
0%
#123786715000
1!
b00001101 #
1%
b00001101 '
b0 (
1)
#123828380000
0!
0%
#123870045000
1!
1%
b1 (
#123911710000
0!
0%
#123953375000
1!
1%
b10 (
#123995040000
0!
b00000101 #
0%
b00000101 '
0*
#124036705000
1!
1%
b11 (
#124078370000
0!
0%
#124120035000
1!
1%
b100 (
#124161700000
0!
0%
#124203365000
1!
b00000010 #
1%
b00000010 '
b0 (
0)
#124245030000
0!
0%
#124286695000
1!
1%
b1 (
#124328360000
0!
0%
#124370025000
1!
1%
b10 (
#124411690000
0!
b00001010 #
0%
b00001010 '
1*
#124453355000
1!
1%
b11 (
#124495020000
0!
0%
#124536685000
1!
1%
b100 (
#124578350000
0!
0%
#124620015000
1!
b00001101 #
1%
b00001101 '
b0 (
1)
#124661680000
0!
0%
#124703345000
1!
1%
b1 (
#124745010000
0!
0%
#124786675000
1!
1%
b10 (
#124828340000
0!
b00000101 #
0%
b00000101 '
0*
#124870005000
1!
1%
b11 (
#124911670000
0!
0%
#124953335000
1!
1%
b100 (
#124995000000
0!
0%
#125036665000
1!
b00000010 #
1%
b00000010 '
b0 (
0)
#125078330000
0!
0%
#125119995000
1!
1%
b1 (
#125161660000
0!
0%
#125203325000
1!
1%
b10 (
#125244990000
0!
b00001010 #
0%
b00001010 '
1*
#125286655000
1!
1%
b11 (
#125328320000
0!
0%
#125369985000
1!
1%
b100 (
#125411650000
0!
0%
#125453315000
1!
b00001101 #
1%
b00001101 '
b0 (
1)
#125494980000
0!
0%
#125536645000
1!
1%
b1 (
#125578310000
0!
0%
#125619975000
1!
1%
b10 (
#125661640000
0!
b00000101 #
0%
b00000101 '
0*
#125703305000
1!
1%
b11 (
#125744970000
0!
0%
#125786635000
1!
1%
b100 (
#125828300000
0!
0%
#125869965000
1!
b00000010 #
1%
b00000010 '
b0 (
0)
#125911630000
0!
0%
#125953295000
1!
1%
b1 (
#125994960000
0!
0%
#126036625000
1!
1%
b10 (
#126078290000
0!
b00001010 #
0%
b00001010 '
1*
#126119955000
1!
1%
b11 (
#126161620000
0!
0%
#126203285000
1!
1%
b100 (
#126244950000
0!
0%
#126286615000
1!
b00001101 #
1%
b00001101 '
b0 (
1)
#126328280000
0!
0%
#126369945000
1!
1%
b1 (
#126411610000
0!
0%
#126453275000
1!
1%
b10 (
#126494940000
0!
b00000101 #
0%
b00000101 '
0*
#126536605000
1!
1%
b11 (
#126578270000
0!
0%
#126619935000
1!
1%
b100 (
#126661600000
0!
0%
#126703265000
1!
b00000010 #
1%
b00000010 '
b0 (
0)
#126744930000
0!
0%
#126786595000
1!
1%
b1 (
#126828260000
0!
0%
#126869925000
1!
1%
b10 (
#126911590000
0!
b00001010 #
0%
b00001010 '
1*
#126953255000
1!
1%
b11 (
#126994920000
0!
0%
#127036585000
1!
1%
b100 (
#127078250000
0!
0%
#127119915000
1!
b00001101 #
1%
b00001101 '
b0 (
1)
#127161580000
0!
0%
#127203245000
1!
1%
b1 (
#127244910000
0!
0%
#127286575000
1!
1%
b10 (
#127328240000
0!
b00000101 #
0%
b00000101 '
0*
#127369905000
1!
1%
b11 (
#127411570000
0!
0%
#127453235000
1!
1%
b100 (
#127494900000
0!
0%
#127536565000
1!
b00000010 #
1%
b00000010 '
b0 (
0)
#127578230000
0!
0%
#127619895000
1!
1%
b1 (
#127661560000
0!
0%
#127703225000
1!
1%
b10 (
#127744890000
0!
b00001010 #
0%
b00001010 '
1*
#127786555000
1!
1%
b11 (
#127828220000
0!
0%
#127869885000
1!
1%
b100 (
#127911550000
0!
0%
#127953215000
1!
b00001101 #
1%
b00001101 '
b0 (
1)
#127994880000
0!
0%
#128036545000
1!
1%
b1 (
#128078210000
0!
0%
#128119875000
1!
1%
b10 (
#128161540000
0!
b00000101 #
0%
b00000101 '
0*
#128203205000
1!
1%
b11 (
#128244870000
0!
0%
#128286535000
1!
1%
b100 (
#128328200000
0!
0%
#128369865000
1!
b00000010 #
1%
b00000010 '
b0 (
0)
#128411530000
0!
0%
#128453195000
1!
1%
b1 (
#128494860000
0!
0%
#128536525000
1!
1%
b10 (
#128578190000
0!
b00001010 #
0%
b00001010 '
1*
#128619855000
1!
1%
b11 (
#128661520000
0!
0%
#128703185000
1!
1%
b100 (
#128744850000
0!
0%
#128786515000
1!
b00001101 #
1%
b00001101 '
b0 (
1)
#128828180000
0!
0%
#128869845000
1!
1%
b1 (
#128911510000
0!
0%
#128953175000
1!
1%
b10 (
#128994840000
0!
b00000101 #
0%
b00000101 '
0*
#129036505000
1!
1%
b11 (
#129078170000
0!
0%
#129119835000
1!
1%
b100 (
#129161500000
0!
0%
#129203165000
1!
b00000010 #
1%
b00000010 '
b0 (
0)
#129244830000
0!
0%
#129286495000
1!
1%
b1 (
#129328160000
0!
0%
#129369825000
1!
1%
b10 (
#129411490000
0!
b00001010 #
0%
b00001010 '
1*
#129453155000
1!
1%
b11 (
#129494820000
0!
0%
#129536485000
1!
1%
b100 (
#129578150000
0!
0%
#129619815000
1!
b00001101 #
1%
b00001101 '
b0 (
1)
#129661480000
0!
0%
#129703145000
1!
1%
b1 (
#129744810000
0!
0%
#129786475000
1!
1%
b10 (
#129828140000
0!
b00000101 #
0%
b00000101 '
0*
#129869805000
1!
1%
b11 (
#129911470000
0!
0%
#129953135000
1!
1%
b100 (
#129994800000
0!
0%
#130036465000
1!
b00000010 #
1%
b00000010 '
b0 (
0)
#130078130000
0!
0%
#130119795000
1!
1%
b1 (
#130161460000
0!
0%
#130203125000
1!
1%
b10 (
#130244790000
0!
b00001010 #
0%
b00001010 '
1*
#130286455000
1!
1%
b11 (
#130328120000
0!
0%
#130369785000
1!
1%
b100 (
#130411450000
0!
0%
#130453115000
1!
b00001101 #
1%
b00001101 '
b0 (
1)
#130494780000
0!
0%
#130536445000
1!
1%
b1 (
#130578110000
0!
0%
#130619775000
1!
1%
b10 (
#130661440000
0!
b00000101 #
0%
b00000101 '
0*
#130703105000
1!
1%
b11 (
#130744770000
0!
0%
#130786435000
1!
1%
b100 (
#130828100000
0!
0%
#130869765000
1!
b00000010 #
1%
b00000010 '
b0 (
0)
#130911430000
0!
0%
#130953095000
1!
1%
b1 (
#130994760000
0!
0%
#131036425000
1!
1%
b10 (
#131078090000
0!
b00001010 #
0%
b00001010 '
1*
#131119755000
1!
1%
b11 (
#131161420000
0!
0%
#131203085000
1!
1%
b100 (
#131244750000
0!
0%
#131286415000
1!
b00001101 #
1%
b00001101 '
b0 (
1)
#131328080000
0!
0%
#131369745000
1!
1%
b1 (
#131411410000
0!
0%
#131453075000
1!
1%
b10 (
#131494740000
0!
b00000101 #
0%
b00000101 '
0*
#131536405000
1!
1%
b11 (
#131578070000
0!
0%
#131619735000
1!
1%
b100 (
#131661400000
0!
0%
#131703065000
1!
b00000010 #
1%
b00000010 '
b0 (
0)
#131744730000
0!
0%
#131786395000
1!
1%
b1 (
#131828060000
0!
0%
#131869725000
1!
1%
b10 (
#131911390000
0!
b00001010 #
0%
b00001010 '
1*
#131953055000
1!
1%
b11 (
#131994720000
0!
0%
#132036385000
1!
1%
b100 (
#132078050000
0!
0%
#132119715000
1!
b00001101 #
1%
b00001101 '
b0 (
1)
#132161380000
0!
0%
#132203045000
1!
1%
b1 (
#132244710000
0!
0%
#132286375000
1!
1%
b10 (
#132328040000
0!
b00000101 #
0%
b00000101 '
0*
#132369705000
1!
1%
b11 (
#132411370000
0!
0%
#132453035000
1!
1%
b100 (
#132494700000
0!
0%
#132536365000
1!
b00000010 #
1%
b00000010 '
b0 (
0)
#132578030000
0!
0%
#132619695000
1!
1%
b1 (
#132661360000
0!
0%
#132703025000
1!
1%
b10 (
#132744690000
0!
b00001010 #
0%
b00001010 '
1*
#132786355000
1!
1%
b11 (
#132828020000
0!
0%
#132869685000
1!
1%
b100 (
#132911350000
0!
0%
#132953015000
1!
b00001101 #
1%
b00001101 '
b0 (
1)
#132994680000
0!
0%
#133036345000
1!
1%
b1 (
#133078010000
0!
0%
#133119675000
1!
1%
b10 (
#133161340000
0!
b00000101 #
0%
b00000101 '
0*
#133203005000
1!
1%
b11 (
#133244670000
0!
0%
#133286335000
1!
1%
b100 (
#133328000000
0!
0%
#133369665000
1!
b00000010 #
1%
b00000010 '
b0 (
0)
#133411330000
0!
0%
#133452995000
1!
1%
b1 (
#133494660000
0!
0%
#133536325000
1!
1%
b10 (
#133577990000
0!
b00001010 #
0%
b00001010 '
1*
#133619655000
1!
1%
b11 (
#133661320000
0!
0%
#133702985000
1!
1%
b100 (
#133744650000
0!
0%
#133786315000
1!
b00001101 #
1%
b00001101 '
b0 (
1)
#133827980000
0!
0%
#133869645000
1!
1%
b1 (
#133911310000
0!
0%
#133952975000
1!
1%
b10 (
#133994640000
0!
b00000101 #
0%
b00000101 '
0*
#134036305000
1!
1%
b11 (
#134077970000
0!
0%
#134119635000
1!
1%
b100 (
#134161300000
0!
0%
#134202965000
1!
b00000010 #
1%
b00000010 '
b0 (
0)
#134244630000
0!
0%
#134286295000
1!
1%
b1 (
#134327960000
0!
0%
#134369625000
1!
1%
b10 (
#134411290000
0!
b00001010 #
0%
b00001010 '
1*
#134452955000
1!
1%
b11 (
#134494620000
0!
0%
#134536285000
1!
1%
b100 (
#134577950000
0!
0%
#134619615000
1!
b00001101 #
1%
b00001101 '
b0 (
1)
#134661280000
0!
0%
#134702945000
1!
1%
b1 (
#134744610000
0!
0%
#134786275000
1!
1%
b10 (
#134827940000
0!
b00000101 #
0%
b00000101 '
0*
#134869605000
1!
1%
b11 (
#134911270000
0!
0%
#134952935000
1!
1%
b100 (
#134994600000
0!
0%
#135036265000
1!
b00000010 #
1%
b00000010 '
b0 (
0)
#135077930000
0!
0%
#135119595000
1!
1%
b1 (
#135161260000
0!
0%
#135202925000
1!
1%
b10 (
#135244590000
0!
b00001010 #
0%
b00001010 '
1*
#135286255000
1!
1%
b11 (
#135327920000
0!
0%
#135369585000
1!
1%
b100 (
#135411250000
0!
0%
#135452915000
1!
b00001101 #
1%
b00001101 '
b0 (
1)
#135494580000
0!
0%
#135536245000
1!
1%
b1 (
#135577910000
0!
0%
#135619575000
1!
1%
b10 (
#135661240000
0!
b00000101 #
0%
b00000101 '
0*
#135702905000
1!
1%
b11 (
#135744570000
0!
0%
#135786235000
1!
1%
b100 (
#135827900000
0!
0%
#135869565000
1!
b00000010 #
1%
b00000010 '
b0 (
0)
#135911230000
0!
0%
#135952895000
1!
1%
b1 (
#135994560000
0!
0%
#136036225000
1!
1%
b10 (
#136077890000
0!
b00001010 #
0%
b00001010 '
1*
#136119555000
1!
1%
b11 (
#136161220000
0!
0%
#136202885000
1!
1%
b100 (
#136244550000
0!
0%
#136286215000
1!
b00001101 #
1%
b00001101 '
b0 (
1)
#136327880000
0!
0%
#136369545000
1!
1%
b1 (
#136411210000
0!
0%
#136452875000
1!
1%
b10 (
#136494540000
0!
b00000101 #
0%
b00000101 '
0*
#136536205000
1!
1%
b11 (
#136577870000
0!
0%
#136619535000
1!
1%
b100 (
#136661200000
0!
0%
#136702865000
1!
b00000010 #
1%
b00000010 '
b0 (
0)
#136744530000
0!
0%
#136786195000
1!
1%
b1 (
#136827860000
0!
0%
#136869525000
1!
1%
b10 (
#136911190000
0!
b00001010 #
0%
b00001010 '
1*
#136952855000
1!
1%
b11 (
#136994520000
0!
0%
#137036185000
1!
1%
b100 (
#137077850000
0!
0%
#137119515000
1!
b00001101 #
1%
b00001101 '
b0 (
1)
#137161180000
0!
0%
#137202845000
1!
1%
b1 (
#137244510000
0!
0%
#137286175000
1!
1%
b10 (
#137327840000
0!
b00000101 #
0%
b00000101 '
0*
#137369505000
1!
1%
b11 (
#137411170000
0!
0%
#137452835000
1!
1%
b100 (
#137494500000
0!
0%
#137536165000
1!
b00000010 #
1%
b00000010 '
b0 (
0)
#137577830000
0!
0%
#137619495000
1!
1%
b1 (
#137661160000
0!
0%
#137702825000
1!
1%
b10 (
#137744490000
0!
b00001010 #
0%
b00001010 '
1*
#137786155000
1!
1%
b11 (
#137827820000
0!
0%
#137869485000
1!
1%
b100 (
#137911150000
0!
0%
#137952815000
1!
b00001101 #
1%
b00001101 '
b0 (
1)
#137994480000
0!
0%
#138036145000
1!
1%
b1 (
#138077810000
0!
0%
#138119475000
1!
1%
b10 (
#138161140000
0!
b00000101 #
0%
b00000101 '
0*
#138202805000
1!
1%
b11 (
#138244470000
0!
0%
#138286135000
1!
1%
b100 (
#138327800000
0!
0%
#138369465000
1!
b00000010 #
1%
b00000010 '
b0 (
0)
#138411130000
0!
0%
#138452795000
1!
1%
b1 (
#138494460000
0!
0%
#138536125000
1!
1%
b10 (
#138577790000
0!
b00001010 #
0%
b00001010 '
1*
#138619455000
1!
1%
b11 (
#138661120000
0!
0%
#138702785000
1!
1%
b100 (
#138744450000
0!
0%
#138786115000
1!
b00001101 #
1%
b00001101 '
b0 (
1)
#138827780000
0!
0%
#138869445000
1!
1%
b1 (
#138911110000
0!
0%
#138952775000
1!
1%
b10 (
#138994440000
0!
b00000101 #
0%
b00000101 '
0*
#139036105000
1!
1%
b11 (
#139077770000
0!
0%
#139119435000
1!
1%
b100 (
#139161100000
0!
0%
#139202765000
1!
b00000010 #
1%
b00000010 '
b0 (
0)
#139244430000
0!
0%
#139286095000
1!
1%
b1 (
#139327760000
0!
0%
#139369425000
1!
1%
b10 (
#139411090000
0!
b00001010 #
0%
b00001010 '
1*
#139452755000
1!
1%
b11 (
#139494420000
0!
0%
#139536085000
1!
1%
b100 (
#139577750000
0!
0%
#139619415000
1!
b00001101 #
1%
b00001101 '
b0 (
1)
#139661080000
0!
0%
#139702745000
1!
1%
b1 (
#139744410000
0!
0%
#139786075000
1!
1%
b10 (
#139827740000
0!
b00000101 #
0%
b00000101 '
0*
#139869405000
1!
1%
b11 (
#139911070000
0!
0%
#139952735000
1!
1%
b100 (
#139994400000
0!
0%
#140036065000
1!
b00000010 #
1%
b00000010 '
b0 (
0)
#140077730000
0!
0%
#140119395000
1!
1%
b1 (
#140161060000
0!
0%
#140202725000
1!
1%
b10 (
#140244390000
0!
b00001010 #
0%
b00001010 '
1*
#140286055000
1!
1%
b11 (
#140327720000
0!
0%
#140369385000
1!
1%
b100 (
#140411050000
0!
0%
#140452715000
1!
b00001101 #
1%
b00001101 '
b0 (
1)
#140494380000
0!
0%
#140536045000
1!
1%
b1 (
#140577710000
0!
0%
#140619375000
1!
1%
b10 (
#140661040000
0!
b00000101 #
0%
b00000101 '
0*
#140702705000
1!
1%
b11 (
#140744370000
0!
0%
#140786035000
1!
1%
b100 (
#140827700000
0!
0%
#140869365000
1!
b00000010 #
1%
b00000010 '
b0 (
0)
#140911030000
0!
0%
#140952695000
1!
1%
b1 (
#140994360000
0!
0%
#141036025000
1!
1%
b10 (
#141077690000
0!
b00001010 #
0%
b00001010 '
1*
#141119355000
1!
1%
b11 (
#141161020000
0!
0%
#141202685000
1!
1%
b100 (
#141244350000
0!
0%
#141286015000
1!
b00001101 #
1%
b00001101 '
b0 (
1)
#141327680000
0!
0%
#141369345000
1!
1%
b1 (
#141411010000
0!
0%
#141452675000
1!
1%
b10 (
#141494340000
0!
b00000101 #
0%
b00000101 '
0*
#141536005000
1!
1%
b11 (
#141577670000
0!
0%
#141619335000
1!
1%
b100 (
#141661000000
0!
0%
#141702665000
1!
b00000010 #
1%
b00000010 '
b0 (
0)
#141744330000
0!
0%
#141785995000
1!
1%
b1 (
#141827660000
0!
0%
#141869325000
1!
1%
b10 (
#141910990000
0!
b00001010 #
0%
b00001010 '
1*
#141952655000
1!
1%
b11 (
#141994320000
0!
0%
#142035985000
1!
1%
b100 (
#142077650000
0!
0%
#142119315000
1!
b00001101 #
1%
b00001101 '
b0 (
1)
#142160980000
0!
0%
#142202645000
1!
1%
b1 (
#142244310000
0!
0%
#142285975000
1!
1%
b10 (
#142327640000
0!
b00000101 #
0%
b00000101 '
0*
#142369305000
1!
1%
b11 (
#142410970000
0!
0%
#142452635000
1!
1%
b100 (
#142494300000
0!
0%
#142535965000
1!
b00000010 #
1%
b00000010 '
b0 (
0)
#142577630000
0!
0%
#142619295000
1!
1%
b1 (
#142660960000
0!
0%
#142702625000
1!
1%
b10 (
#142744290000
0!
b00001010 #
0%
b00001010 '
1*
#142785955000
1!
1%
b11 (
#142827620000
0!
0%
#142869285000
1!
1%
b100 (
#142910950000
0!
0%
#142952615000
1!
b00001101 #
1%
b00001101 '
b0 (
1)
#142994280000
0!
0%
#143035945000
1!
1%
b1 (
#143077610000
0!
0%
#143119275000
1!
1%
b10 (
#143160940000
0!
b00000101 #
0%
b00000101 '
0*
#143202605000
1!
1%
b11 (
#143244270000
0!
0%
#143285935000
1!
1%
b100 (
#143327600000
0!
0%
#143369265000
1!
b00000010 #
1%
b00000010 '
b0 (
0)
#143410930000
0!
0%
#143452595000
1!
1%
b1 (
#143494260000
0!
0%
#143535925000
1!
1%
b10 (
#143577590000
0!
b00001010 #
0%
b00001010 '
1*
#143619255000
1!
1%
b11 (
#143660920000
0!
0%
#143702585000
1!
1%
b100 (
#143744250000
0!
0%
#143785915000
1!
b00001101 #
1%
b00001101 '
b0 (
1)
#143827580000
0!
0%
#143869245000
1!
1%
b1 (
#143910910000
0!
0%
#143952575000
1!
1%
b10 (
#143994240000
0!
b00000101 #
0%
b00000101 '
0*
#144035905000
1!
1%
b11 (
#144077570000
0!
0%
#144119235000
1!
1%
b100 (
#144160900000
0!
0%
#144202565000
1!
b00000010 #
1%
b00000010 '
b0 (
0)
#144244230000
0!
0%
#144285895000
1!
1%
b1 (
#144327560000
0!
0%
#144369225000
1!
1%
b10 (
#144410890000
0!
b00001010 #
0%
b00001010 '
1*
#144452555000
1!
1%
b11 (
#144494220000
0!
0%
#144535885000
1!
1%
b100 (
#144577550000
0!
0%
#144619215000
1!
b00001101 #
1%
b00001101 '
b0 (
1)
#144660880000
0!
0%
#144702545000
1!
1%
b1 (
#144744210000
0!
0%
#144785875000
1!
1%
b10 (
#144827540000
0!
b00000101 #
0%
b00000101 '
0*
#144869205000
1!
1%
b11 (
#144910870000
0!
0%
#144952535000
1!
1%
b100 (
#144994200000
0!
0%
#145035865000
1!
b00000010 #
1%
b00000010 '
b0 (
0)
#145077530000
0!
0%
#145119195000
1!
1%
b1 (
#145160860000
0!
0%
#145202525000
1!
1%
b10 (
#145244190000
0!
b00001010 #
0%
b00001010 '
1*
#145285855000
1!
1%
b11 (
#145327520000
0!
0%
#145369185000
1!
1%
b100 (
#145410850000
0!
0%
#145452515000
1!
b00001101 #
1%
b00001101 '
b0 (
1)
#145494180000
0!
0%
#145535845000
1!
1%
b1 (
#145577510000
0!
0%
#145619175000
1!
1%
b10 (
#145660840000
0!
b00000101 #
0%
b00000101 '
0*
#145702505000
1!
1%
b11 (
#145744170000
0!
0%
#145785835000
1!
1%
b100 (
#145827500000
0!
0%
#145869165000
1!
b00000010 #
1%
b00000010 '
b0 (
0)
#145910830000
0!
0%
#145952495000
1!
1%
b1 (
#145994160000
0!
0%
#146035825000
1!
1%
b10 (
#146077490000
0!
b00001010 #
0%
b00001010 '
1*
#146119155000
1!
1%
b11 (
#146160820000
0!
0%
#146202485000
1!
1%
b100 (
#146244150000
0!
0%
#146285815000
1!
b00001101 #
1%
b00001101 '
b0 (
1)
#146327480000
0!
0%
#146369145000
1!
1%
b1 (
#146410810000
0!
0%
#146452475000
1!
1%
b10 (
#146494140000
0!
b00000101 #
0%
b00000101 '
0*
#146535805000
1!
1%
b11 (
#146577470000
0!
0%
#146619135000
1!
1%
b100 (
#146660800000
0!
0%
#146702465000
1!
b00000010 #
1%
b00000010 '
b0 (
0)
#146744130000
0!
0%
#146785795000
1!
1%
b1 (
#146827460000
0!
0%
#146869125000
1!
1%
b10 (
#146910790000
0!
b00001010 #
0%
b00001010 '
1*
#146952455000
1!
1%
b11 (
#146994120000
0!
0%
#147035785000
1!
1%
b100 (
#147077450000
0!
0%
#147119115000
1!
b00001101 #
1%
b00001101 '
b0 (
1)
#147160780000
0!
0%
#147202445000
1!
1%
b1 (
#147244110000
0!
0%
#147285775000
1!
1%
b10 (
#147327440000
0!
b00000101 #
0%
b00000101 '
0*
#147369105000
1!
1%
b11 (
#147410770000
0!
0%
#147452435000
1!
1%
b100 (
#147494100000
0!
0%
#147535765000
1!
b00000010 #
1%
b00000010 '
b0 (
0)
#147577430000
0!
0%
#147619095000
1!
1%
b1 (
#147660760000
0!
0%
#147702425000
1!
1%
b10 (
#147744090000
0!
b00001010 #
0%
b00001010 '
1*
#147785755000
1!
1%
b11 (
#147827420000
0!
0%
#147869085000
1!
1%
b100 (
#147910750000
0!
0%
#147952415000
1!
b00001101 #
1%
b00001101 '
b0 (
1)
#147994080000
0!
0%
#148035745000
1!
1%
b1 (
#148077410000
0!
0%
#148119075000
1!
1%
b10 (
#148160740000
0!
b00000101 #
0%
b00000101 '
0*
#148202405000
1!
1%
b11 (
#148244070000
0!
0%
#148285735000
1!
1%
b100 (
#148327400000
0!
0%
#148369065000
1!
b00000010 #
1%
b00000010 '
b0 (
0)
#148410730000
0!
0%
#148452395000
1!
1%
b1 (
#148494060000
0!
0%
#148535725000
1!
1%
b10 (
#148577390000
0!
b00001010 #
0%
b00001010 '
1*
#148619055000
1!
1%
b11 (
#148660720000
0!
0%
#148702385000
1!
1%
b100 (
#148744050000
0!
0%
#148785715000
1!
b00001101 #
1%
b00001101 '
b0 (
1)
#148827380000
0!
0%
#148869045000
1!
1%
b1 (
#148910710000
0!
0%
#148952375000
1!
1%
b10 (
#148994040000
0!
b00000101 #
0%
b00000101 '
0*
#149035705000
1!
1%
b11 (
#149077370000
0!
0%
#149119035000
1!
1%
b100 (
#149160700000
0!
0%
#149202365000
1!
b00000010 #
1%
b00000010 '
b0 (
0)
#149244030000
0!
0%
#149285695000
1!
1%
b1 (
#149327360000
0!
0%
#149369025000
1!
1%
b10 (
#149410690000
0!
b00001010 #
0%
b00001010 '
1*
#149452355000
1!
1%
b11 (
#149494020000
0!
0%
#149535685000
1!
1%
b100 (
#149577350000
0!
0%
#149619015000
1!
b00001101 #
1%
b00001101 '
b0 (
1)
#149660680000
0!
0%
#149702345000
1!
1%
b1 (
#149744010000
0!
0%
#149785675000
1!
1%
b10 (
#149827340000
0!
b00000101 #
0%
b00000101 '
0*
#149869005000
1!
1%
b11 (
#149910670000
0!
0%
#149952335000
1!
1%
b100 (
#149994000000
0!
0%
#150035665000
1!
b00000010 #
1%
b00000010 '
b0 (
0)
#150077330000
0!
0%
#150118995000
1!
1%
b1 (
#150160660000
0!
0%
#150202325000
1!
1%
b10 (
#150243990000
0!
b00001010 #
0%
b00001010 '
1*
#150285655000
1!
1%
b11 (
#150327320000
0!
0%
#150368985000
1!
1%
b100 (
#150410650000
0!
0%
#150452315000
1!
b00001101 #
1%
b00001101 '
b0 (
1)
#150493980000
0!
0%
#150535645000
1!
1%
b1 (
#150577310000
0!
0%
#150618975000
1!
1%
b10 (
#150660640000
0!
b00000101 #
0%
b00000101 '
0*
#150702305000
1!
1%
b11 (
#150743970000
0!
0%
#150785635000
1!
1%
b100 (
#150827300000
0!
0%
#150868965000
1!
b00000010 #
1%
b00000010 '
b0 (
0)
#150910630000
0!
0%
#150952295000
1!
1%
b1 (
#150993960000
0!
0%
#151035625000
1!
1%
b10 (
#151077290000
0!
b00001010 #
0%
b00001010 '
1*
#151118955000
1!
1%
b11 (
#151160620000
0!
0%
#151202285000
1!
1%
b100 (
#151243950000
0!
0%
#151285615000
1!
b00001101 #
1%
b00001101 '
b0 (
1)
#151327280000
0!
0%
#151368945000
1!
1%
b1 (
#151410610000
0!
0%
#151452275000
1!
1%
b10 (
#151493940000
0!
b00000101 #
0%
b00000101 '
0*
#151535605000
1!
1%
b11 (
#151577270000
0!
0%
#151618935000
1!
1%
b100 (
#151660600000
0!
0%
#151702265000
1!
b00000010 #
1%
b00000010 '
b0 (
0)
#151743930000
0!
0%
#151785595000
1!
1%
b1 (
#151827260000
0!
0%
#151868925000
1!
1%
b10 (
#151910590000
0!
b00001010 #
0%
b00001010 '
1*
#151952255000
1!
1%
b11 (
#151993920000
0!
0%
#152035585000
1!
1%
b100 (
#152077250000
0!
0%
#152118915000
1!
b00001101 #
1%
b00001101 '
b0 (
1)
#152160580000
0!
0%
#152202245000
1!
1%
b1 (
#152243910000
0!
0%
#152285575000
1!
1%
b10 (
#152327240000
0!
b00000101 #
0%
b00000101 '
0*
#152368905000
1!
1%
b11 (
#152410570000
0!
0%
#152452235000
1!
1%
b100 (
#152493900000
0!
0%
#152535565000
1!
b00000010 #
1%
b00000010 '
b0 (
0)
#152577230000
0!
0%
#152618895000
1!
1%
b1 (
#152660560000
0!
0%
#152702225000
1!
1%
b10 (
#152743890000
0!
b00001010 #
0%
b00001010 '
1*
#152785555000
1!
1%
b11 (
#152827220000
0!
0%
#152868885000
1!
1%
b100 (
#152910550000
0!
0%
#152952215000
1!
b00001101 #
1%
b00001101 '
b0 (
1)
#152993880000
0!
0%
#153035545000
1!
1%
b1 (
#153077210000
0!
0%
#153118875000
1!
1%
b10 (
#153160540000
0!
b00000101 #
0%
b00000101 '
0*
#153202205000
1!
1%
b11 (
#153243870000
0!
0%
#153285535000
1!
1%
b100 (
#153327200000
0!
0%
#153368865000
1!
b00000010 #
1%
b00000010 '
b0 (
0)
#153410530000
0!
0%
#153452195000
1!
1%
b1 (
#153493860000
0!
0%
#153535525000
1!
1%
b10 (
#153577190000
0!
b00001010 #
0%
b00001010 '
1*
#153618855000
1!
1%
b11 (
#153660520000
0!
0%
#153702185000
1!
1%
b100 (
#153743850000
0!
0%
#153785515000
1!
b00001101 #
1%
b00001101 '
b0 (
1)
#153827180000
0!
0%
#153868845000
1!
1%
b1 (
#153910510000
0!
0%
#153952175000
1!
1%
b10 (
#153993840000
0!
b00000101 #
0%
b00000101 '
0*
#154035505000
1!
1%
b11 (
#154077170000
0!
0%
#154118835000
1!
1%
b100 (
#154160500000
0!
0%
#154202165000
1!
b00000010 #
1%
b00000010 '
b0 (
0)
#154243830000
0!
0%
#154285495000
1!
1%
b1 (
#154327160000
0!
0%
#154368825000
1!
1%
b10 (
#154410490000
0!
b00001010 #
0%
b00001010 '
1*
#154452155000
1!
1%
b11 (
#154493820000
0!
0%
#154535485000
1!
1%
b100 (
#154577150000
0!
0%
#154618815000
1!
b00001101 #
1%
b00001101 '
b0 (
1)
#154660480000
0!
0%
#154702145000
1!
1%
b1 (
#154743810000
0!
0%
#154785475000
1!
1%
b10 (
#154827140000
0!
b00000101 #
0%
b00000101 '
0*
#154868805000
1!
1%
b11 (
#154910470000
0!
0%
#154952135000
1!
1%
b100 (
#154993800000
0!
0%
#155035465000
1!
b00000010 #
1%
b00000010 '
b0 (
0)
#155077130000
0!
0%
#155118795000
1!
1%
b1 (
#155160460000
0!
0%
#155202125000
1!
1%
b10 (
#155243790000
0!
b00001010 #
0%
b00001010 '
1*
#155285455000
1!
1%
b11 (
#155327120000
0!
0%
#155368785000
1!
1%
b100 (
#155410450000
0!
0%
#155452115000
1!
b00001101 #
1%
b00001101 '
b0 (
1)
#155493780000
0!
0%
#155535445000
1!
1%
b1 (
#155577110000
0!
0%
#155618775000
1!
1%
b10 (
#155660440000
0!
b00000101 #
0%
b00000101 '
0*
#155702105000
1!
1%
b11 (
#155743770000
0!
0%
#155785435000
1!
1%
b100 (
#155827100000
0!
0%
#155868765000
1!
b00000010 #
1%
b00000010 '
b0 (
0)
#155910430000
0!
0%
#155952095000
1!
1%
b1 (
#155993760000
0!
0%
#156035425000
1!
1%
b10 (
#156077090000
0!
b00001010 #
0%
b00001010 '
1*
#156118755000
1!
1%
b11 (
#156160420000
0!
0%
#156202085000
1!
1%
b100 (
#156243750000
0!
0%
#156285415000
1!
b00001101 #
1%
b00001101 '
b0 (
1)
#156327080000
0!
0%
#156368745000
1!
1%
b1 (
#156410410000
0!
0%
#156452075000
1!
1%
b10 (
#156493740000
0!
b00000101 #
0%
b00000101 '
0*
#156535405000
1!
1%
b11 (
#156577070000
0!
0%
#156618735000
1!
1%
b100 (
#156660400000
0!
0%
#156702065000
1!
b00000010 #
1%
b00000010 '
b0 (
0)
#156743730000
0!
0%
#156785395000
1!
1%
b1 (
#156827060000
0!
0%
#156868725000
1!
1%
b10 (
#156910390000
0!
b00001010 #
0%
b00001010 '
1*
#156952055000
1!
1%
b11 (
#156993720000
0!
0%
#157035385000
1!
1%
b100 (
#157077050000
0!
0%
#157118715000
1!
b00001101 #
1%
b00001101 '
b0 (
1)
#157160380000
0!
0%
#157202045000
1!
1%
b1 (
#157243710000
0!
0%
#157285375000
1!
1%
b10 (
#157327040000
0!
b00000101 #
0%
b00000101 '
0*
#157368705000
1!
1%
b11 (
#157410370000
0!
0%
#157452035000
1!
1%
b100 (
#157493700000
0!
0%
#157535365000
1!
b00000010 #
1%
b00000010 '
b0 (
0)
#157577030000
0!
0%
#157618695000
1!
1%
b1 (
#157660360000
0!
0%
#157702025000
1!
1%
b10 (
#157743690000
0!
b00001010 #
0%
b00001010 '
1*
#157785355000
1!
1%
b11 (
#157827020000
0!
0%
#157868685000
1!
1%
b100 (
#157910350000
0!
0%
#157952015000
1!
b00001101 #
1%
b00001101 '
b0 (
1)
#157993680000
0!
0%
#158035345000
1!
1%
b1 (
#158077010000
0!
0%
#158118675000
1!
1%
b10 (
#158160340000
0!
b00000101 #
0%
b00000101 '
0*
#158202005000
1!
1%
b11 (
#158243670000
0!
0%
#158285335000
1!
1%
b100 (
#158327000000
0!
0%
#158368665000
1!
b00000010 #
1%
b00000010 '
b0 (
0)
#158410330000
0!
0%
#158451995000
1!
1%
b1 (
#158493660000
0!
0%
#158535325000
1!
1%
b10 (
#158576990000
0!
b00001010 #
0%
b00001010 '
1*
#158618655000
1!
1%
b11 (
#158660320000
0!
0%
#158701985000
1!
1%
b100 (
#158743650000
0!
0%
#158785315000
1!
b00001101 #
1%
b00001101 '
b0 (
1)
#158826980000
0!
0%
#158868645000
1!
1%
b1 (
#158910310000
0!
0%
#158951975000
1!
1%
b10 (
#158993640000
0!
b00000101 #
0%
b00000101 '
0*
#159035305000
1!
1%
b11 (
#159076970000
0!
0%
#159118635000
1!
1%
b100 (
#159160300000
0!
0%
#159201965000
1!
b00000010 #
1%
b00000010 '
b0 (
0)
#159243630000
0!
0%
#159285295000
1!
1%
b1 (
#159326960000
0!
0%
#159368625000
1!
1%
b10 (
#159410290000
0!
b00001010 #
0%
b00001010 '
1*
#159451955000
1!
1%
b11 (
#159493620000
0!
0%
#159535285000
1!
1%
b100 (
#159576950000
0!
0%
#159618615000
1!
b00001101 #
1%
b00001101 '
b0 (
1)
#159660280000
0!
0%
#159701945000
1!
1%
b1 (
#159743610000
0!
0%
#159785275000
1!
1%
b10 (
#159826940000
0!
b00000101 #
0%
b00000101 '
0*
#159868605000
1!
1%
b11 (
#159910270000
0!
0%
#159951935000
1!
1%
b100 (
#159993600000
0!
0%
#160035265000
1!
b00000010 #
1%
b00000010 '
b0 (
0)
#160076930000
0!
0%
#160118595000
1!
1%
b1 (
#160160260000
0!
0%
#160201925000
1!
1%
b10 (
#160243590000
0!
b00001010 #
0%
b00001010 '
1*
#160285255000
1!
1%
b11 (
#160326920000
0!
0%
#160368585000
1!
1%
b100 (
#160410250000
0!
0%
#160451915000
1!
b00001101 #
1%
b00001101 '
b0 (
1)
#160493580000
0!
0%
#160535245000
1!
1%
b1 (
#160576910000
0!
0%
#160618575000
1!
1%
b10 (
#160660240000
0!
b00000101 #
0%
b00000101 '
0*
#160701905000
1!
1%
b11 (
#160743570000
0!
0%
#160785235000
1!
1%
b100 (
#160826900000
0!
0%
#160868565000
1!
b00000010 #
1%
b00000010 '
b0 (
0)
#160910230000
0!
0%
#160951895000
1!
1%
b1 (
#160993560000
0!
0%
#161035225000
1!
1%
b10 (
#161076890000
0!
b00001010 #
0%
b00001010 '
1*
#161118555000
1!
1%
b11 (
#161160220000
0!
0%
#161201885000
1!
1%
b100 (
#161243550000
0!
0%
#161285215000
1!
b00001101 #
1%
b00001101 '
b0 (
1)
#161326880000
0!
0%
#161368545000
1!
1%
b1 (
#161410210000
0!
0%
#161451875000
1!
1%
b10 (
#161493540000
0!
b00000101 #
0%
b00000101 '
0*
#161535205000
1!
1%
b11 (
#161576870000
0!
0%
#161618535000
1!
1%
b100 (
#161660200000
0!
0%
#161701865000
1!
b00000010 #
1%
b00000010 '
b0 (
0)
#161743530000
0!
0%
#161785195000
1!
1%
b1 (
#161826860000
0!
0%
#161868525000
1!
1%
b10 (
#161910190000
0!
b00001010 #
0%
b00001010 '
1*
#161951855000
1!
1%
b11 (
#161993520000
0!
0%
#162035185000
1!
1%
b100 (
#162076850000
0!
0%
#162118515000
1!
b00001101 #
1%
b00001101 '
b0 (
1)
#162160180000
0!
0%
#162201845000
1!
1%
b1 (
#162243510000
0!
0%
#162285175000
1!
1%
b10 (
#162326840000
0!
b00000101 #
0%
b00000101 '
0*
#162368505000
1!
1%
b11 (
#162410170000
0!
0%
#162451835000
1!
1%
b100 (
#162493500000
0!
0%
#162535165000
1!
b00000010 #
1%
b00000010 '
b0 (
0)
#162576830000
0!
0%
#162618495000
1!
1%
b1 (
#162660160000
0!
0%
#162701825000
1!
1%
b10 (
#162743490000
0!
b00001010 #
0%
b00001010 '
1*
#162785155000
1!
1%
b11 (
#162826820000
0!
0%
#162868485000
1!
1%
b100 (
#162910150000
0!
0%
#162951815000
1!
b00001101 #
1%
b00001101 '
b0 (
1)
#162993480000
0!
0%
#163035145000
1!
1%
b1 (
#163076810000
0!
0%
#163118475000
1!
1%
b10 (
#163160140000
0!
b00000101 #
0%
b00000101 '
0*
#163201805000
1!
1%
b11 (
#163243470000
0!
0%
#163285135000
1!
1%
b100 (
#163326800000
0!
0%
#163368465000
1!
b00000010 #
1%
b00000010 '
b0 (
0)
#163410130000
0!
0%
#163451795000
1!
1%
b1 (
#163493460000
0!
0%
#163535125000
1!
1%
b10 (
#163576790000
0!
b00001010 #
0%
b00001010 '
1*
#163618455000
1!
1%
b11 (
#163660120000
0!
0%
#163701785000
1!
1%
b100 (
#163743450000
0!
0%
#163785115000
1!
b00001101 #
1%
b00001101 '
b0 (
1)
#163826780000
0!
0%
#163868445000
1!
1%
b1 (
#163910110000
0!
0%
#163951775000
1!
1%
b10 (
#163993440000
0!
b00000101 #
0%
b00000101 '
0*
#164035105000
1!
1%
b11 (
#164076770000
0!
0%
#164118435000
1!
1%
b100 (
#164160100000
0!
0%
#164201765000
1!
b00000010 #
1%
b00000010 '
b0 (
0)
#164243430000
0!
0%
#164285095000
1!
1%
b1 (
#164326760000
0!
0%
#164368425000
1!
1%
b10 (
#164410090000
0!
b00001010 #
0%
b00001010 '
1*
#164451755000
1!
1%
b11 (
#164493420000
0!
0%
#164535085000
1!
1%
b100 (
#164576750000
0!
0%
#164618415000
1!
b00001101 #
1%
b00001101 '
b0 (
1)
#164660080000
0!
0%
#164701745000
1!
1%
b1 (
#164743410000
0!
0%
#164785075000
1!
1%
b10 (
#164826740000
0!
b00000101 #
0%
b00000101 '
0*
#164868405000
1!
1%
b11 (
#164910070000
0!
0%
#164951735000
1!
1%
b100 (
#164993400000
0!
0%
#165035065000
1!
b00000010 #
1%
b00000010 '
b0 (
0)
#165076730000
0!
0%
#165118395000
1!
1%
b1 (
#165160060000
0!
0%
#165201725000
1!
1%
b10 (
#165243390000
0!
b00001010 #
0%
b00001010 '
1*
#165285055000
1!
1%
b11 (
#165326720000
0!
0%
#165368385000
1!
1%
b100 (
#165410050000
0!
0%
#165451715000
1!
b00001101 #
1%
b00001101 '
b0 (
1)
#165493380000
0!
0%
#165535045000
1!
1%
b1 (
#165576710000
0!
0%
#165618375000
1!
1%
b10 (
#165660040000
0!
b00000101 #
0%
b00000101 '
0*
#165701705000
1!
1%
b11 (
#165743370000
0!
0%
#165785035000
1!
1%
b100 (
#165826700000
0!
0%
#165868365000
1!
b00000010 #
1%
b00000010 '
b0 (
0)
#165910030000
0!
0%
#165951695000
1!
1%
b1 (
#165993360000
0!
0%
#166035025000
1!
1%
b10 (
#166076690000
0!
b00001010 #
0%
b00001010 '
1*
#166118355000
1!
1%
b11 (
#166160020000
0!
0%
#166201685000
1!
1%
b100 (
#166243350000
0!
0%
#166285015000
1!
b00001101 #
1%
b00001101 '
b0 (
1)
#166326680000
0!
0%
#166368345000
1!
1%
b1 (
#166410010000
0!
0%
#166451675000
1!
1%
b10 (
#166493340000
0!
b00000101 #
0%
b00000101 '
0*
#166535005000
1!
1%
b11 (
#166576670000
0!
0%
#166618335000
1!
1%
b100 (
#166660000000
0!
0%
#166701665000
1!
b00000010 #
1%
b00000010 '
b0 (
0)
#166743330000
0!
0%
#166784995000
1!
1%
b1 (
#166826660000
0!
0%
#166868325000
1!
1%
b10 (
#166909990000
0!
b00001010 #
0%
b00001010 '
1*
#166951655000
1!
1%
b11 (
#166993320000
0!
0%
#167034985000
1!
1%
b100 (
#167076650000
0!
0%
#167118315000
1!
b00001101 #
1%
b00001101 '
b0 (
1)
#167159980000
0!
0%
#167201645000
1!
1%
b1 (
#167243310000
0!
0%
#167284975000
1!
1%
b10 (
#167326640000
0!
b00000101 #
0%
b00000101 '
0*
#167368305000
1!
1%
b11 (
#167409970000
0!
0%
#167451635000
1!
1%
b100 (
#167493300000
0!
0%
#167534965000
1!
b00000010 #
1%
b00000010 '
b0 (
0)
#167576630000
0!
0%
#167618295000
1!
1%
b1 (
#167659960000
0!
0%
#167701625000
1!
1%
b10 (
#167743290000
0!
b00001010 #
0%
b00001010 '
1*
#167784955000
1!
1%
b11 (
#167826620000
0!
0%
#167868285000
1!
1%
b100 (
#167909950000
0!
0%
#167951615000
1!
b00001101 #
1%
b00001101 '
b0 (
1)
#167993280000
0!
0%
#168034945000
1!
1%
b1 (
#168076610000
0!
0%
#168118275000
1!
1%
b10 (
#168159940000
0!
b00000101 #
0%
b00000101 '
0*
#168201605000
1!
1%
b11 (
#168243270000
0!
0%
#168284935000
1!
1%
b100 (
#168326600000
0!
0%
#168368265000
1!
b00000010 #
1%
b00000010 '
b0 (
0)
#168409930000
0!
0%
#168451595000
1!
1%
b1 (
#168493260000
0!
0%
#168534925000
1!
1%
b10 (
#168576590000
0!
b00001010 #
0%
b00001010 '
1*
#168618255000
1!
1%
b11 (
#168659920000
0!
0%
#168701585000
1!
1%
b100 (
#168743250000
0!
0%
#168784915000
1!
b00001101 #
1%
b00001101 '
b0 (
1)
#168826580000
0!
0%
#168868245000
1!
1%
b1 (
#168909910000
0!
0%
#168951575000
1!
1%
b10 (
#168993240000
0!
b00000101 #
0%
b00000101 '
0*
#169034905000
1!
1%
b11 (
#169076570000
0!
0%
#169118235000
1!
1%
b100 (
#169159900000
0!
0%
#169201565000
1!
b00000010 #
1%
b00000010 '
b0 (
0)
#169243230000
0!
0%
#169284895000
1!
1%
b1 (
#169326560000
0!
0%
#169368225000
1!
1%
b10 (
#169409890000
0!
b00001010 #
0%
b00001010 '
1*
#169451555000
1!
1%
b11 (
#169493220000
0!
0%
#169534885000
1!
1%
b100 (
#169576550000
0!
0%
#169618215000
1!
b00001101 #
1%
b00001101 '
b0 (
1)
#169659880000
0!
0%
#169701545000
1!
1%
b1 (
#169743210000
0!
0%
#169784875000
1!
1%
b10 (
#169826540000
0!
b00000101 #
0%
b00000101 '
0*
#169868205000
1!
1%
b11 (
#169909870000
0!
0%
#169951535000
1!
1%
b100 (
#169993200000
0!
0%
#170034865000
1!
b00000010 #
1%
b00000010 '
b0 (
0)
#170076530000
0!
0%
#170118195000
1!
1%
b1 (
#170159860000
0!
0%
#170201525000
1!
1%
b10 (
#170243190000
0!
b00001010 #
0%
b00001010 '
1*
#170284855000
1!
1%
b11 (
#170326520000
0!
0%
#170368185000
1!
1%
b100 (
#170409850000
0!
0%
#170451515000
1!
b00001101 #
1%
b00001101 '
b0 (
1)
#170493180000
0!
0%
#170534845000
1!
1%
b1 (
#170576510000
0!
0%
#170618175000
1!
1%
b10 (
#170659840000
0!
b00000101 #
0%
b00000101 '
0*
#170701505000
1!
1%
b11 (
#170743170000
0!
0%
#170784835000
1!
1%
b100 (
#170826500000
0!
0%
#170868165000
1!
b00000010 #
1%
b00000010 '
b0 (
0)
#170909830000
0!
0%
#170951495000
1!
1%
b1 (
#170993160000
0!
0%
#171034825000
1!
1%
b10 (
#171076490000
0!
b00001010 #
0%
b00001010 '
1*
#171118155000
1!
1%
b11 (
#171159820000
0!
0%
#171201485000
1!
1%
b100 (
#171243150000
0!
0%
#171284815000
1!
b00001101 #
1%
b00001101 '
b0 (
1)
#171326480000
0!
0%
#171368145000
1!
1%
b1 (
#171409810000
0!
0%
#171451475000
1!
1%
b10 (
#171493140000
0!
b00000101 #
0%
b00000101 '
0*
#171534805000
1!
1%
b11 (
#171576470000
0!
0%
#171618135000
1!
1%
b100 (
#171659800000
0!
0%
#171701465000
1!
b00000010 #
1%
b00000010 '
b0 (
0)
#171743130000
0!
0%
#171784795000
1!
1%
b1 (
#171826460000
0!
0%
#171868125000
1!
1%
b10 (
#171909790000
0!
b00001010 #
0%
b00001010 '
1*
#171951455000
1!
1%
b11 (
#171993120000
0!
0%
#172034785000
1!
1%
b100 (
#172076450000
0!
0%
#172118115000
1!
b00001101 #
1%
b00001101 '
b0 (
1)
#172159780000
0!
0%
#172201445000
1!
1%
b1 (
#172243110000
0!
0%
#172284775000
1!
1%
b10 (
#172326440000
0!
b00000101 #
0%
b00000101 '
0*
#172368105000
1!
1%
b11 (
#172409770000
0!
0%
#172451435000
1!
1%
b100 (
#172493100000
0!
0%
#172534765000
1!
b00000010 #
1%
b00000010 '
b0 (
0)
#172576430000
0!
0%
#172618095000
1!
1%
b1 (
#172659760000
0!
0%
#172701425000
1!
1%
b10 (
#172743090000
0!
b00001010 #
0%
b00001010 '
1*
#172784755000
1!
1%
b11 (
#172826420000
0!
0%
#172868085000
1!
1%
b100 (
#172909750000
0!
0%
#172951415000
1!
b00001101 #
1%
b00001101 '
b0 (
1)
#172993080000
0!
0%
#173034745000
1!
1%
b1 (
#173076410000
0!
0%
#173118075000
1!
1%
b10 (
#173159740000
0!
b00000101 #
0%
b00000101 '
0*
#173201405000
1!
1%
b11 (
#173243070000
0!
0%
#173284735000
1!
1%
b100 (
#173326400000
0!
0%
#173368065000
1!
b00000010 #
1%
b00000010 '
b0 (
0)
#173409730000
0!
0%
#173451395000
1!
1%
b1 (
#173493060000
0!
0%
#173534725000
1!
1%
b10 (
#173576390000
0!
b00001010 #
0%
b00001010 '
1*
#173618055000
1!
1%
b11 (
#173659720000
0!
0%
#173701385000
1!
1%
b100 (
#173743050000
0!
0%
#173784715000
1!
b00001101 #
1%
b00001101 '
b0 (
1)
#173826380000
0!
0%
#173868045000
1!
1%
b1 (
#173909710000
0!
0%
#173951375000
1!
1%
b10 (
#173993040000
0!
b00000101 #
0%
b00000101 '
0*
#174034705000
1!
1%
b11 (
#174076370000
0!
0%
#174118035000
1!
1%
b100 (
#174159700000
0!
0%
#174201365000
1!
b00000010 #
1%
b00000010 '
b0 (
0)
#174243030000
0!
0%
#174284695000
1!
1%
b1 (
#174326360000
0!
0%
#174368025000
1!
1%
b10 (
#174409690000
0!
b00001010 #
0%
b00001010 '
1*
#174451355000
1!
1%
b11 (
#174493020000
0!
0%
#174534685000
1!
1%
b100 (
#174576350000
0!
0%
#174618015000
1!
b00001101 #
1%
b00001101 '
b0 (
1)
#174659680000
0!
0%
#174701345000
1!
1%
b1 (
#174743010000
0!
0%
#174784675000
1!
1%
b10 (
#174826340000
0!
b00000101 #
0%
b00000101 '
0*
#174868005000
1!
1%
b11 (
#174909670000
0!
0%
#174951335000
1!
1%
b100 (
#174993000000
0!
0%
#175034665000
1!
b00000010 #
1%
b00000010 '
b0 (
0)
#175076330000
0!
0%
#175117995000
1!
1%
b1 (
#175159660000
0!
0%
#175201325000
1!
1%
b10 (
#175242990000
0!
b00001010 #
0%
b00001010 '
1*
#175284655000
1!
1%
b11 (
#175326320000
0!
0%
#175367985000
1!
1%
b100 (
#175409650000
0!
0%
#175451315000
1!
b00001101 #
1%
b00001101 '
b0 (
1)
#175492980000
0!
0%
#175534645000
1!
1%
b1 (
#175576310000
0!
0%
#175617975000
1!
1%
b10 (
#175659640000
0!
b00000101 #
0%
b00000101 '
0*
#175701305000
1!
1%
b11 (
#175742970000
0!
0%
#175784635000
1!
1%
b100 (
#175826300000
0!
0%
#175867965000
1!
b00000010 #
1%
b00000010 '
b0 (
0)
#175909630000
0!
0%
#175951295000
1!
1%
b1 (
#175992960000
0!
0%
#176034625000
1!
1%
b10 (
#176076290000
0!
b00001010 #
0%
b00001010 '
1*
#176117955000
1!
1%
b11 (
#176159620000
0!
0%
#176201285000
1!
1%
b100 (
#176242950000
0!
0%
#176284615000
1!
b00001101 #
1%
b00001101 '
b0 (
1)
#176326280000
0!
0%
#176367945000
1!
1%
b1 (
#176409610000
0!
0%
#176451275000
1!
1%
b10 (
#176492940000
0!
b00000101 #
0%
b00000101 '
0*
#176534605000
1!
1%
b11 (
#176576270000
0!
0%
#176617935000
1!
1%
b100 (
#176659600000
0!
0%
#176701265000
1!
b00000010 #
1%
b00000010 '
b0 (
0)
#176742930000
0!
0%
#176784595000
1!
1%
b1 (
#176826260000
0!
0%
#176867925000
1!
1%
b10 (
#176909590000
0!
b00001010 #
0%
b00001010 '
1*
#176951255000
1!
1%
b11 (
#176992920000
0!
0%
#177034585000
1!
1%
b100 (
#177076250000
0!
0%
#177117915000
1!
b00001101 #
1%
b00001101 '
b0 (
1)
#177159580000
0!
0%
#177201245000
1!
1%
b1 (
#177242910000
0!
0%
#177284575000
1!
1%
b10 (
#177326240000
0!
b00000101 #
0%
b00000101 '
0*
#177367905000
1!
1%
b11 (
#177409570000
0!
0%
#177451235000
1!
1%
b100 (
#177492900000
0!
0%
#177534565000
1!
b00000010 #
1%
b00000010 '
b0 (
0)
#177576230000
0!
0%
#177617895000
1!
1%
b1 (
#177659560000
0!
0%
#177701225000
1!
1%
b10 (
#177742890000
0!
b00001010 #
0%
b00001010 '
1*
#177784555000
1!
1%
b11 (
#177826220000
0!
0%
#177867885000
1!
1%
b100 (
#177909550000
0!
0%
#177951215000
1!
b00001101 #
1%
b00001101 '
b0 (
1)
#177992880000
0!
0%
#178034545000
1!
1%
b1 (
#178076210000
0!
0%
#178117875000
1!
1%
b10 (
#178159540000
0!
b00000101 #
0%
b00000101 '
0*
#178201205000
1!
1%
b11 (
#178242870000
0!
0%
#178284535000
1!
1%
b100 (
#178326200000
0!
0%
#178367865000
1!
b00000010 #
1%
b00000010 '
b0 (
0)
#178409530000
0!
0%
#178451195000
1!
1%
b1 (
#178492860000
0!
0%
#178534525000
1!
1%
b10 (
#178576190000
0!
b00001010 #
0%
b00001010 '
1*
#178617855000
1!
1%
b11 (
#178659520000
0!
0%
#178701185000
1!
1%
b100 (
#178742850000
0!
0%
#178784515000
1!
b00001101 #
1%
b00001101 '
b0 (
1)
#178826180000
0!
0%
#178867845000
1!
1%
b1 (
#178909510000
0!
0%
#178951175000
1!
1%
b10 (
#178992840000
0!
b00000101 #
0%
b00000101 '
0*
#179034505000
1!
1%
b11 (
#179076170000
0!
0%
#179117835000
1!
1%
b100 (
#179159500000
0!
0%
#179201165000
1!
b00000010 #
1%
b00000010 '
b0 (
0)
#179242830000
0!
0%
#179284495000
1!
1%
b1 (
#179326160000
0!
0%
#179367825000
1!
1%
b10 (
#179409490000
0!
b00001010 #
0%
b00001010 '
1*
#179451155000
1!
1%
b11 (
#179492820000
0!
0%
#179534485000
1!
1%
b100 (
#179576150000
0!
0%
#179617815000
1!
b00001101 #
1%
b00001101 '
b0 (
1)
#179659480000
0!
0%
#179701145000
1!
1%
b1 (
#179742810000
0!
0%
#179784475000
1!
1%
b10 (
#179826140000
0!
b00000101 #
0%
b00000101 '
0*
#179867805000
1!
1%
b11 (
#179909470000
0!
0%
#179951135000
1!
1%
b100 (
#179992800000
0!
0%
#180034465000
1!
b00000010 #
1%
b00000010 '
b0 (
0)
#180076130000
0!
0%
#180117795000
1!
1%
b1 (
#180159460000
0!
0%
#180201125000
1!
1%
b10 (
#180242790000
0!
b00001010 #
0%
b00001010 '
1*
#180284455000
1!
1%
b11 (
#180326120000
0!
0%
#180367785000
1!
1%
b100 (
#180409450000
0!
0%
#180451115000
1!
b00001101 #
1%
b00001101 '
b0 (
1)
#180492780000
0!
0%
#180534445000
1!
1%
b1 (
#180576110000
0!
0%
#180617775000
1!
1%
b10 (
#180659440000
0!
b00000101 #
0%
b00000101 '
0*
#180701105000
1!
1%
b11 (
#180742770000
0!
0%
#180784435000
1!
1%
b100 (
#180826100000
0!
0%
#180867765000
1!
b00000010 #
1%
b00000010 '
b0 (
0)
#180909430000
0!
0%
#180951095000
1!
1%
b1 (
#180992760000
0!
0%
#181034425000
1!
1%
b10 (
#181076090000
0!
b00001010 #
0%
b00001010 '
1*
#181117755000
1!
1%
b11 (
#181159420000
0!
0%
#181201085000
1!
1%
b100 (
#181242750000
0!
0%
#181284415000
1!
b00001101 #
1%
b00001101 '
b0 (
1)
#181326080000
0!
0%
#181367745000
1!
1%
b1 (
#181409410000
0!
0%
#181451075000
1!
1%
b10 (
#181492740000
0!
b00000101 #
0%
b00000101 '
0*
#181534405000
1!
1%
b11 (
#181576070000
0!
0%
#181617735000
1!
1%
b100 (
#181659400000
0!
0%
#181701065000
1!
b00000010 #
1%
b00000010 '
b0 (
0)
#181742730000
0!
0%
#181784395000
1!
1%
b1 (
#181826060000
0!
0%
#181867725000
1!
1%
b10 (
#181909390000
0!
b00001010 #
0%
b00001010 '
1*
#181951055000
1!
1%
b11 (
#181992720000
0!
0%
#182034385000
1!
1%
b100 (
#182076050000
0!
0%
#182117715000
1!
b00001101 #
1%
b00001101 '
b0 (
1)
#182159380000
0!
0%
#182201045000
1!
1%
b1 (
#182242710000
0!
0%
#182284375000
1!
1%
b10 (
#182326040000
0!
b00000101 #
0%
b00000101 '
0*
#182367705000
1!
1%
b11 (
#182409370000
0!
0%
#182451035000
1!
1%
b100 (
#182492700000
0!
0%
#182534365000
1!
b00000010 #
1%
b00000010 '
b0 (
0)
#182576030000
0!
0%
#182617695000
1!
1%
b1 (
#182659360000
0!
0%
#182701025000
1!
1%
b10 (
#182742690000
0!
b00001010 #
0%
b00001010 '
1*
#182784355000
1!
1%
b11 (
#182826020000
0!
0%
#182867685000
1!
1%
b100 (
#182909350000
0!
0%
#182951015000
1!
b00001101 #
1%
b00001101 '
b0 (
1)
#182992680000
0!
0%
#183034345000
1!
1%
b1 (
#183076010000
0!
0%
#183117675000
1!
1%
b10 (
#183159340000
0!
b00000101 #
0%
b00000101 '
0*
#183201005000
1!
1%
b11 (
#183242670000
0!
0%
#183284335000
1!
1%
b100 (
#183326000000
0!
0%
#183367665000
1!
b00000010 #
1%
b00000010 '
b0 (
0)
#183409330000
0!
0%
#183450995000
1!
1%
b1 (
#183492660000
0!
0%
#183534325000
1!
1%
b10 (
#183575990000
0!
b00001010 #
0%
b00001010 '
1*
#183617655000
1!
1%
b11 (
#183659320000
0!
0%
#183700985000
1!
1%
b100 (
#183742650000
0!
0%
#183784315000
1!
b00001101 #
1%
b00001101 '
b0 (
1)
#183825980000
0!
0%
#183867645000
1!
1%
b1 (
#183909310000
0!
0%
#183950975000
1!
1%
b10 (
#183992640000
0!
b00000101 #
0%
b00000101 '
0*
#184034305000
1!
1%
b11 (
#184075970000
0!
0%
#184117635000
1!
1%
b100 (
#184159300000
0!
0%
#184200965000
1!
b00000010 #
1%
b00000010 '
b0 (
0)
#184242630000
0!
0%
#184284295000
1!
1%
b1 (
#184325960000
0!
0%
#184367625000
1!
1%
b10 (
#184409290000
0!
b00001010 #
0%
b00001010 '
1*
#184450955000
1!
1%
b11 (
#184492620000
0!
0%
#184534285000
1!
1%
b100 (
#184575950000
0!
0%
#184617615000
1!
b00001101 #
1%
b00001101 '
b0 (
1)
#184659280000
0!
0%
#184700945000
1!
1%
b1 (
#184742610000
0!
0%
#184784275000
1!
1%
b10 (
#184825940000
0!
b00000101 #
0%
b00000101 '
0*
#184867605000
1!
1%
b11 (
#184909270000
0!
0%
#184950935000
1!
1%
b100 (
#184992600000
0!
0%
#185034265000
1!
b00000010 #
1%
b00000010 '
b0 (
0)
#185075930000
0!
0%
#185117595000
1!
1%
b1 (
#185159260000
0!
0%
#185200925000
1!
1%
b10 (
#185242590000
0!
b00001010 #
0%
b00001010 '
1*
#185284255000
1!
1%
b11 (
#185325920000
0!
0%
#185367585000
1!
1%
b100 (
#185409250000
0!
0%
#185450915000
1!
b00001101 #
1%
b00001101 '
b0 (
1)
#185492580000
0!
0%
#185534245000
1!
1%
b1 (
#185575910000
0!
0%
#185617575000
1!
1%
b10 (
#185659240000
0!
b00000101 #
0%
b00000101 '
0*
#185700905000
1!
1%
b11 (
#185742570000
0!
0%
#185784235000
1!
1%
b100 (
#185825900000
0!
0%
#185867565000
1!
b00000010 #
1%
b00000010 '
b0 (
0)
#185909230000
0!
0%
#185950895000
1!
1%
b1 (
#185992560000
0!
0%
#186034225000
1!
1%
b10 (
#186075890000
0!
b00001010 #
0%
b00001010 '
1*
#186117555000
1!
1%
b11 (
#186159220000
0!
0%
#186200885000
1!
1%
b100 (
#186242550000
0!
0%
#186284215000
1!
b00001101 #
1%
b00001101 '
b0 (
1)
#186325880000
0!
0%
#186367545000
1!
1%
b1 (
#186409210000
0!
0%
#186450875000
1!
1%
b10 (
#186492540000
0!
b00000101 #
0%
b00000101 '
0*
#186534205000
1!
1%
b11 (
#186575870000
0!
0%
#186617535000
1!
1%
b100 (
#186659200000
0!
0%
#186700865000
1!
b00000010 #
1%
b00000010 '
b0 (
0)
#186742530000
0!
0%
#186784195000
1!
1%
b1 (
#186825860000
0!
0%
#186867525000
1!
1%
b10 (
#186909190000
0!
b00001010 #
0%
b00001010 '
1*
#186950855000
1!
1%
b11 (
#186992520000
0!
0%
#187034185000
1!
1%
b100 (
#187075850000
0!
0%
#187117515000
1!
b00001101 #
1%
b00001101 '
b0 (
1)
#187159180000
0!
0%
#187200845000
1!
1%
b1 (
#187242510000
0!
0%
#187284175000
1!
1%
b10 (
#187325840000
0!
b00000101 #
0%
b00000101 '
0*
#187367505000
1!
1%
b11 (
#187409170000
0!
0%
#187450835000
1!
1%
b100 (
#187492500000
0!
0%
#187534165000
1!
b00000010 #
1%
b00000010 '
b0 (
0)
#187575830000
0!
0%
#187617495000
1!
1%
b1 (
#187659160000
0!
0%
#187700825000
1!
1%
b10 (
#187742490000
0!
b00001010 #
0%
b00001010 '
1*
#187784155000
1!
1%
b11 (
#187825820000
0!
0%
#187867485000
1!
1%
b100 (
#187909150000
0!
0%
#187950815000
1!
b00001101 #
1%
b00001101 '
b0 (
1)
#187992480000
0!
0%
#188034145000
1!
1%
b1 (
#188075810000
0!
0%
#188117475000
1!
1%
b10 (
#188159140000
0!
b00000101 #
0%
b00000101 '
0*
#188200805000
1!
1%
b11 (
#188242470000
0!
0%
#188284135000
1!
1%
b100 (
#188325800000
0!
0%
#188367465000
1!
b00000010 #
1%
b00000010 '
b0 (
0)
#188409130000
0!
0%
#188450795000
1!
1%
b1 (
#188492460000
0!
0%
#188534125000
1!
1%
b10 (
#188575790000
0!
b00001010 #
0%
b00001010 '
1*
#188617455000
1!
1%
b11 (
#188659120000
0!
0%
#188700785000
1!
1%
b100 (
#188742450000
0!
0%
#188784115000
1!
b00001101 #
1%
b00001101 '
b0 (
1)
#188825780000
0!
0%
#188867445000
1!
1%
b1 (
#188909110000
0!
0%
#188950775000
1!
1%
b10 (
#188992440000
0!
b00000101 #
0%
b00000101 '
0*
#189034105000
1!
1%
b11 (
#189075770000
0!
0%
#189117435000
1!
1%
b100 (
#189159100000
0!
0%
#189200765000
1!
b00000010 #
1%
b00000010 '
b0 (
0)
#189242430000
0!
0%
#189284095000
1!
1%
b1 (
#189325760000
0!
0%
#189367425000
1!
1%
b10 (
#189409090000
0!
b00001010 #
0%
b00001010 '
1*
#189450755000
1!
1%
b11 (
#189492420000
0!
0%
#189534085000
1!
1%
b100 (
#189575750000
0!
0%
#189617415000
1!
b00001101 #
1%
b00001101 '
b0 (
1)
#189659080000
0!
0%
#189700745000
1!
1%
b1 (
#189742410000
0!
0%
#189784075000
1!
1%
b10 (
#189825740000
0!
b00000101 #
0%
b00000101 '
0*
#189867405000
1!
1%
b11 (
#189909070000
0!
0%
#189950735000
1!
1%
b100 (
#189992400000
0!
0%
#190034065000
1!
b00000010 #
1%
b00000010 '
b0 (
0)
#190075730000
0!
0%
#190117395000
1!
1%
b1 (
#190159060000
0!
0%
#190200725000
1!
1%
b10 (
#190242390000
0!
b00001010 #
0%
b00001010 '
1*
#190284055000
1!
1%
b11 (
#190325720000
0!
0%
#190367385000
1!
1%
b100 (
#190409050000
0!
0%
#190450715000
1!
b00001101 #
1%
b00001101 '
b0 (
1)
#190492380000
0!
0%
#190534045000
1!
1%
b1 (
#190575710000
0!
0%
#190617375000
1!
1%
b10 (
#190659040000
0!
b00000101 #
0%
b00000101 '
0*
#190700705000
1!
1%
b11 (
#190742370000
0!
0%
#190784035000
1!
1%
b100 (
#190825700000
0!
0%
#190867365000
1!
b00000010 #
1%
b00000010 '
b0 (
0)
#190909030000
0!
0%
#190950695000
1!
1%
b1 (
#190992360000
0!
0%
#191034025000
1!
1%
b10 (
#191075690000
0!
b00001010 #
0%
b00001010 '
1*
#191117355000
1!
1%
b11 (
#191159020000
0!
0%
#191200685000
1!
1%
b100 (
#191242350000
0!
0%
#191284015000
1!
b00001101 #
1%
b00001101 '
b0 (
1)
#191325680000
0!
0%
#191367345000
1!
1%
b1 (
#191409010000
0!
0%
#191450675000
1!
1%
b10 (
#191492340000
0!
b00000101 #
0%
b00000101 '
0*
#191534005000
1!
1%
b11 (
#191575670000
0!
0%
#191617335000
1!
1%
b100 (
#191659000000
0!
0%
#191700665000
1!
b00000010 #
1%
b00000010 '
b0 (
0)
#191742330000
0!
0%
#191783995000
1!
1%
b1 (
#191825660000
0!
0%
#191867325000
1!
1%
b10 (
#191908990000
0!
b00001010 #
0%
b00001010 '
1*
#191950655000
1!
1%
b11 (
#191992320000
0!
0%
#192033985000
1!
1%
b100 (
#192075650000
0!
0%
#192117315000
1!
b00001101 #
1%
b00001101 '
b0 (
1)
#192158980000
0!
0%
#192200645000
1!
1%
b1 (
#192242310000
0!
0%
#192283975000
1!
1%
b10 (
#192325640000
0!
b00000101 #
0%
b00000101 '
0*
#192367305000
1!
1%
b11 (
#192408970000
0!
0%
#192450635000
1!
1%
b100 (
#192492300000
0!
0%
#192533965000
1!
b00000010 #
1%
b00000010 '
b0 (
0)
#192575630000
0!
0%
#192617295000
1!
1%
b1 (
#192658960000
0!
0%
#192700625000
1!
1%
b10 (
#192742290000
0!
b00001010 #
0%
b00001010 '
1*
#192783955000
1!
1%
b11 (
#192825620000
0!
0%
#192867285000
1!
1%
b100 (
#192908950000
0!
0%
#192950615000
1!
b00001101 #
1%
b00001101 '
b0 (
1)
#192992280000
0!
0%
#193033945000
1!
1%
b1 (
#193075610000
0!
0%
#193117275000
1!
1%
b10 (
#193158940000
0!
b00000101 #
0%
b00000101 '
0*
#193200605000
1!
1%
b11 (
#193242270000
0!
0%
#193283935000
1!
1%
b100 (
#193325600000
0!
0%
#193367265000
1!
b00000010 #
1%
b00000010 '
b0 (
0)
#193408930000
0!
0%
#193450595000
1!
1%
b1 (
#193492260000
0!
0%
#193533925000
1!
1%
b10 (
#193575590000
0!
b00001010 #
0%
b00001010 '
1*
#193617255000
1!
1%
b11 (
#193658920000
0!
0%
#193700585000
1!
1%
b100 (
#193742250000
0!
0%
#193783915000
1!
b00001101 #
1%
b00001101 '
b0 (
1)
#193825580000
0!
0%
#193867245000
1!
1%
b1 (
#193908910000
0!
0%
#193950575000
1!
1%
b10 (
#193992240000
0!
b00000101 #
0%
b00000101 '
0*
#194033905000
1!
1%
b11 (
#194075570000
0!
0%
#194117235000
1!
1%
b100 (
#194158900000
0!
0%
#194200565000
1!
b00000010 #
1%
b00000010 '
b0 (
0)
#194242230000
0!
0%
#194283895000
1!
1%
b1 (
#194325560000
0!
0%
#194367225000
1!
1%
b10 (
#194408890000
0!
b00001010 #
0%
b00001010 '
1*
#194450555000
1!
1%
b11 (
#194492220000
0!
0%
#194533885000
1!
1%
b100 (
#194575550000
0!
0%
#194617215000
1!
b00001101 #
1%
b00001101 '
b0 (
1)
#194658880000
0!
0%
#194700545000
1!
1%
b1 (
#194742210000
0!
0%
#194783875000
1!
1%
b10 (
#194825540000
0!
b00000101 #
0%
b00000101 '
0*
#194867205000
1!
1%
b11 (
#194908870000
0!
0%
#194950535000
1!
1%
b100 (
#194992200000
0!
0%
#195033865000
1!
b00000010 #
1%
b00000010 '
b0 (
0)
#195075530000
0!
0%
#195117195000
1!
1%
b1 (
#195158860000
0!
0%
#195200525000
1!
1%
b10 (
#195242190000
0!
b00001010 #
0%
b00001010 '
1*
#195283855000
1!
1%
b11 (
#195325520000
0!
0%
#195367185000
1!
1%
b100 (
#195408850000
0!
0%
#195450515000
1!
b00001101 #
1%
b00001101 '
b0 (
1)
#195492180000
0!
0%
#195533845000
1!
1%
b1 (
#195575510000
0!
0%
#195617175000
1!
1%
b10 (
#195658840000
0!
b00000101 #
0%
b00000101 '
0*
#195700505000
1!
1%
b11 (
#195742170000
0!
0%
#195783835000
1!
1%
b100 (
#195825500000
0!
0%
#195867165000
1!
b00000010 #
1%
b00000010 '
b0 (
0)
#195908830000
0!
0%
#195950495000
1!
1%
b1 (
#195992160000
0!
0%
#196033825000
1!
1%
b10 (
#196075490000
0!
b00001010 #
0%
b00001010 '
1*
#196117155000
1!
1%
b11 (
#196158820000
0!
0%
#196200485000
1!
1%
b100 (
#196242150000
0!
0%
#196283815000
1!
b00001101 #
1%
b00001101 '
b0 (
1)
#196325480000
0!
0%
#196367145000
1!
1%
b1 (
#196408810000
0!
0%
#196450475000
1!
1%
b10 (
#196492140000
0!
b00000101 #
0%
b00000101 '
0*
#196533805000
1!
1%
b11 (
#196575470000
0!
0%
#196617135000
1!
1%
b100 (
#196658800000
0!
0%
#196700465000
1!
b00000010 #
1%
b00000010 '
b0 (
0)
#196742130000
0!
0%
#196783795000
1!
1%
b1 (
#196825460000
0!
0%
#196867125000
1!
1%
b10 (
#196908790000
0!
b00001010 #
0%
b00001010 '
1*
#196950455000
1!
1%
b11 (
#196992120000
0!
0%
#197033785000
1!
1%
b100 (
#197075450000
0!
0%
#197117115000
1!
b00001101 #
1%
b00001101 '
b0 (
1)
#197158780000
0!
0%
#197200445000
1!
1%
b1 (
#197242110000
0!
0%
#197283775000
1!
1%
b10 (
#197325440000
0!
b00000101 #
0%
b00000101 '
0*
#197367105000
1!
1%
b11 (
#197408770000
0!
0%
#197450435000
1!
1%
b100 (
#197492100000
0!
0%
#197533765000
1!
b00000010 #
1%
b00000010 '
b0 (
0)
#197575430000
0!
0%
#197617095000
1!
1%
b1 (
#197658760000
0!
0%
#197700425000
1!
1%
b10 (
#197742090000
0!
b00001010 #
0%
b00001010 '
1*
#197783755000
1!
1%
b11 (
#197825420000
0!
0%
#197867085000
1!
1%
b100 (
#197908750000
0!
0%
#197950415000
1!
b00001101 #
1%
b00001101 '
b0 (
1)
#197992080000
0!
0%
#198033745000
1!
1%
b1 (
#198075410000
0!
0%
#198117075000
1!
1%
b10 (
#198158740000
0!
b00000101 #
0%
b00000101 '
0*
#198200405000
1!
1%
b11 (
#198242070000
0!
0%
#198283735000
1!
1%
b100 (
#198325400000
0!
0%
#198367065000
1!
b00000010 #
1%
b00000010 '
b0 (
0)
#198408730000
0!
0%
#198450395000
1!
1%
b1 (
#198492060000
0!
0%
#198533725000
1!
1%
b10 (
#198575390000
0!
b00001010 #
0%
b00001010 '
1*
#198617055000
1!
1%
b11 (
#198658720000
0!
0%
#198700385000
1!
1%
b100 (
#198742050000
0!
0%
#198783715000
1!
b00001101 #
1%
b00001101 '
b0 (
1)
#198825380000
0!
0%
#198867045000
1!
1%
b1 (
#198908710000
0!
0%
#198950375000
1!
1%
b10 (
#198992040000
0!
b00000101 #
0%
b00000101 '
0*
#199033705000
1!
1%
b11 (
#199075370000
0!
0%
#199117035000
1!
1%
b100 (
#199158700000
0!
0%
#199200365000
1!
b00000010 #
1%
b00000010 '
b0 (
0)
#199242030000
0!
0%
#199283695000
1!
1%
b1 (
#199325360000
0!
0%
#199367025000
1!
1%
b10 (
#199408690000
0!
b00001010 #
0%
b00001010 '
1*
#199450355000
1!
1%
b11 (
#199492020000
0!
0%
#199533685000
1!
1%
b100 (
#199575350000
0!
0%
#199617015000
1!
b00001101 #
1%
b00001101 '
b0 (
1)
#199658680000
0!
0%
#199700345000
1!
1%
b1 (
#199742010000
0!
0%
#199783675000
1!
1%
b10 (
#199825340000
0!
b00000101 #
0%
b00000101 '
0*
#199867005000
1!
1%
b11 (
#199908670000
0!
0%
#199950335000
1!
1%
b100 (
#199992000000
0!
0%
#200033665000
1!
b00000010 #
1%
b00000010 '
b0 (
0)
#200075330000
0!
0%
#200116995000
1!
1%
b1 (
#200158660000
0!
0%
#200200325000
1!
1%
b10 (
#200241990000
0!
b00001010 #
0%
b00001010 '
1*
#200283655000
1!
1%
b11 (
#200325320000
0!
0%
#200366985000
1!
1%
b100 (
#200408650000
0!
0%
#200450315000
1!
b00001101 #
1%
b00001101 '
b0 (
1)
#200491980000
0!
0%
#200533645000
1!
1%
b1 (
#200575310000
0!
0%
#200616975000
1!
1%
b10 (
#200658640000
0!
b00000101 #
0%
b00000101 '
0*
#200700305000
1!
1%
b11 (
#200741970000
0!
0%
#200783635000
1!
1%
b100 (
#200825300000
0!
0%
#200866965000
1!
b00000010 #
1%
b00000010 '
b0 (
0)
#200908630000
0!
0%
#200950295000
1!
1%
b1 (
#200991960000
0!
0%
#201033625000
1!
1%
b10 (
#201075290000
0!
b00001010 #
0%
b00001010 '
1*
#201116955000
1!
1%
b11 (
#201158620000
0!
0%
#201200285000
1!
1%
b100 (
#201241950000
0!
0%
#201283615000
1!
b00001101 #
1%
b00001101 '
b0 (
1)
#201325280000
0!
0%
#201366945000
1!
1%
b1 (
#201408610000
0!
0%
#201450275000
1!
1%
b10 (
#201491940000
0!
b00000101 #
0%
b00000101 '
0*
#201533605000
1!
1%
b11 (
#201575270000
0!
0%
#201616935000
1!
1%
b100 (
#201658600000
0!
0%
#201700265000
1!
b00000010 #
1%
b00000010 '
b0 (
0)
#201741930000
0!
0%
#201783595000
1!
1%
b1 (
#201825260000
0!
0%
#201866925000
1!
1%
b10 (
#201908590000
0!
b00001010 #
0%
b00001010 '
1*
#201950255000
1!
1%
b11 (
#201991920000
0!
0%
#202033585000
1!
1%
b100 (
#202075250000
0!
0%
#202116915000
1!
b00001101 #
1%
b00001101 '
b0 (
1)
#202158580000
0!
0%
#202200245000
1!
1%
b1 (
#202241910000
0!
0%
#202283575000
1!
1%
b10 (
#202325240000
0!
b00000101 #
0%
b00000101 '
0*
#202366905000
1!
1%
b11 (
#202408570000
0!
0%
#202450235000
1!
1%
b100 (
#202491900000
0!
0%
#202533565000
1!
b00000010 #
1%
b00000010 '
b0 (
0)
#202575230000
0!
0%
#202616895000
1!
1%
b1 (
#202658560000
0!
0%
#202700225000
1!
1%
b10 (
#202741890000
0!
b00001010 #
0%
b00001010 '
1*
#202783555000
1!
1%
b11 (
#202825220000
0!
0%
#202866885000
1!
1%
b100 (
#202908550000
0!
0%
#202950215000
1!
b00001101 #
1%
b00001101 '
b0 (
1)
#202991880000
0!
0%
#203033545000
1!
1%
b1 (
#203075210000
0!
0%
#203116875000
1!
1%
b10 (
#203158540000
0!
b00000101 #
0%
b00000101 '
0*
#203200205000
1!
1%
b11 (
#203241870000
0!
0%
#203283535000
1!
1%
b100 (
#203325200000
0!
0%
#203366865000
1!
b00000010 #
1%
b00000010 '
b0 (
0)
#203408530000
0!
0%
#203450195000
1!
1%
b1 (
#203491860000
0!
0%
#203533525000
1!
1%
b10 (
#203575190000
0!
b00001010 #
0%
b00001010 '
1*
#203616855000
1!
1%
b11 (
#203658520000
0!
0%
#203700185000
1!
1%
b100 (
#203741850000
0!
0%
#203783515000
1!
b00001101 #
1%
b00001101 '
b0 (
1)
#203825180000
0!
0%
#203866845000
1!
1%
b1 (
#203908510000
0!
0%
#203950175000
1!
1%
b10 (
#203991840000
0!
b00000101 #
0%
b00000101 '
0*
#204033505000
1!
1%
b11 (
#204075170000
0!
0%
#204116835000
1!
1%
b100 (
#204158500000
0!
0%
#204200165000
1!
b00000010 #
1%
b00000010 '
b0 (
0)
#204241830000
0!
0%
#204283495000
1!
1%
b1 (
#204325160000
0!
0%
#204366825000
1!
1%
b10 (
#204408490000
0!
b00001010 #
0%
b00001010 '
1*
#204450155000
1!
1%
b11 (
#204491820000
0!
0%
#204533485000
1!
1%
b100 (
#204575150000
0!
0%
#204616815000
1!
b00001101 #
1%
b00001101 '
b0 (
1)
#204658480000
0!
0%
#204700145000
1!
1%
b1 (
#204741810000
0!
0%
#204783475000
1!
1%
b10 (
#204825140000
0!
b00000101 #
0%
b00000101 '
0*
#204866805000
1!
1%
b11 (
#204908470000
0!
0%
#204950135000
1!
1%
b100 (
#204991800000
0!
0%
#205033465000
1!
b00000010 #
1%
b00000010 '
b0 (
0)
#205075130000
0!
0%
#205116795000
1!
1%
b1 (
#205158460000
0!
0%
#205200125000
1!
1%
b10 (
#205241790000
0!
b00001010 #
0%
b00001010 '
1*
#205283455000
1!
1%
b11 (
#205325120000
0!
0%
#205366785000
1!
1%
b100 (
#205408450000
0!
0%
#205450115000
1!
b00001101 #
1%
b00001101 '
b0 (
1)
#205491780000
0!
0%
#205533445000
1!
1%
b1 (
#205575110000
0!
0%
#205616775000
1!
1%
b10 (
#205658440000
0!
b00000101 #
0%
b00000101 '
0*
#205700105000
1!
1%
b11 (
#205741770000
0!
0%
#205783435000
1!
1%
b100 (
#205825100000
0!
0%
#205866765000
1!
b00000010 #
1%
b00000010 '
b0 (
0)
#205908430000
0!
0%
#205950095000
1!
1%
b1 (
#205991760000
0!
0%
#206033425000
1!
1%
b10 (
#206075090000
0!
b00001010 #
0%
b00001010 '
1*
#206116755000
1!
1%
b11 (
#206158420000
0!
0%
#206200085000
1!
1%
b100 (
#206241750000
0!
0%
#206283415000
1!
b00001101 #
1%
b00001101 '
b0 (
1)
#206325080000
0!
0%
#206366745000
1!
1%
b1 (
#206408410000
0!
0%
#206450075000
1!
1%
b10 (
#206491740000
0!
b00000101 #
0%
b00000101 '
0*
#206533405000
1!
1%
b11 (
#206575070000
0!
0%
#206616735000
1!
1%
b100 (
#206658400000
0!
0%
#206700065000
1!
b00000010 #
1%
b00000010 '
b0 (
0)
#206741730000
0!
0%
#206783395000
1!
1%
b1 (
#206825060000
0!
0%
#206866725000
1!
1%
b10 (
#206908390000
0!
b00001010 #
0%
b00001010 '
1*
#206950055000
1!
1%
b11 (
#206991720000
0!
0%
#207033385000
1!
1%
b100 (
#207075050000
0!
0%
#207116715000
1!
b00001101 #
1%
b00001101 '
b0 (
1)
#207158380000
0!
0%
#207200045000
1!
1%
b1 (
#207241710000
0!
0%
#207283375000
1!
1%
b10 (
#207325040000
0!
b00000101 #
0%
b00000101 '
0*
#207366705000
1!
1%
b11 (
#207408370000
0!
0%
#207450035000
1!
1%
b100 (
#207491700000
0!
0%
#207533365000
1!
b00000010 #
1%
b00000010 '
b0 (
0)
#207575030000
0!
0%
#207616695000
1!
1%
b1 (
#207658360000
0!
0%
#207700025000
1!
1%
b10 (
#207741690000
0!
b00001010 #
0%
b00001010 '
1*
#207783355000
1!
1%
b11 (
#207825020000
0!
0%
#207866685000
1!
1%
b100 (
#207908350000
0!
0%
#207950015000
1!
b00001101 #
1%
b00001101 '
b0 (
1)
#207991680000
0!
0%
#208033345000
1!
1%
b1 (
#208075010000
0!
0%
#208116675000
1!
1%
b10 (
#208158340000
0!
b00000101 #
0%
b00000101 '
0*
#208200005000
1!
1%
b11 (
#208241670000
0!
0%
#208283335000
1!
1%
b100 (
#208325000000
0!
0%
#208366665000
1!
b00000010 #
1%
b00000010 '
b0 (
0)
#208408330000
0!
0%
#208449995000
1!
1%
b1 (
#208491660000
0!
0%
#208533325000
1!
1%
b10 (
#208574990000
0!
b00001010 #
0%
b00001010 '
1*
#208616655000
1!
1%
b11 (
#208658320000
0!
0%
#208699985000
1!
1%
b100 (
#208741650000
0!
0%
#208783315000
1!
b00001101 #
1%
b00001101 '
b0 (
1)
#208824980000
0!
0%
#208866645000
1!
1%
b1 (
#208908310000
0!
0%
#208949975000
1!
1%
b10 (
#208991640000
0!
b00000101 #
0%
b00000101 '
0*
#209033305000
1!
1%
b11 (
#209074970000
0!
0%
#209116635000
1!
1%
b100 (
#209158300000
0!
0%
#209199965000
1!
b00000010 #
1%
b00000010 '
b0 (
0)
#209241630000
0!
0%
#209283295000
1!
1%
b1 (
#209324960000
0!
0%
#209366625000
1!
1%
b10 (
#209408290000
0!
b00001010 #
0%
b00001010 '
1*
#209449955000
1!
1%
b11 (
#209491620000
0!
0%
#209533285000
1!
1%
b100 (
#209574950000
0!
0%
#209616615000
1!
b00001101 #
1%
b00001101 '
b0 (
1)
#209658280000
0!
0%
#209699945000
1!
1%
b1 (
#209741610000
0!
0%
#209783275000
1!
1%
b10 (
#209824940000
0!
b00000101 #
0%
b00000101 '
0*
#209866605000
1!
1%
b11 (
#209908270000
0!
0%
#209949935000
1!
1%
b100 (
#209991600000
0!
0%
#210033265000
1!
b00000010 #
1%
b00000010 '
b0 (
0)
#210074930000
0!
0%
#210116595000
1!
1%
b1 (
#210158260000
0!
0%
#210199925000
1!
1%
b10 (
#210241590000
0!
b00001010 #
0%
b00001010 '
1*
#210283255000
1!
1%
b11 (
#210324920000
0!
0%
#210366585000
1!
1%
b100 (
#210408250000
0!
0%
#210449915000
1!
b00001101 #
1%
b00001101 '
b0 (
1)
#210491580000
0!
0%
#210533245000
1!
1%
b1 (
#210574910000
0!
0%
#210616575000
1!
1%
b10 (
#210658240000
0!
b00000101 #
0%
b00000101 '
0*
#210699905000
1!
1%
b11 (
#210741570000
0!
0%
#210783235000
1!
1%
b100 (
#210824900000
0!
0%
#210866565000
1!
b00000010 #
1%
b00000010 '
b0 (
0)
#210908230000
0!
0%
#210949895000
1!
1%
b1 (
#210991560000
0!
0%
#211033225000
1!
1%
b10 (
#211074890000
0!
b00001010 #
0%
b00001010 '
1*
#211116555000
1!
1%
b11 (
#211158220000
0!
0%
#211199885000
1!
1%
b100 (
#211241550000
0!
0%
#211283215000
1!
b00001101 #
1%
b00001101 '
b0 (
1)
#211324880000
0!
0%
#211366545000
1!
1%
b1 (
#211408210000
0!
0%
#211449875000
1!
1%
b10 (
#211491540000
0!
b00000101 #
0%
b00000101 '
0*
#211533205000
1!
1%
b11 (
#211574870000
0!
0%
#211616535000
1!
1%
b100 (
#211658200000
0!
0%
#211699865000
1!
b00000010 #
1%
b00000010 '
b0 (
0)
#211741530000
0!
0%
#211783195000
1!
1%
b1 (
#211824860000
0!
0%
#211866525000
1!
1%
b10 (
#211908190000
0!
b00001010 #
0%
b00001010 '
1*
#211949855000
1!
1%
b11 (
#211991520000
0!
0%
#212033185000
1!
1%
b100 (
#212074850000
0!
0%
#212116515000
1!
b00001101 #
1%
b00001101 '
b0 (
1)
#212158180000
0!
0%
#212199845000
1!
1%
b1 (
#212241510000
0!
0%
#212283175000
1!
1%
b10 (
#212324840000
0!
b00000101 #
0%
b00000101 '
0*
#212366505000
1!
1%
b11 (
#212408170000
0!
0%
#212449835000
1!
1%
b100 (
#212491500000
0!
0%
#212533165000
1!
b00000010 #
1%
b00000010 '
b0 (
0)
#212574830000
0!
0%
#212616495000
1!
1%
b1 (
#212658160000
0!
0%
#212699825000
1!
1%
b10 (
#212741490000
0!
b00001010 #
0%
b00001010 '
1*
#212783155000
1!
1%
b11 (
#212824820000
0!
0%
#212866485000
1!
1%
b100 (
#212908150000
0!
0%
#212949815000
1!
b00001101 #
1%
b00001101 '
b0 (
1)
#212991480000
0!
0%
#213033145000
1!
1%
b1 (
#213074810000
0!
0%
#213116475000
1!
1%
b10 (
#213158140000
0!
b00000101 #
0%
b00000101 '
0*
#213199805000
1!
1%
b11 (
#213241470000
0!
0%
#213283135000
1!
1%
b100 (
#213324800000
0!
0%
#213366465000
1!
b00000010 #
1%
b00000010 '
b0 (
0)
#213408130000
0!
0%
#213449795000
1!
1%
b1 (
#213491460000
0!
0%
#213533125000
1!
1%
b10 (
#213574790000
0!
b00001010 #
0%
b00001010 '
1*
#213616455000
1!
1%
b11 (
#213658120000
0!
0%
#213699785000
1!
1%
b100 (
#213741450000
0!
0%
#213783115000
1!
b00001101 #
1%
b00001101 '
b0 (
1)
#213824780000
0!
0%
#213866445000
1!
1%
b1 (
#213908110000
0!
0%
#213949775000
1!
1%
b10 (
#213991440000
0!
b00000101 #
0%
b00000101 '
0*
#214033105000
1!
1%
b11 (
#214074770000
0!
0%
#214116435000
1!
1%
b100 (
#214158100000
0!
0%
#214199765000
1!
b00000010 #
1%
b00000010 '
b0 (
0)
#214241430000
0!
0%
#214283095000
1!
1%
b1 (
#214324760000
0!
0%
#214366425000
1!
1%
b10 (
#214408090000
0!
b00001010 #
0%
b00001010 '
1*
#214449755000
1!
1%
b11 (
#214491420000
0!
0%
#214533085000
1!
1%
b100 (
#214574750000
0!
0%
#214616415000
1!
b00001101 #
1%
b00001101 '
b0 (
1)
#214658080000
0!
0%
#214699745000
1!
1%
b1 (
#214741410000
0!
0%
#214783075000
1!
1%
b10 (
#214824740000
0!
b00000101 #
0%
b00000101 '
0*
#214866405000
1!
1%
b11 (
#214908070000
0!
0%
#214949735000
1!
1%
b100 (
#214991400000
0!
0%
#215033065000
1!
b00000010 #
1%
b00000010 '
b0 (
0)
#215074730000
0!
0%
#215116395000
1!
1%
b1 (
#215158060000
0!
0%
#215199725000
1!
1%
b10 (
#215241390000
0!
b00001010 #
0%
b00001010 '
1*
#215283055000
1!
1%
b11 (
#215324720000
0!
0%
#215366385000
1!
1%
b100 (
#215408050000
0!
0%
#215449715000
1!
b00001101 #
1%
b00001101 '
b0 (
1)
#215491380000
0!
0%
#215533045000
1!
1%
b1 (
#215574710000
0!
0%
#215616375000
1!
1%
b10 (
#215658040000
0!
b00000101 #
0%
b00000101 '
0*
#215699705000
1!
1%
b11 (
#215741370000
0!
0%
#215783035000
1!
1%
b100 (
#215824700000
0!
0%
#215866365000
1!
b00000010 #
1%
b00000010 '
b0 (
0)
#215908030000
0!
0%
#215949695000
1!
1%
b1 (
#215991360000
0!
0%
#216033025000
1!
1%
b10 (
#216074690000
0!
b00001010 #
0%
b00001010 '
1*
#216116355000
1!
1%
b11 (
#216158020000
0!
0%
#216199685000
1!
1%
b100 (
#216241350000
0!
0%
#216283015000
1!
b00001101 #
1%
b00001101 '
b0 (
1)
#216324680000
0!
0%
#216366345000
1!
1%
b1 (
#216408010000
0!
0%
#216449675000
1!
1%
b10 (
#216491340000
0!
b00000101 #
0%
b00000101 '
0*
#216533005000
1!
1%
b11 (
#216574670000
0!
0%
#216616335000
1!
1%
b100 (
#216658000000
0!
0%
#216699665000
1!
b00000010 #
1%
b00000010 '
b0 (
0)
#216741330000
0!
0%
#216782995000
1!
1%
b1 (
#216824660000
0!
0%
#216866325000
1!
1%
b10 (
#216907990000
0!
b00001010 #
0%
b00001010 '
1*
#216949655000
1!
1%
b11 (
#216991320000
0!
0%
#217032985000
1!
1%
b100 (
#217074650000
0!
0%
#217116315000
1!
b00001101 #
1%
b00001101 '
b0 (
1)
#217157980000
0!
0%
#217199645000
1!
1%
b1 (
#217241310000
0!
0%
#217282975000
1!
1%
b10 (
#217324640000
0!
b00000101 #
0%
b00000101 '
0*
#217366305000
1!
1%
b11 (
#217407970000
0!
0%
#217449635000
1!
1%
b100 (
#217491300000
0!
0%
#217532965000
1!
b00000010 #
1%
b00000010 '
b0 (
0)
#217574630000
0!
0%
#217616295000
1!
1%
b1 (
#217657960000
0!
0%
#217699625000
1!
1%
b10 (
#217741290000
0!
b00001010 #
0%
b00001010 '
1*
#217782955000
1!
1%
b11 (
#217824620000
0!
0%
#217866285000
1!
1%
b100 (
#217907950000
0!
0%
#217949615000
1!
b00001101 #
1%
b00001101 '
b0 (
1)
#217991280000
0!
0%
#218032945000
1!
1%
b1 (
#218074610000
0!
0%
#218116275000
1!
1%
b10 (
#218157940000
0!
b00000101 #
0%
b00000101 '
0*
#218199605000
1!
1%
b11 (
#218241270000
0!
0%
#218282935000
1!
1%
b100 (
#218324600000
0!
0%
#218366265000
1!
b00000010 #
1%
b00000010 '
b0 (
0)
#218407930000
0!
0%
#218449595000
1!
1%
b1 (
#218491260000
0!
0%
#218532925000
1!
1%
b10 (
#218574590000
0!
b00001010 #
0%
b00001010 '
1*
#218616255000
1!
1%
b11 (
#218657920000
0!
0%
#218699585000
1!
1%
b100 (
#218741250000
0!
0%
#218782915000
1!
b00001101 #
1%
b00001101 '
b0 (
1)
#218824580000
0!
0%
#218866245000
1!
1%
b1 (
#218907910000
0!
0%
#218949575000
1!
1%
b10 (
#218991240000
0!
b00000101 #
0%
b00000101 '
0*
#219032905000
1!
1%
b11 (
#219074570000
0!
0%
#219116235000
1!
1%
b100 (
#219157900000
0!
0%
#219199565000
1!
b00000010 #
1%
b00000010 '
b0 (
0)
#219241230000
0!
0%
#219282895000
1!
1%
b1 (
#219324560000
0!
0%
#219366225000
1!
1%
b10 (
#219407890000
0!
b00001010 #
0%
b00001010 '
1*
#219449555000
1!
1%
b11 (
#219491220000
0!
0%
#219532885000
1!
1%
b100 (
#219574550000
0!
0%
#219616215000
1!
b00001101 #
1%
b00001101 '
b0 (
1)
#219657880000
0!
0%
#219699545000
1!
1%
b1 (
#219741210000
0!
0%
#219782875000
1!
1%
b10 (
#219824540000
0!
b00000101 #
0%
b00000101 '
0*
#219866205000
1!
1%
b11 (
#219907870000
0!
0%
#219949535000
1!
1%
b100 (
#219991200000
0!
0%
#220032865000
1!
b00000010 #
1%
b00000010 '
b0 (
0)
#220074530000
0!
0%
#220116195000
1!
1%
b1 (
#220157860000
0!
0%
#220199525000
1!
1%
b10 (
#220241190000
0!
b00001010 #
0%
b00001010 '
1*
#220282855000
1!
1%
b11 (
#220324520000
0!
0%
#220366185000
1!
1%
b100 (
#220407850000
0!
0%
#220449515000
1!
b00001101 #
1%
b00001101 '
b0 (
1)
#220491180000
0!
0%
#220532845000
1!
1%
b1 (
#220574510000
0!
0%
#220616175000
1!
1%
b10 (
#220657840000
0!
b00000101 #
0%
b00000101 '
0*
#220699505000
1!
1%
b11 (
#220741170000
0!
0%
#220782835000
1!
1%
b100 (
#220824500000
0!
0%
#220866165000
1!
b00000010 #
1%
b00000010 '
b0 (
0)
#220907830000
0!
0%
#220949495000
1!
1%
b1 (
#220991160000
0!
0%
#221032825000
1!
1%
b10 (
#221074490000
0!
b00001010 #
0%
b00001010 '
1*
#221116155000
1!
1%
b11 (
#221157820000
0!
0%
#221199485000
1!
1%
b100 (
#221241150000
0!
0%
#221282815000
1!
b00001101 #
1%
b00001101 '
b0 (
1)
#221324480000
0!
0%
#221366145000
1!
1%
b1 (
#221407810000
0!
0%
#221449475000
1!
1%
b10 (
#221491140000
0!
b00000101 #
0%
b00000101 '
0*
#221532805000
1!
1%
b11 (
#221574470000
0!
0%
#221616135000
1!
1%
b100 (
#221657800000
0!
0%
#221699465000
1!
b00000010 #
1%
b00000010 '
b0 (
0)
#221741130000
0!
0%
#221782795000
1!
1%
b1 (
#221824460000
0!
0%
#221866125000
1!
1%
b10 (
#221907790000
0!
b00001010 #
0%
b00001010 '
1*
#221949455000
1!
1%
b11 (
#221991120000
0!
0%
#222032785000
1!
1%
b100 (
#222074450000
0!
0%
#222116115000
1!
b00001101 #
1%
b00001101 '
b0 (
1)
#222157780000
0!
0%
#222199445000
1!
1%
b1 (
#222241110000
0!
0%
#222282775000
1!
1%
b10 (
#222324440000
0!
b00000101 #
0%
b00000101 '
0*
#222366105000
1!
1%
b11 (
#222407770000
0!
0%
#222449435000
1!
1%
b100 (
#222491100000
0!
0%
#222532765000
1!
b00000010 #
1%
b00000010 '
b0 (
0)
#222574430000
0!
0%
#222616095000
1!
1%
b1 (
#222657760000
0!
0%
#222699425000
1!
1%
b10 (
#222741090000
0!
b00001010 #
0%
b00001010 '
1*
#222782755000
1!
1%
b11 (
#222824420000
0!
0%
#222866085000
1!
1%
b100 (
#222907750000
0!
0%
#222949415000
1!
b00001101 #
1%
b00001101 '
b0 (
1)
#222991080000
0!
0%
#223032745000
1!
1%
b1 (
#223074410000
0!
0%
#223116075000
1!
1%
b10 (
#223157740000
0!
b00000101 #
0%
b00000101 '
0*
#223199405000
1!
1%
b11 (
#223241070000
0!
0%
#223282735000
1!
1%
b100 (
#223324400000
0!
0%
#223366065000
1!
b00000010 #
1%
b00000010 '
b0 (
0)
#223407730000
0!
0%
#223449395000
1!
1%
b1 (
#223491060000
0!
0%
#223532725000
1!
1%
b10 (
#223574390000
0!
b00001010 #
0%
b00001010 '
1*
#223616055000
1!
1%
b11 (
#223657720000
0!
0%
#223699385000
1!
1%
b100 (
#223741050000
0!
0%
#223782715000
1!
b00001101 #
1%
b00001101 '
b0 (
1)
#223824380000
0!
0%
#223866045000
1!
1%
b1 (
#223907710000
0!
0%
#223949375000
1!
1%
b10 (
#223991040000
0!
b00000101 #
0%
b00000101 '
0*
#224032705000
1!
1%
b11 (
#224074370000
0!
0%
#224116035000
1!
1%
b100 (
#224157700000
0!
0%
#224199365000
1!
b00000010 #
1%
b00000010 '
b0 (
0)
#224241030000
0!
0%
#224282695000
1!
1%
b1 (
#224324360000
0!
0%
#224366025000
1!
1%
b10 (
#224407690000
0!
b00001010 #
0%
b00001010 '
1*
#224449355000
1!
1%
b11 (
#224491020000
0!
0%
#224532685000
1!
1%
b100 (
#224574350000
0!
0%
#224616015000
1!
b00001101 #
1%
b00001101 '
b0 (
1)
#224657680000
0!
0%
#224699345000
1!
1%
b1 (
#224741010000
0!
0%
#224782675000
1!
1%
b10 (
#224824340000
0!
b00000101 #
0%
b00000101 '
0*
#224866005000
1!
1%
b11 (
#224907670000
0!
0%
#224949335000
1!
1%
b100 (
#224991000000
0!
0%
#225032665000
1!
b00000010 #
1%
b00000010 '
b0 (
0)
#225074330000
0!
0%
#225115995000
1!
1%
b1 (
#225157660000
0!
0%
#225199325000
1!
1%
b10 (
#225240990000
0!
b00001010 #
0%
b00001010 '
1*
#225282655000
1!
1%
b11 (
#225324320000
0!
0%
#225365985000
1!
1%
b100 (
#225407650000
0!
0%
#225449315000
1!
b00001101 #
1%
b00001101 '
b0 (
1)
#225490980000
0!
0%
#225532645000
1!
1%
b1 (
#225574310000
0!
0%
#225615975000
1!
1%
b10 (
#225657640000
0!
b00000101 #
0%
b00000101 '
0*
#225699305000
1!
1%
b11 (
#225740970000
0!
0%
#225782635000
1!
1%
b100 (
#225824300000
0!
0%
#225865965000
1!
b00000010 #
1%
b00000010 '
b0 (
0)
#225907630000
0!
0%
#225949295000
1!
1%
b1 (
#225990960000
0!
0%
#226032625000
1!
1%
b10 (
#226074290000
0!
b00001010 #
0%
b00001010 '
1*
#226115955000
1!
1%
b11 (
#226157620000
0!
0%
#226199285000
1!
1%
b100 (
#226240950000
0!
0%
#226282615000
1!
b00001101 #
1%
b00001101 '
b0 (
1)
#226324280000
0!
0%
#226365945000
1!
1%
b1 (
#226407610000
0!
0%
#226449275000
1!
1%
b10 (
#226490940000
0!
b00000101 #
0%
b00000101 '
0*
#226532605000
1!
1%
b11 (
#226574270000
0!
0%
#226615935000
1!
1%
b100 (
#226657600000
0!
0%
#226699265000
1!
b00000010 #
1%
b00000010 '
b0 (
0)
#226740930000
0!
0%
#226782595000
1!
1%
b1 (
#226824260000
0!
0%
#226865925000
1!
1%
b10 (
#226907590000
0!
b00001010 #
0%
b00001010 '
1*
#226949255000
1!
1%
b11 (
#226990920000
0!
0%
#227032585000
1!
1%
b100 (
#227074250000
0!
0%
#227115915000
1!
b00001101 #
1%
b00001101 '
b0 (
1)
#227157580000
0!
0%
#227199245000
1!
1%
b1 (
#227240910000
0!
0%
#227282575000
1!
1%
b10 (
#227324240000
0!
b00000101 #
0%
b00000101 '
0*
#227365905000
1!
1%
b11 (
#227407570000
0!
0%
#227449235000
1!
1%
b100 (
#227490900000
0!
0%
#227532565000
1!
b00000010 #
1%
b00000010 '
b0 (
0)
#227574230000
0!
0%
#227615895000
1!
1%
b1 (
#227657560000
0!
0%
#227699225000
1!
1%
b10 (
#227740890000
0!
b00001010 #
0%
b00001010 '
1*
#227782555000
1!
1%
b11 (
#227824220000
0!
0%
#227865885000
1!
1%
b100 (
#227907550000
0!
0%
#227949215000
1!
b00001101 #
1%
b00001101 '
b0 (
1)
#227990880000
0!
0%
#228032545000
1!
1%
b1 (
#228074210000
0!
0%
#228115875000
1!
1%
b10 (
#228157540000
0!
b00000101 #
0%
b00000101 '
0*
#228199205000
1!
1%
b11 (
#228240870000
0!
0%
#228282535000
1!
1%
b100 (
#228324200000
0!
0%
#228365865000
1!
b00000010 #
1%
b00000010 '
b0 (
0)
#228407530000
0!
0%
#228449195000
1!
1%
b1 (
#228490860000
0!
0%
#228532525000
1!
1%
b10 (
#228574190000
0!
b00001010 #
0%
b00001010 '
1*
#228615855000
1!
1%
b11 (
#228657520000
0!
0%
#228699185000
1!
1%
b100 (
#228740850000
0!
0%
#228782515000
1!
b00001101 #
1%
b00001101 '
b0 (
1)
#228824180000
0!
0%
#228865845000
1!
1%
b1 (
#228907510000
0!
0%
#228949175000
1!
1%
b10 (
#228990840000
0!
b00000101 #
0%
b00000101 '
0*
#229032505000
1!
1%
b11 (
#229074170000
0!
0%
#229115835000
1!
1%
b100 (
#229157500000
0!
0%
#229199165000
1!
b00000010 #
1%
b00000010 '
b0 (
0)
#229240830000
0!
0%
#229282495000
1!
1%
b1 (
#229324160000
0!
0%
#229365825000
1!
1%
b10 (
#229407490000
0!
b00001010 #
0%
b00001010 '
1*
#229449155000
1!
1%
b11 (
#229490820000
0!
0%
#229532485000
1!
1%
b100 (
#229574150000
0!
0%
#229615815000
1!
b00001101 #
1%
b00001101 '
b0 (
1)
#229657480000
0!
0%
#229699145000
1!
1%
b1 (
#229740810000
0!
0%
#229782475000
1!
1%
b10 (
#229824140000
0!
b00000101 #
0%
b00000101 '
0*
#229865805000
1!
1%
b11 (
#229907470000
0!
0%
#229949135000
1!
1%
b100 (
#229990800000
0!
0%
#230032465000
1!
b00000010 #
1%
b00000010 '
b0 (
0)
#230074130000
0!
0%
#230115795000
1!
1%
b1 (
#230157460000
0!
0%
#230199125000
1!
1%
b10 (
#230240790000
0!
b00001010 #
0%
b00001010 '
1*
#230282455000
1!
1%
b11 (
#230324120000
0!
0%
#230365785000
1!
1%
b100 (
#230407450000
0!
0%
#230449115000
1!
b00001101 #
1%
b00001101 '
b0 (
1)
#230490780000
0!
0%
#230532445000
1!
1%
b1 (
#230574110000
0!
0%
#230615775000
1!
1%
b10 (
#230657440000
0!
b00000101 #
0%
b00000101 '
0*
#230699105000
1!
1%
b11 (
#230740770000
0!
0%
#230782435000
1!
1%
b100 (
#230824100000
0!
0%
#230865765000
1!
b00000010 #
1%
b00000010 '
b0 (
0)
#230907430000
0!
0%
#230949095000
1!
1%
b1 (
#230990760000
0!
0%
#231032425000
1!
1%
b10 (
#231074090000
0!
b00001010 #
0%
b00001010 '
1*
#231115755000
1!
1%
b11 (
#231157420000
0!
0%
#231199085000
1!
1%
b100 (
#231240750000
0!
0%
#231282415000
1!
b00001101 #
1%
b00001101 '
b0 (
1)
#231324080000
0!
0%
#231365745000
1!
1%
b1 (
#231407410000
0!
0%
#231449075000
1!
1%
b10 (
#231490740000
0!
b00000101 #
0%
b00000101 '
0*
#231532405000
1!
1%
b11 (
#231574070000
0!
0%
#231615735000
1!
1%
b100 (
#231657400000
0!
0%
#231699065000
1!
b00000010 #
1%
b00000010 '
b0 (
0)
#231740730000
0!
0%
#231782395000
1!
1%
b1 (
#231824060000
0!
0%
#231865725000
1!
1%
b10 (
#231907390000
0!
b00001010 #
0%
b00001010 '
1*
#231949055000
1!
1%
b11 (
#231990720000
0!
0%
#232032385000
1!
1%
b100 (
#232074050000
0!
0%
#232115715000
1!
b00001101 #
1%
b00001101 '
b0 (
1)
#232157380000
0!
0%
#232199045000
1!
1%
b1 (
#232240710000
0!
0%
#232282375000
1!
1%
b10 (
#232324040000
0!
b00000101 #
0%
b00000101 '
0*
#232365705000
1!
1%
b11 (
#232407370000
0!
0%
#232449035000
1!
1%
b100 (
#232490700000
0!
0%
#232532365000
1!
b00000010 #
1%
b00000010 '
b0 (
0)
#232574030000
0!
0%
#232615695000
1!
1%
b1 (
#232657360000
0!
0%
#232699025000
1!
1%
b10 (
#232740690000
0!
b00001010 #
0%
b00001010 '
1*
#232782355000
1!
1%
b11 (
#232824020000
0!
0%
#232865685000
1!
1%
b100 (
#232907350000
0!
0%
#232949015000
1!
b00001101 #
1%
b00001101 '
b0 (
1)
#232990680000
0!
0%
#233032345000
1!
1%
b1 (
#233074010000
0!
0%
#233115675000
1!
1%
b10 (
#233157340000
0!
b00000101 #
0%
b00000101 '
0*
#233199005000
1!
1%
b11 (
#233240670000
0!
0%
#233282335000
1!
1%
b100 (
#233324000000
0!
0%
#233365665000
1!
b00000010 #
1%
b00000010 '
b0 (
0)
#233407330000
0!
0%
#233448995000
1!
1%
b1 (
#233490660000
0!
0%
#233532325000
1!
1%
b10 (
#233573990000
0!
b00001010 #
0%
b00001010 '
1*
#233615655000
1!
1%
b11 (
#233657320000
0!
0%
#233698985000
1!
1%
b100 (
#233740650000
0!
0%
#233782315000
1!
b00001101 #
1%
b00001101 '
b0 (
1)
#233823980000
0!
0%
#233865645000
1!
1%
b1 (
#233907310000
0!
0%
#233948975000
1!
1%
b10 (
#233990640000
0!
b00000101 #
0%
b00000101 '
0*
#234032305000
1!
1%
b11 (
#234073970000
0!
0%
#234115635000
1!
1%
b100 (
#234157300000
0!
0%
#234198965000
1!
b00000010 #
1%
b00000010 '
b0 (
0)
#234240630000
0!
0%
#234282295000
1!
1%
b1 (
#234323960000
0!
0%
#234365625000
1!
1%
b10 (
#234407290000
0!
b00001010 #
0%
b00001010 '
1*
#234448955000
1!
1%
b11 (
#234490620000
0!
0%
#234532285000
1!
1%
b100 (
#234573950000
0!
0%
#234615615000
1!
b00001101 #
1%
b00001101 '
b0 (
1)
#234657280000
0!
0%
#234698945000
1!
1%
b1 (
#234740610000
0!
0%
#234782275000
1!
1%
b10 (
#234823940000
0!
b00000101 #
0%
b00000101 '
0*
#234865605000
1!
1%
b11 (
#234907270000
0!
0%
#234948935000
1!
1%
b100 (
#234990600000
0!
0%
#235032265000
1!
b00000010 #
1%
b00000010 '
b0 (
0)
#235073930000
0!
0%
#235115595000
1!
1%
b1 (
#235157260000
0!
0%
#235198925000
1!
1%
b10 (
#235240590000
0!
b00001010 #
0%
b00001010 '
1*
#235282255000
1!
1%
b11 (
#235323920000
0!
0%
#235365585000
1!
1%
b100 (
#235407250000
0!
0%
#235448915000
1!
b00001101 #
1%
b00001101 '
b0 (
1)
#235490580000
0!
0%
#235532245000
1!
1%
b1 (
#235573910000
0!
0%
#235615575000
1!
1%
b10 (
#235657240000
0!
b00000101 #
0%
b00000101 '
0*
#235698905000
1!
1%
b11 (
#235740570000
0!
0%
#235782235000
1!
1%
b100 (
#235823900000
0!
0%
#235865565000
1!
b00000010 #
1%
b00000010 '
b0 (
0)
#235907230000
0!
0%
#235948895000
1!
1%
b1 (
#235990560000
0!
0%
#236032225000
1!
1%
b10 (
#236073890000
0!
b00001010 #
0%
b00001010 '
1*
#236115555000
1!
1%
b11 (
#236157220000
0!
0%
#236198885000
1!
1%
b100 (
#236240550000
0!
0%
#236282215000
1!
b00001101 #
1%
b00001101 '
b0 (
1)
#236323880000
0!
0%
#236365545000
1!
1%
b1 (
#236407210000
0!
0%
#236448875000
1!
1%
b10 (
#236490540000
0!
b00000101 #
0%
b00000101 '
0*
#236532205000
1!
1%
b11 (
#236573870000
0!
0%
#236615535000
1!
1%
b100 (
#236657200000
0!
0%
#236698865000
1!
b00000010 #
1%
b00000010 '
b0 (
0)
#236740530000
0!
0%
#236782195000
1!
1%
b1 (
#236823860000
0!
0%
#236865525000
1!
1%
b10 (
#236907190000
0!
b00001010 #
0%
b00001010 '
1*
#236948855000
1!
1%
b11 (
#236990520000
0!
0%
#237032185000
1!
1%
b100 (
#237073850000
0!
0%
#237115515000
1!
b00001101 #
1%
b00001101 '
b0 (
1)
#237157180000
0!
0%
#237198845000
1!
1%
b1 (
#237240510000
0!
0%
#237282175000
1!
1%
b10 (
#237323840000
0!
b00000101 #
0%
b00000101 '
0*
#237365505000
1!
1%
b11 (
#237407170000
0!
0%
#237448835000
1!
1%
b100 (
#237490500000
0!
0%
#237532165000
1!
b00000010 #
1%
b00000010 '
b0 (
0)
#237573830000
0!
0%
#237615495000
1!
1%
b1 (
#237657160000
0!
0%
#237698825000
1!
1%
b10 (
#237740490000
0!
b00001010 #
0%
b00001010 '
1*
#237782155000
1!
1%
b11 (
#237823820000
0!
0%
#237865485000
1!
1%
b100 (
#237907150000
0!
0%
#237948815000
1!
b00001101 #
1%
b00001101 '
b0 (
1)
#237990480000
0!
0%
#238032145000
1!
1%
b1 (
#238073810000
0!
0%
#238115475000
1!
1%
b10 (
#238157140000
0!
b00000101 #
0%
b00000101 '
0*
#238198805000
1!
1%
b11 (
#238240470000
0!
0%
#238282135000
1!
1%
b100 (
#238323800000
0!
0%
#238365465000
1!
b00000010 #
1%
b00000010 '
b0 (
0)
#238407130000
0!
0%
#238448795000
1!
1%
b1 (
#238490460000
0!
0%
#238532125000
1!
1%
b10 (
#238573790000
0!
b00001010 #
0%
b00001010 '
1*
#238615455000
1!
1%
b11 (
#238657120000
0!
0%
#238698785000
1!
1%
b100 (
#238740450000
0!
0%
#238782115000
1!
b00001101 #
1%
b00001101 '
b0 (
1)
#238823780000
0!
0%
#238865445000
1!
1%
b1 (
#238907110000
0!
0%
#238948775000
1!
1%
b10 (
#238990440000
0!
b00000101 #
0%
b00000101 '
0*
#239032105000
1!
1%
b11 (
#239073770000
0!
0%
#239115435000
1!
1%
b100 (
#239157100000
0!
0%
#239198765000
1!
b00000010 #
1%
b00000010 '
b0 (
0)
#239240430000
0!
0%
#239282095000
1!
1%
b1 (
#239323760000
0!
0%
#239365425000
1!
1%
b10 (
#239407090000
0!
b00001010 #
0%
b00001010 '
1*
#239448755000
1!
1%
b11 (
#239490420000
0!
0%
#239532085000
1!
1%
b100 (
#239573750000
0!
0%
#239615415000
1!
b00001101 #
1%
b00001101 '
b0 (
1)
#239657080000
0!
0%
#239698745000
1!
1%
b1 (
#239740410000
0!
0%
#239782075000
1!
1%
b10 (
#239823740000
0!
b00000101 #
0%
b00000101 '
0*
#239865405000
1!
1%
b11 (
#239907070000
0!
0%
#239948735000
1!
1%
b100 (
#239990400000
0!
0%
#240032065000
1!
b00000010 #
1%
b00000010 '
b0 (
0)
#240073730000
0!
0%
#240115395000
1!
1%
b1 (
#240157060000
0!
0%
#240198725000
1!
1%
b10 (
#240240390000
0!
b00001010 #
0%
b00001010 '
1*
#240282055000
1!
1%
b11 (
#240323720000
0!
0%
#240365385000
1!
1%
b100 (
#240407050000
0!
0%
#240448715000
1!
b00001101 #
1%
b00001101 '
b0 (
1)
#240490380000
0!
0%
#240532045000
1!
1%
b1 (
#240573710000
0!
0%
#240615375000
1!
1%
b10 (
#240657040000
0!
b00000101 #
0%
b00000101 '
0*
#240698705000
1!
1%
b11 (
#240740370000
0!
0%
#240782035000
1!
1%
b100 (
#240823700000
0!
0%
#240865365000
1!
b00000010 #
1%
b00000010 '
b0 (
0)
#240907030000
0!
0%
#240948695000
1!
1%
b1 (
#240990360000
0!
0%
#241032025000
1!
1%
b10 (
#241073690000
0!
b00001010 #
0%
b00001010 '
1*
#241115355000
1!
1%
b11 (
#241157020000
0!
0%
#241198685000
1!
1%
b100 (
#241240350000
0!
0%
#241282015000
1!
b00001101 #
1%
b00001101 '
b0 (
1)
#241323680000
0!
0%
#241365345000
1!
1%
b1 (
#241407010000
0!
0%
#241448675000
1!
1%
b10 (
#241490340000
0!
b00000101 #
0%
b00000101 '
0*
#241532005000
1!
1%
b11 (
#241573670000
0!
0%
#241615335000
1!
1%
b100 (
#241657000000
0!
0%
#241698665000
1!
b00000010 #
1%
b00000010 '
b0 (
0)
#241740330000
0!
0%
#241781995000
1!
1%
b1 (
#241823660000
0!
0%
#241865325000
1!
1%
b10 (
#241906990000
0!
b00001010 #
0%
b00001010 '
1*
#241948655000
1!
1%
b11 (
#241990320000
0!
0%
#242031985000
1!
1%
b100 (
#242073650000
0!
0%
#242115315000
1!
b00001101 #
1%
b00001101 '
b0 (
1)
#242156980000
0!
0%
#242198645000
1!
1%
b1 (
#242240310000
0!
0%
#242281975000
1!
1%
b10 (
#242323640000
0!
b00000101 #
0%
b00000101 '
0*
#242365305000
1!
1%
b11 (
#242406970000
0!
0%
#242448635000
1!
1%
b100 (
#242490300000
0!
0%
#242531965000
1!
b00000010 #
1%
b00000010 '
b0 (
0)
#242573630000
0!
0%
#242615295000
1!
1%
b1 (
#242656960000
0!
0%
#242698625000
1!
1%
b10 (
#242740290000
0!
b00001010 #
0%
b00001010 '
1*
#242781955000
1!
1%
b11 (
#242823620000
0!
0%
#242865285000
1!
1%
b100 (
#242906950000
0!
0%
#242948615000
1!
b00001101 #
1%
b00001101 '
b0 (
1)
#242990280000
0!
0%
#243031945000
1!
1%
b1 (
#243073610000
0!
0%
#243115275000
1!
1%
b10 (
#243156940000
0!
b00000101 #
0%
b00000101 '
0*
#243198605000
1!
1%
b11 (
#243240270000
0!
0%
#243281935000
1!
1%
b100 (
#243323600000
0!
0%
#243365265000
1!
b00000010 #
1%
b00000010 '
b0 (
0)
#243406930000
0!
0%
#243448595000
1!
1%
b1 (
#243490260000
0!
0%
#243531925000
1!
1%
b10 (
#243573590000
0!
b00001010 #
0%
b00001010 '
1*
#243615255000
1!
1%
b11 (
#243656920000
0!
0%
#243698585000
1!
1%
b100 (
#243740250000
0!
0%
#243781915000
1!
b00001101 #
1%
b00001101 '
b0 (
1)
#243823580000
0!
0%
#243865245000
1!
1%
b1 (
#243906910000
0!
0%
#243948575000
1!
1%
b10 (
#243990240000
0!
b00000101 #
0%
b00000101 '
0*
#244031905000
1!
1%
b11 (
#244073570000
0!
0%
#244115235000
1!
1%
b100 (
#244156900000
0!
0%
#244198565000
1!
b00000010 #
1%
b00000010 '
b0 (
0)
#244240230000
0!
0%
#244281895000
1!
1%
b1 (
#244323560000
0!
0%
#244365225000
1!
1%
b10 (
#244406890000
0!
b00001010 #
0%
b00001010 '
1*
#244448555000
1!
1%
b11 (
#244490220000
0!
0%
#244531885000
1!
1%
b100 (
#244573550000
0!
0%
#244615215000
1!
b00001101 #
1%
b00001101 '
b0 (
1)
#244656880000
0!
0%
#244698545000
1!
1%
b1 (
#244740210000
0!
0%
#244781875000
1!
1%
b10 (
#244823540000
0!
b00000101 #
0%
b00000101 '
0*
#244865205000
1!
1%
b11 (
#244906870000
0!
0%
#244948535000
1!
1%
b100 (
#244990200000
0!
0%
#245031865000
1!
b00000010 #
1%
b00000010 '
b0 (
0)
#245073530000
0!
0%
#245115195000
1!
1%
b1 (
#245156860000
0!
0%
#245198525000
1!
1%
b10 (
#245240190000
0!
b00001010 #
0%
b00001010 '
1*
#245281855000
1!
1%
b11 (
#245323520000
0!
0%
#245365185000
1!
1%
b100 (
#245406850000
0!
0%
#245448515000
1!
b00001101 #
1%
b00001101 '
b0 (
1)
#245490180000
0!
0%
#245531845000
1!
1%
b1 (
#245573510000
0!
0%
#245615175000
1!
1%
b10 (
#245656840000
0!
b00000101 #
0%
b00000101 '
0*
#245698505000
1!
1%
b11 (
#245740170000
0!
0%
#245781835000
1!
1%
b100 (
#245823500000
0!
0%
#245865165000
1!
b00000010 #
1%
b00000010 '
b0 (
0)
#245906830000
0!
0%
#245948495000
1!
1%
b1 (
#245990160000
0!
0%
#246031825000
1!
1%
b10 (
#246073490000
0!
b00001010 #
0%
b00001010 '
1*
#246115155000
1!
1%
b11 (
#246156820000
0!
0%
#246198485000
1!
1%
b100 (
#246240150000
0!
0%
#246281815000
1!
b00001101 #
1%
b00001101 '
b0 (
1)
#246323480000
0!
0%
#246365145000
1!
1%
b1 (
#246406810000
0!
0%
#246448475000
1!
1%
b10 (
#246490140000
0!
b00000101 #
0%
b00000101 '
0*
#246531805000
1!
1%
b11 (
#246573470000
0!
0%
#246615135000
1!
1%
b100 (
#246656800000
0!
0%
#246698465000
1!
b00000010 #
1%
b00000010 '
b0 (
0)
#246740130000
0!
0%
#246781795000
1!
1%
b1 (
#246823460000
0!
0%
#246865125000
1!
1%
b10 (
#246906790000
0!
b00001010 #
0%
b00001010 '
1*
#246948455000
1!
1%
b11 (
#246990120000
0!
0%
#247031785000
1!
1%
b100 (
#247073450000
0!
0%
#247115115000
1!
b00001101 #
1%
b00001101 '
b0 (
1)
#247156780000
0!
0%
#247198445000
1!
1%
b1 (
#247240110000
0!
0%
#247281775000
1!
1%
b10 (
#247323440000
0!
b00000101 #
0%
b00000101 '
0*
#247365105000
1!
1%
b11 (
#247406770000
0!
0%
#247448435000
1!
1%
b100 (
#247490100000
0!
0%
#247531765000
1!
b00000010 #
1%
b00000010 '
b0 (
0)
#247573430000
0!
0%
#247615095000
1!
1%
b1 (
#247656760000
0!
0%
#247698425000
1!
1%
b10 (
#247740090000
0!
b00001010 #
0%
b00001010 '
1*
#247781755000
1!
1%
b11 (
#247823420000
0!
0%
#247865085000
1!
1%
b100 (
#247906750000
0!
0%
#247948415000
1!
b00001101 #
1%
b00001101 '
b0 (
1)
#247990080000
0!
0%
#248031745000
1!
1%
b1 (
#248073410000
0!
0%
#248115075000
1!
1%
b10 (
#248156740000
0!
b00000101 #
0%
b00000101 '
0*
#248198405000
1!
1%
b11 (
#248240070000
0!
0%
#248281735000
1!
1%
b100 (
#248323400000
0!
0%
#248365065000
1!
b00000010 #
1%
b00000010 '
b0 (
0)
#248406730000
0!
0%
#248448395000
1!
1%
b1 (
#248490060000
0!
0%
#248531725000
1!
1%
b10 (
#248573390000
0!
b00001010 #
0%
b00001010 '
1*
#248615055000
1!
1%
b11 (
#248656720000
0!
0%
#248698385000
1!
1%
b100 (
#248740050000
0!
0%
#248781715000
1!
b00001101 #
1%
b00001101 '
b0 (
1)
#248823380000
0!
0%
#248865045000
1!
1%
b1 (
#248906710000
0!
0%
#248948375000
1!
1%
b10 (
#248990040000
0!
b00000101 #
0%
b00000101 '
0*
#249031705000
1!
1%
b11 (
#249073370000
0!
0%
#249115035000
1!
1%
b100 (
#249156700000
0!
0%
#249198365000
1!
b00000010 #
1%
b00000010 '
b0 (
0)
#249240030000
0!
0%
#249281695000
1!
1%
b1 (
#249323360000
0!
0%
#249365025000
1!
1%
b10 (
#249406690000
0!
b00001010 #
0%
b00001010 '
1*
#249448355000
1!
1%
b11 (
#249490020000
0!
0%
#249531685000
1!
1%
b100 (
#249573350000
0!
0%
#249615015000
1!
b00001101 #
1%
b00001101 '
b0 (
1)
#249656680000
0!
0%
#249698345000
1!
1%
b1 (
#249740010000
0!
0%
#249781675000
1!
1%
b10 (
#249823340000
0!
b00000101 #
0%
b00000101 '
0*
#249865005000
1!
1%
b11 (
#249906670000
0!
0%
#249948335000
1!
1%
b100 (
#249990000000
0!
0%
#250031665000
1!
b00000010 #
1%
b00000010 '
b0 (
0)
#250073330000
0!
0%
#250114995000
1!
1%
b1 (
#250156660000
0!
0%
#250198325000
1!
1%
b10 (
#250239990000
0!
b00001010 #
0%
b00001010 '
1*
#250281655000
1!
1%
b11 (
#250323320000
0!
0%
#250364985000
1!
1%
b100 (
#250406650000
0!
0%
#250448315000
1!
b00001101 #
1%
b00001101 '
b0 (
1)
#250489980000
0!
0%
#250531645000
1!
1%
b1 (
#250573310000
0!
0%
#250614975000
1!
1%
b10 (
#250656640000
0!
b00000101 #
0%
b00000101 '
0*
#250698305000
1!
1%
b11 (
#250739970000
0!
0%
#250781635000
1!
1%
b100 (
#250823300000
0!
0%
#250864965000
1!
b00000010 #
1%
b00000010 '
b0 (
0)
#250906630000
0!
0%
#250948295000
1!
1%
b1 (
#250989960000
0!
0%
#251031625000
1!
1%
b10 (
#251073290000
0!
b00001010 #
0%
b00001010 '
1*
#251114955000
1!
1%
b11 (
#251156620000
0!
0%
#251198285000
1!
1%
b100 (
#251239950000
0!
0%
#251281615000
1!
b00001101 #
1%
b00001101 '
b0 (
1)
#251323280000
0!
0%
#251364945000
1!
1%
b1 (
#251406610000
0!
0%
#251448275000
1!
1%
b10 (
#251489940000
0!
b00000101 #
0%
b00000101 '
0*
#251531605000
1!
1%
b11 (
#251573270000
0!
0%
#251614935000
1!
1%
b100 (
#251656600000
0!
0%
#251698265000
1!
b00000010 #
1%
b00000010 '
b0 (
0)
#251739930000
0!
0%
#251781595000
1!
1%
b1 (
#251823260000
0!
0%
#251864925000
1!
1%
b10 (
#251906590000
0!
b00001010 #
0%
b00001010 '
1*
#251948255000
1!
1%
b11 (
#251989920000
0!
0%
#252031585000
1!
1%
b100 (
#252073250000
0!
0%
#252114915000
1!
b00001101 #
1%
b00001101 '
b0 (
1)
#252156580000
0!
0%
#252198245000
1!
1%
b1 (
#252239910000
0!
0%
#252281575000
1!
1%
b10 (
#252323240000
0!
b00000101 #
0%
b00000101 '
0*
#252364905000
1!
1%
b11 (
#252406570000
0!
0%
#252448235000
1!
1%
b100 (
#252489900000
0!
0%
#252531565000
1!
b00000010 #
1%
b00000010 '
b0 (
0)
#252573230000
0!
0%
#252614895000
1!
1%
b1 (
#252656560000
0!
0%
#252698225000
1!
1%
b10 (
#252739890000
0!
b00001010 #
0%
b00001010 '
1*
#252781555000
1!
1%
b11 (
#252823220000
0!
0%
#252864885000
1!
1%
b100 (
#252906550000
0!
0%
#252948215000
1!
b00001101 #
1%
b00001101 '
b0 (
1)
#252989880000
0!
0%
#253031545000
1!
1%
b1 (
#253073210000
0!
0%
#253114875000
1!
1%
b10 (
#253156540000
0!
b00000101 #
0%
b00000101 '
0*
#253198205000
1!
1%
b11 (
#253239870000
0!
0%
#253281535000
1!
1%
b100 (
#253323200000
0!
0%
#253364865000
1!
b00000010 #
1%
b00000010 '
b0 (
0)
#253406530000
0!
0%
#253448195000
1!
1%
b1 (
#253489860000
0!
0%
#253531525000
1!
1%
b10 (
#253573190000
0!
b00001010 #
0%
b00001010 '
1*
#253614855000
1!
1%
b11 (
#253656520000
0!
0%
#253698185000
1!
1%
b100 (
#253739850000
0!
0%
#253781515000
1!
b00001101 #
1%
b00001101 '
b0 (
1)
#253823180000
0!
0%
#253864845000
1!
1%
b1 (
#253906510000
0!
0%
#253948175000
1!
1%
b10 (
#253989840000
0!
b00000101 #
0%
b00000101 '
0*
#254031505000
1!
1%
b11 (
#254073170000
0!
0%
#254114835000
1!
1%
b100 (
#254156500000
0!
0%
#254198165000
1!
b00000010 #
1%
b00000010 '
b0 (
0)
#254239830000
0!
0%
#254281495000
1!
1%
b1 (
#254323160000
0!
0%
#254364825000
1!
1%
b10 (
#254406490000
0!
b00001010 #
0%
b00001010 '
1*
#254448155000
1!
1%
b11 (
#254489820000
0!
0%
#254531485000
1!
1%
b100 (
#254573150000
0!
0%
#254614815000
1!
b00001101 #
1%
b00001101 '
b0 (
1)
#254656480000
0!
0%
#254698145000
1!
1%
b1 (
#254739810000
0!
0%
#254781475000
1!
1%
b10 (
#254823140000
0!
b00000101 #
0%
b00000101 '
0*
#254864805000
1!
1%
b11 (
#254906470000
0!
0%
#254948135000
1!
1%
b100 (
#254989800000
0!
0%
#255031465000
1!
b00000010 #
1%
b00000010 '
b0 (
0)
#255073130000
0!
0%
#255114795000
1!
1%
b1 (
#255156460000
0!
0%
#255198125000
1!
1%
b10 (
#255239790000
0!
b00001010 #
0%
b00001010 '
1*
#255281455000
1!
1%
b11 (
#255323120000
0!
0%
#255364785000
1!
1%
b100 (
#255406450000
0!
0%
#255448115000
1!
b00001101 #
1%
b00001101 '
b0 (
1)
#255489780000
0!
0%
#255531445000
1!
1%
b1 (
#255573110000
0!
0%
#255614775000
1!
1%
b10 (
#255656440000
0!
b00000101 #
0%
b00000101 '
0*
#255698105000
1!
1%
b11 (
#255739770000
0!
0%
#255781435000
1!
1%
b100 (
#255823100000
0!
0%
#255864765000
1!
b00000010 #
1%
b00000010 '
b0 (
0)
#255906430000
0!
0%
#255948095000
1!
1%
b1 (
#255989760000
0!
0%
#256031425000
1!
1%
b10 (
#256073090000
0!
b00001010 #
0%
b00001010 '
1*
#256114755000
1!
1%
b11 (
#256156420000
0!
0%
#256198085000
1!
1%
b100 (
#256239750000
0!
0%
#256281415000
1!
b00001101 #
1%
b00001101 '
b0 (
1)
#256323080000
0!
0%
#256364745000
1!
1%
b1 (
#256406410000
0!
0%
#256448075000
1!
1%
b10 (
#256489740000
0!
b00000101 #
0%
b00000101 '
0*
#256531405000
1!
1%
b11 (
#256573070000
0!
0%
#256614735000
1!
1%
b100 (
#256656400000
0!
0%
#256698065000
1!
b00000010 #
1%
b00000010 '
b0 (
0)
#256739730000
0!
0%
#256781395000
1!
1%
b1 (
#256823060000
0!
0%
#256864725000
1!
1%
b10 (
#256906390000
0!
b00001010 #
0%
b00001010 '
1*
#256948055000
1!
1%
b11 (
#256989720000
0!
0%
#257031385000
1!
1%
b100 (
#257073050000
0!
0%
#257114715000
1!
b00001101 #
1%
b00001101 '
b0 (
1)
#257156380000
0!
0%
#257198045000
1!
1%
b1 (
#257239710000
0!
0%
#257281375000
1!
1%
b10 (
#257323040000
0!
b00000101 #
0%
b00000101 '
0*
#257364705000
1!
1%
b11 (
#257406370000
0!
0%
#257448035000
1!
1%
b100 (
#257489700000
0!
0%
#257531365000
1!
b00000010 #
1%
b00000010 '
b0 (
0)
#257573030000
0!
0%
#257614695000
1!
1%
b1 (
#257656360000
0!
0%
#257698025000
1!
1%
b10 (
#257739690000
0!
b00001010 #
0%
b00001010 '
1*
#257781355000
1!
1%
b11 (
#257823020000
0!
0%
#257864685000
1!
1%
b100 (
#257906350000
0!
0%
#257948015000
1!
b00001101 #
1%
b00001101 '
b0 (
1)
#257989680000
0!
0%
#258031345000
1!
1%
b1 (
#258073010000
0!
0%
#258114675000
1!
1%
b10 (
#258156340000
0!
b00000101 #
0%
b00000101 '
0*
#258198005000
1!
1%
b11 (
#258239670000
0!
0%
#258281335000
1!
1%
b100 (
#258323000000
0!
0%
#258364665000
1!
b00000010 #
1%
b00000010 '
b0 (
0)
#258406330000
0!
0%
#258447995000
1!
1%
b1 (
#258489660000
0!
0%
#258531325000
1!
1%
b10 (
#258572990000
0!
b00001010 #
0%
b00001010 '
1*
#258614655000
1!
1%
b11 (
#258656320000
0!
0%
#258697985000
1!
1%
b100 (
#258739650000
0!
0%
#258781315000
1!
b00001101 #
1%
b00001101 '
b0 (
1)
#258822980000
0!
0%
#258864645000
1!
1%
b1 (
#258906310000
0!
0%
#258947975000
1!
1%
b10 (
#258989640000
0!
b00000101 #
0%
b00000101 '
0*
#259031305000
1!
1%
b11 (
#259072970000
0!
0%
#259114635000
1!
1%
b100 (
#259156300000
0!
0%
#259197965000
1!
b00000010 #
1%
b00000010 '
b0 (
0)
#259239630000
0!
0%
#259281295000
1!
1%
b1 (
#259322960000
0!
0%
#259364625000
1!
1%
b10 (
#259406290000
0!
b00001010 #
0%
b00001010 '
1*
#259447955000
1!
1%
b11 (
#259489620000
0!
0%
#259531285000
1!
1%
b100 (
#259572950000
0!
0%
#259614615000
1!
b00001101 #
1%
b00001101 '
b0 (
1)
#259656280000
0!
0%
#259697945000
1!
1%
b1 (
#259739610000
0!
0%
#259781275000
1!
1%
b10 (
#259822940000
0!
b00000101 #
0%
b00000101 '
0*
#259864605000
1!
1%
b11 (
#259906270000
0!
0%
#259947935000
1!
1%
b100 (
#259989600000
0!
0%
#260031265000
1!
b00000010 #
1%
b00000010 '
b0 (
0)
#260072930000
0!
0%
#260114595000
1!
1%
b1 (
#260156260000
0!
0%
#260197925000
1!
1%
b10 (
#260239590000
0!
b00001010 #
0%
b00001010 '
1*
#260281255000
1!
1%
b11 (
#260322920000
0!
0%
#260364585000
1!
1%
b100 (
#260406250000
0!
0%
#260447915000
1!
b00001101 #
1%
b00001101 '
b0 (
1)
#260489580000
0!
0%
#260531245000
1!
1%
b1 (
#260572910000
0!
0%
#260614575000
1!
1%
b10 (
#260656240000
0!
b00000101 #
0%
b00000101 '
0*
#260697905000
1!
1%
b11 (
#260739570000
0!
0%
#260781235000
1!
1%
b100 (
#260822900000
0!
0%
#260864565000
1!
b00000010 #
1%
b00000010 '
b0 (
0)
#260906230000
0!
0%
#260947895000
1!
1%
b1 (
#260989560000
0!
0%
#261031225000
1!
1%
b10 (
#261072890000
0!
b00001010 #
0%
b00001010 '
1*
#261114555000
1!
1%
b11 (
#261156220000
0!
0%
#261197885000
1!
1%
b100 (
#261239550000
0!
0%
#261281215000
1!
b00001101 #
1%
b00001101 '
b0 (
1)
#261322880000
0!
0%
#261364545000
1!
1%
b1 (
#261406210000
0!
0%
#261447875000
1!
1%
b10 (
#261489540000
0!
b00000101 #
0%
b00000101 '
0*
#261531205000
1!
1%
b11 (
#261572870000
0!
0%
#261614535000
1!
1%
b100 (
#261656200000
0!
0%
#261697865000
1!
b00000010 #
1%
b00000010 '
b0 (
0)
#261739530000
0!
0%
#261781195000
1!
1%
b1 (
#261822860000
0!
0%
#261864525000
1!
1%
b10 (
#261906190000
0!
b00001010 #
0%
b00001010 '
1*
#261947855000
1!
1%
b11 (
#261989520000
0!
0%
#262031185000
1!
1%
b100 (
#262072850000
0!
0%
#262114515000
1!
b00001101 #
1%
b00001101 '
b0 (
1)
#262156180000
0!
0%
#262197845000
1!
1%
b1 (
#262239510000
0!
0%
#262281175000
1!
1%
b10 (
#262322840000
0!
b00000101 #
0%
b00000101 '
0*
#262364505000
1!
1%
b11 (
#262406170000
0!
0%
#262447835000
1!
1%
b100 (
#262489500000
0!
0%
#262531165000
1!
b00000010 #
1%
b00000010 '
b0 (
0)
#262572830000
0!
0%
#262614495000
1!
1%
b1 (
#262656160000
0!
0%
#262697825000
1!
1%
b10 (
#262739490000
0!
b00001010 #
0%
b00001010 '
1*
#262781155000
1!
1%
b11 (
#262822820000
0!
0%
#262864485000
1!
1%
b100 (
#262906150000
0!
0%
#262947815000
1!
b00001101 #
1%
b00001101 '
b0 (
1)
#262989480000
0!
0%
#263031145000
1!
1%
b1 (
#263072810000
0!
0%
#263114475000
1!
1%
b10 (
#263156140000
0!
b00000101 #
0%
b00000101 '
0*
#263197805000
1!
1%
b11 (
#263239470000
0!
0%
#263281135000
1!
1%
b100 (
#263322800000
0!
0%
#263364465000
1!
b00000010 #
1%
b00000010 '
b0 (
0)
#263406130000
0!
0%
#263447795000
1!
1%
b1 (
#263489460000
0!
0%
#263531125000
1!
1%
b10 (
#263572790000
0!
b00001010 #
0%
b00001010 '
1*
#263614455000
1!
1%
b11 (
#263656120000
0!
0%
#263697785000
1!
1%
b100 (
#263739450000
0!
0%
#263781115000
1!
b00001101 #
1%
b00001101 '
b0 (
1)
#263822780000
0!
0%
#263864445000
1!
1%
b1 (
#263906110000
0!
0%
#263947775000
1!
1%
b10 (
#263989440000
0!
b00000101 #
0%
b00000101 '
0*
#264031105000
1!
1%
b11 (
#264072770000
0!
0%
#264114435000
1!
1%
b100 (
#264156100000
0!
0%
#264197765000
1!
b00000010 #
1%
b00000010 '
b0 (
0)
#264239430000
0!
0%
#264281095000
1!
1%
b1 (
#264322760000
0!
0%
#264364425000
1!
1%
b10 (
#264406090000
0!
b00001010 #
0%
b00001010 '
1*
#264447755000
1!
1%
b11 (
#264489420000
0!
0%
#264531085000
1!
1%
b100 (
#264572750000
0!
0%
#264614415000
1!
b00001101 #
1%
b00001101 '
b0 (
1)
#264656080000
0!
0%
#264697745000
1!
1%
b1 (
#264739410000
0!
0%
#264781075000
1!
1%
b10 (
#264822740000
0!
b00000101 #
0%
b00000101 '
0*
#264864405000
1!
1%
b11 (
#264906070000
0!
0%
#264947735000
1!
1%
b100 (
#264989400000
0!
0%
#265031065000
1!
b00000010 #
1%
b00000010 '
b0 (
0)
#265072730000
0!
0%
#265114395000
1!
1%
b1 (
#265156060000
0!
0%
#265197725000
1!
1%
b10 (
#265239390000
0!
b00001010 #
0%
b00001010 '
1*
#265281055000
1!
1%
b11 (
#265322720000
0!
0%
#265364385000
1!
1%
b100 (
#265406050000
0!
0%
#265447715000
1!
b00001101 #
1%
b00001101 '
b0 (
1)
#265489380000
0!
0%
#265531045000
1!
1%
b1 (
#265572710000
0!
0%
#265614375000
1!
1%
b10 (
#265656040000
0!
b00000101 #
0%
b00000101 '
0*
#265697705000
1!
1%
b11 (
#265739370000
0!
0%
#265781035000
1!
1%
b100 (
#265822700000
0!
0%
#265864365000
1!
b00000010 #
1%
b00000010 '
b0 (
0)
#265906030000
0!
0%
#265947695000
1!
1%
b1 (
#265989360000
0!
0%
#266031025000
1!
1%
b10 (
#266072690000
0!
b00001010 #
0%
b00001010 '
1*
#266114355000
1!
1%
b11 (
#266156020000
0!
0%
#266197685000
1!
1%
b100 (
#266239350000
0!
0%
#266281015000
1!
b00001101 #
1%
b00001101 '
b0 (
1)
#266322680000
0!
0%
#266364345000
1!
1%
b1 (
#266406010000
0!
0%
#266447675000
1!
1%
b10 (
#266489340000
0!
b00000101 #
0%
b00000101 '
0*
#266531005000
1!
1%
b11 (
#266572670000
0!
0%
#266614335000
1!
1%
b100 (
#266656000000
0!
0%
#266697665000
1!
b00000010 #
1%
b00000010 '
b0 (
0)
#266739330000
0!
0%
#266780995000
1!
1%
b1 (
#266822660000
0!
0%
#266864325000
1!
1%
b10 (
#266905990000
0!
b00001010 #
0%
b00001010 '
1*
#266947655000
1!
1%
b11 (
#266989320000
0!
0%
#267030985000
1!
1%
b100 (
#267072650000
0!
0%
#267114315000
1!
b00001101 #
1%
b00001101 '
b0 (
1)
#267155980000
0!
0%
#267197645000
1!
1%
b1 (
#267239310000
0!
0%
#267280975000
1!
1%
b10 (
#267322640000
0!
b00000101 #
0%
b00000101 '
0*
#267364305000
1!
1%
b11 (
#267405970000
0!
0%
#267447635000
1!
1%
b100 (
#267489300000
0!
0%
#267530965000
1!
b00000010 #
1%
b00000010 '
b0 (
0)
#267572630000
0!
0%
#267614295000
1!
1%
b1 (
#267655960000
0!
0%
#267697625000
1!
1%
b10 (
#267739290000
0!
b00001010 #
0%
b00001010 '
1*
#267780955000
1!
1%
b11 (
#267822620000
0!
0%
#267864285000
1!
1%
b100 (
#267905950000
0!
0%
#267947615000
1!
b00001101 #
1%
b00001101 '
b0 (
1)
#267989280000
0!
0%
#268030945000
1!
1%
b1 (
#268072610000
0!
0%
#268114275000
1!
1%
b10 (
#268155940000
0!
b00000101 #
0%
b00000101 '
0*
#268197605000
1!
1%
b11 (
#268239270000
0!
0%
#268280935000
1!
1%
b100 (
#268322600000
0!
0%
#268364265000
1!
b00000010 #
1%
b00000010 '
b0 (
0)
#268405930000
0!
0%
#268447595000
1!
1%
b1 (
#268489260000
0!
0%
#268530925000
1!
1%
b10 (
#268572590000
0!
b00001010 #
0%
b00001010 '
1*
#268614255000
1!
1%
b11 (
#268655920000
0!
0%
#268697585000
1!
1%
b100 (
#268739250000
0!
0%
#268780915000
1!
b00001101 #
1%
b00001101 '
b0 (
1)
#268822580000
0!
0%
#268864245000
1!
1%
b1 (
#268905910000
0!
0%
#268947575000
1!
1%
b10 (
#268989240000
0!
b00000101 #
0%
b00000101 '
0*
#269030905000
1!
1%
b11 (
#269072570000
0!
0%
#269114235000
1!
1%
b100 (
#269155900000
0!
0%
#269197565000
1!
b00000010 #
1%
b00000010 '
b0 (
0)
#269239230000
0!
0%
#269280895000
1!
1%
b1 (
#269322560000
0!
0%
#269364225000
1!
1%
b10 (
#269405890000
0!
b00001010 #
0%
b00001010 '
1*
#269447555000
1!
1%
b11 (
#269489220000
0!
0%
#269530885000
1!
1%
b100 (
#269572550000
0!
0%
#269614215000
1!
b00001101 #
1%
b00001101 '
b0 (
1)
#269655880000
0!
0%
#269697545000
1!
1%
b1 (
#269739210000
0!
0%
#269780875000
1!
1%
b10 (
#269822540000
0!
b00000101 #
0%
b00000101 '
0*
#269864205000
1!
1%
b11 (
#269905870000
0!
0%
#269947535000
1!
1%
b100 (
#269989200000
0!
0%
#270030865000
1!
b00000010 #
1%
b00000010 '
b0 (
0)
#270072530000
0!
0%
#270114195000
1!
1%
b1 (
#270155860000
0!
0%
#270197525000
1!
1%
b10 (
#270239190000
0!
b00001010 #
0%
b00001010 '
1*
#270280855000
1!
1%
b11 (
#270322520000
0!
0%
#270364185000
1!
1%
b100 (
#270405850000
0!
0%
#270447515000
1!
b00001101 #
1%
b00001101 '
b0 (
1)
#270489180000
0!
0%
#270530845000
1!
1%
b1 (
#270572510000
0!
0%
#270614175000
1!
1%
b10 (
#270655840000
0!
b00000101 #
0%
b00000101 '
0*
#270697505000
1!
1%
b11 (
#270739170000
0!
0%
#270780835000
1!
1%
b100 (
#270822500000
0!
0%
#270864165000
1!
b00000010 #
1%
b00000010 '
b0 (
0)
#270905830000
0!
0%
#270947495000
1!
1%
b1 (
#270989160000
0!
0%
#271030825000
1!
1%
b10 (
#271072490000
0!
b00001010 #
0%
b00001010 '
1*
#271114155000
1!
1%
b11 (
#271155820000
0!
0%
#271197485000
1!
1%
b100 (
#271239150000
0!
0%
#271280815000
1!
b00001101 #
1%
b00001101 '
b0 (
1)
#271322480000
0!
0%
#271364145000
1!
1%
b1 (
#271405810000
0!
0%
#271447475000
1!
1%
b10 (
#271489140000
0!
b00000101 #
0%
b00000101 '
0*
#271530805000
1!
1%
b11 (
#271572470000
0!
0%
#271614135000
1!
1%
b100 (
#271655800000
0!
0%
#271697465000
1!
b00000010 #
1%
b00000010 '
b0 (
0)
#271739130000
0!
0%
#271780795000
1!
1%
b1 (
#271822460000
0!
0%
#271864125000
1!
1%
b10 (
#271905790000
0!
b00001010 #
0%
b00001010 '
1*
#271947455000
1!
1%
b11 (
#271989120000
0!
0%
#272030785000
1!
1%
b100 (
#272072450000
0!
0%
#272114115000
1!
b00001101 #
1%
b00001101 '
b0 (
1)
#272155780000
0!
0%
#272197445000
1!
1%
b1 (
#272239110000
0!
0%
#272280775000
1!
1%
b10 (
#272322440000
0!
b00000101 #
0%
b00000101 '
0*
#272364105000
1!
1%
b11 (
#272405770000
0!
0%
#272447435000
1!
1%
b100 (
#272489100000
0!
0%
#272530765000
1!
b00000010 #
1%
b00000010 '
b0 (
0)
#272572430000
0!
0%
#272614095000
1!
1%
b1 (
#272655760000
0!
0%
#272697425000
1!
1%
b10 (
#272739090000
0!
b00001010 #
0%
b00001010 '
1*
#272780755000
1!
1%
b11 (
#272822420000
0!
0%
#272864085000
1!
1%
b100 (
#272905750000
0!
0%
#272947415000
1!
b00001101 #
1%
b00001101 '
b0 (
1)
#272989080000
0!
0%
#273030745000
1!
1%
b1 (
#273072410000
0!
0%
#273114075000
1!
1%
b10 (
#273155740000
0!
b00000101 #
0%
b00000101 '
0*
#273197405000
1!
1%
b11 (
#273239070000
0!
0%
#273280735000
1!
1%
b100 (
#273322400000
0!
0%
#273364065000
1!
b00000010 #
1%
b00000010 '
b0 (
0)
#273405730000
0!
0%
#273447395000
1!
1%
b1 (
#273489060000
0!
0%
#273530725000
1!
1%
b10 (
#273572390000
0!
b00001010 #
0%
b00001010 '
1*
#273614055000
1!
1%
b11 (
#273655720000
0!
0%
#273697385000
1!
1%
b100 (
#273739050000
0!
0%
#273780715000
1!
b00001101 #
1%
b00001101 '
b0 (
1)
#273822380000
0!
0%
#273864045000
1!
1%
b1 (
#273905710000
0!
0%
#273947375000
1!
1%
b10 (
#273989040000
0!
b00000101 #
0%
b00000101 '
0*
#274030705000
1!
1%
b11 (
#274072370000
0!
0%
#274114035000
1!
1%
b100 (
#274155700000
0!
0%
#274197365000
1!
b00000010 #
1%
b00000010 '
b0 (
0)
#274239030000
0!
0%
#274280695000
1!
1%
b1 (
#274322360000
0!
0%
#274364025000
1!
1%
b10 (
#274405690000
0!
b00001010 #
0%
b00001010 '
1*
#274447355000
1!
1%
b11 (
#274489020000
0!
0%
#274530685000
1!
1%
b100 (
#274572350000
0!
0%
#274614015000
1!
b00001101 #
1%
b00001101 '
b0 (
1)
#274655680000
0!
0%
#274697345000
1!
1%
b1 (
#274739010000
0!
0%
#274780675000
1!
1%
b10 (
#274822340000
0!
b00000101 #
0%
b00000101 '
0*
#274864005000
1!
1%
b11 (
#274905670000
0!
0%
#274947335000
1!
1%
b100 (
#274989000000
0!
0%
#275030665000
1!
b00000010 #
1%
b00000010 '
b0 (
0)
#275072330000
0!
0%
#275113995000
1!
1%
b1 (
#275155660000
0!
0%
#275197325000
1!
1%
b10 (
#275238990000
0!
b00001010 #
0%
b00001010 '
1*
#275280655000
1!
1%
b11 (
#275322320000
0!
0%
#275363985000
1!
1%
b100 (
#275405650000
0!
0%
#275447315000
1!
b00001101 #
1%
b00001101 '
b0 (
1)
#275488980000
0!
0%
#275530645000
1!
1%
b1 (
#275572310000
0!
0%
#275613975000
1!
1%
b10 (
#275655640000
0!
b00000101 #
0%
b00000101 '
0*
#275697305000
1!
1%
b11 (
#275738970000
0!
0%
#275780635000
1!
1%
b100 (
#275822300000
0!
0%
#275863965000
1!
b00000010 #
1%
b00000010 '
b0 (
0)
#275905630000
0!
0%
#275947295000
1!
1%
b1 (
#275988960000
0!
0%
#276030625000
1!
1%
b10 (
#276072290000
0!
b00001010 #
0%
b00001010 '
1*
#276113955000
1!
1%
b11 (
#276155620000
0!
0%
#276197285000
1!
1%
b100 (
#276238950000
0!
0%
#276280615000
1!
b00001101 #
1%
b00001101 '
b0 (
1)
#276322280000
0!
0%
#276363945000
1!
1%
b1 (
#276405610000
0!
0%
#276447275000
1!
1%
b10 (
#276488940000
0!
b00000101 #
0%
b00000101 '
0*
#276530605000
1!
1%
b11 (
#276572270000
0!
0%
#276613935000
1!
1%
b100 (
#276655600000
0!
0%
#276697265000
1!
b00000010 #
1%
b00000010 '
b0 (
0)
#276738930000
0!
0%
#276780595000
1!
1%
b1 (
#276822260000
0!
0%
#276863925000
1!
1%
b10 (
#276905590000
0!
b00001010 #
0%
b00001010 '
1*
#276947255000
1!
1%
b11 (
#276988920000
0!
0%
#277030585000
1!
1%
b100 (
#277072250000
0!
0%
#277113915000
1!
b00001101 #
1%
b00001101 '
b0 (
1)
#277155580000
0!
0%
#277197245000
1!
1%
b1 (
#277238910000
0!
0%
#277280575000
1!
1%
b10 (
#277322240000
0!
b00000101 #
0%
b00000101 '
0*
#277363905000
1!
1%
b11 (
#277405570000
0!
0%
#277447235000
1!
1%
b100 (
#277488900000
0!
0%
#277530565000
1!
b00000010 #
1%
b00000010 '
b0 (
0)
#277572230000
0!
0%
#277613895000
1!
1%
b1 (
#277655560000
0!
0%
#277697225000
1!
1%
b10 (
#277738890000
0!
b00001010 #
0%
b00001010 '
1*
#277780555000
1!
1%
b11 (
#277822220000
0!
0%
#277863885000
1!
1%
b100 (
#277905550000
0!
0%
#277947215000
1!
b00001101 #
1%
b00001101 '
b0 (
1)
#277988880000
0!
0%
#278030545000
1!
1%
b1 (
#278072210000
0!
0%
#278113875000
1!
1%
b10 (
#278155540000
0!
b00000101 #
0%
b00000101 '
0*
#278197205000
1!
1%
b11 (
#278238870000
0!
0%
#278280535000
1!
1%
b100 (
#278322200000
0!
0%
#278363865000
1!
b00000010 #
1%
b00000010 '
b0 (
0)
#278405530000
0!
0%
#278447195000
1!
1%
b1 (
#278488860000
0!
0%
#278530525000
1!
1%
b10 (
#278572190000
0!
b00001010 #
0%
b00001010 '
1*
#278613855000
1!
1%
b11 (
#278655520000
0!
0%
#278697185000
1!
1%
b100 (
#278738850000
0!
0%
#278780515000
1!
b00001101 #
1%
b00001101 '
b0 (
1)
#278822180000
0!
0%
#278863845000
1!
1%
b1 (
#278905510000
0!
0%
#278947175000
1!
1%
b10 (
#278988840000
0!
b00000101 #
0%
b00000101 '
0*
#279030505000
1!
1%
b11 (
#279072170000
0!
0%
#279113835000
1!
1%
b100 (
#279155500000
0!
0%
#279197165000
1!
b00000010 #
1%
b00000010 '
b0 (
0)
#279238830000
0!
0%
#279280495000
1!
1%
b1 (
#279322160000
0!
0%
#279363825000
1!
1%
b10 (
#279405490000
0!
b00001010 #
0%
b00001010 '
1*
#279447155000
1!
1%
b11 (
#279488820000
0!
0%
#279530485000
1!
1%
b100 (
#279572150000
0!
0%
#279613815000
1!
b00001101 #
1%
b00001101 '
b0 (
1)
#279655480000
0!
0%
#279697145000
1!
1%
b1 (
#279738810000
0!
0%
#279780475000
1!
1%
b10 (
#279822140000
0!
b00000101 #
0%
b00000101 '
0*
#279863805000
1!
1%
b11 (
#279905470000
0!
0%
#279947135000
1!
1%
b100 (
#279988800000
0!
0%
#280030465000
1!
b00000010 #
1%
b00000010 '
b0 (
0)
#280072130000
0!
0%
#280113795000
1!
1%
b1 (
#280155460000
0!
0%
#280197125000
1!
1%
b10 (
#280238790000
0!
b00001010 #
0%
b00001010 '
1*
#280280455000
1!
1%
b11 (
#280322120000
0!
0%
#280363785000
1!
1%
b100 (
#280405450000
0!
0%
#280447115000
1!
b00001101 #
1%
b00001101 '
b0 (
1)
#280488780000
0!
0%
#280530445000
1!
1%
b1 (
#280572110000
0!
0%
#280613775000
1!
1%
b10 (
#280655440000
0!
b00000101 #
0%
b00000101 '
0*
#280697105000
1!
1%
b11 (
#280738770000
0!
0%
#280780435000
1!
1%
b100 (
#280822100000
0!
0%
#280863765000
1!
b00000010 #
1%
b00000010 '
b0 (
0)
#280905430000
0!
0%
#280947095000
1!
1%
b1 (
#280988760000
0!
0%
#281030425000
1!
1%
b10 (
#281072090000
0!
b00001010 #
0%
b00001010 '
1*
#281113755000
1!
1%
b11 (
#281155420000
0!
0%
#281197085000
1!
1%
b100 (
#281238750000
0!
0%
#281280415000
1!
b00001101 #
1%
b00001101 '
b0 (
1)
#281322080000
0!
0%
#281363745000
1!
1%
b1 (
#281405410000
0!
0%
#281447075000
1!
1%
b10 (
#281488740000
0!
b00000101 #
0%
b00000101 '
0*
#281530405000
1!
1%
b11 (
#281572070000
0!
0%
#281613735000
1!
1%
b100 (
#281655400000
0!
0%
#281697065000
1!
b00000010 #
1%
b00000010 '
b0 (
0)
#281738730000
0!
0%
#281780395000
1!
1%
b1 (
#281822060000
0!
0%
#281863725000
1!
1%
b10 (
#281905390000
0!
b00001010 #
0%
b00001010 '
1*
#281947055000
1!
1%
b11 (
#281988720000
0!
0%
#282030385000
1!
1%
b100 (
#282072050000
0!
0%
#282113715000
1!
b00001101 #
1%
b00001101 '
b0 (
1)
#282155380000
0!
0%
#282197045000
1!
1%
b1 (
#282238710000
0!
0%
#282280375000
1!
1%
b10 (
#282322040000
0!
b00000101 #
0%
b00000101 '
0*
#282363705000
1!
1%
b11 (
#282405370000
0!
0%
#282447035000
1!
1%
b100 (
#282488700000
0!
0%
#282530365000
1!
b00000010 #
1%
b00000010 '
b0 (
0)
#282572030000
0!
0%
#282613695000
1!
1%
b1 (
#282655360000
0!
0%
#282697025000
1!
1%
b10 (
#282738690000
0!
b00001010 #
0%
b00001010 '
1*
#282780355000
1!
1%
b11 (
#282822020000
0!
0%
#282863685000
1!
1%
b100 (
#282905350000
0!
0%
#282947015000
1!
b00001101 #
1%
b00001101 '
b0 (
1)
#282988680000
0!
0%
#283030345000
1!
1%
b1 (
#283072010000
0!
0%
#283113675000
1!
1%
b10 (
#283155340000
0!
b00000101 #
0%
b00000101 '
0*
#283197005000
1!
1%
b11 (
#283238670000
0!
0%
#283280335000
1!
1%
b100 (
#283322000000
0!
0%
#283363665000
1!
b00000010 #
1%
b00000010 '
b0 (
0)
#283405330000
0!
0%
#283446995000
1!
1%
b1 (
#283488660000
0!
0%
#283530325000
1!
1%
b10 (
#283571990000
0!
b00001010 #
0%
b00001010 '
1*
#283613655000
1!
1%
b11 (
#283655320000
0!
0%
#283696985000
1!
1%
b100 (
#283738650000
0!
0%
#283780315000
1!
b00001101 #
1%
b00001101 '
b0 (
1)
#283821980000
0!
0%
#283863645000
1!
1%
b1 (
#283905310000
0!
0%
#283946975000
1!
1%
b10 (
#283988640000
0!
b00000101 #
0%
b00000101 '
0*
#284030305000
1!
1%
b11 (
#284071970000
0!
0%
#284113635000
1!
1%
b100 (
#284155300000
0!
0%
#284196965000
1!
b00000010 #
1%
b00000010 '
b0 (
0)
#284238630000
0!
0%
#284280295000
1!
1%
b1 (
#284321960000
0!
0%
#284363625000
1!
1%
b10 (
#284405290000
0!
b00001010 #
0%
b00001010 '
1*
#284446955000
1!
1%
b11 (
#284488620000
0!
0%
#284530285000
1!
1%
b100 (
#284571950000
0!
0%
#284613615000
1!
b00001101 #
1%
b00001101 '
b0 (
1)
#284655280000
0!
0%
#284696945000
1!
1%
b1 (
#284738610000
0!
0%
#284780275000
1!
1%
b10 (
#284821940000
0!
b00000101 #
0%
b00000101 '
0*
#284863605000
1!
1%
b11 (
#284905270000
0!
0%
#284946935000
1!
1%
b100 (
#284988600000
0!
0%
#285030265000
1!
b00000010 #
1%
b00000010 '
b0 (
0)
#285071930000
0!
0%
#285113595000
1!
1%
b1 (
#285155260000
0!
0%
#285196925000
1!
1%
b10 (
#285238590000
0!
b00001010 #
0%
b00001010 '
1*
#285280255000
1!
1%
b11 (
#285321920000
0!
0%
#285363585000
1!
1%
b100 (
#285405250000
0!
0%
#285446915000
1!
b00001101 #
1%
b00001101 '
b0 (
1)
#285488580000
0!
0%
#285530245000
1!
1%
b1 (
#285571910000
0!
0%
#285613575000
1!
1%
b10 (
#285655240000
0!
b00000101 #
0%
b00000101 '
0*
#285696905000
1!
1%
b11 (
#285738570000
0!
0%
#285780235000
1!
1%
b100 (
#285821900000
0!
0%
#285863565000
1!
b00000010 #
1%
b00000010 '
b0 (
0)
#285905230000
0!
0%
#285946895000
1!
1%
b1 (
#285988560000
0!
0%
#286030225000
1!
1%
b10 (
#286071890000
0!
b00001010 #
0%
b00001010 '
1*
#286113555000
1!
1%
b11 (
#286155220000
0!
0%
#286196885000
1!
1%
b100 (
#286238550000
0!
0%
#286280215000
1!
b00001101 #
1%
b00001101 '
b0 (
1)
#286321880000
0!
0%
#286363545000
1!
1%
b1 (
#286405210000
0!
0%
#286446875000
1!
1%
b10 (
#286488540000
0!
b00000101 #
0%
b00000101 '
0*
#286530205000
1!
1%
b11 (
#286571870000
0!
0%
#286613535000
1!
1%
b100 (
#286655200000
0!
0%
#286696865000
1!
b00000010 #
1%
b00000010 '
b0 (
0)
#286738530000
0!
0%
#286780195000
1!
1%
b1 (
#286821860000
0!
0%
#286863525000
1!
1%
b10 (
#286905190000
0!
b00001010 #
0%
b00001010 '
1*
#286946855000
1!
1%
b11 (
#286988520000
0!
0%
#287030185000
1!
1%
b100 (
#287071850000
0!
0%
#287113515000
1!
b00001101 #
1%
b00001101 '
b0 (
1)
#287155180000
0!
0%
#287196845000
1!
1%
b1 (
#287238510000
0!
0%
#287280175000
1!
1%
b10 (
#287321840000
0!
b00000101 #
0%
b00000101 '
0*
#287363505000
1!
1%
b11 (
#287405170000
0!
0%
#287446835000
1!
1%
b100 (
#287488500000
0!
0%
#287530165000
1!
b00000010 #
1%
b00000010 '
b0 (
0)
#287571830000
0!
0%
#287613495000
1!
1%
b1 (
#287655160000
0!
0%
#287696825000
1!
1%
b10 (
#287738490000
0!
b00001010 #
0%
b00001010 '
1*
#287780155000
1!
1%
b11 (
#287821820000
0!
0%
#287863485000
1!
1%
b100 (
#287905150000
0!
0%
#287946815000
1!
b00001101 #
1%
b00001101 '
b0 (
1)
#287988480000
0!
0%
#288030145000
1!
1%
b1 (
#288071810000
0!
0%
#288113475000
1!
1%
b10 (
#288155140000
0!
b00000101 #
0%
b00000101 '
0*
#288196805000
1!
1%
b11 (
#288238470000
0!
0%
#288280135000
1!
1%
b100 (
#288321800000
0!
0%
#288363465000
1!
b00000010 #
1%
b00000010 '
b0 (
0)
#288405130000
0!
0%
#288446795000
1!
1%
b1 (
#288488460000
0!
0%
#288530125000
1!
1%
b10 (
#288571790000
0!
b00001010 #
0%
b00001010 '
1*
#288613455000
1!
1%
b11 (
#288655120000
0!
0%
#288696785000
1!
1%
b100 (
#288738450000
0!
0%
#288780115000
1!
b00001101 #
1%
b00001101 '
b0 (
1)
#288821780000
0!
0%
#288863445000
1!
1%
b1 (
#288905110000
0!
0%
#288946775000
1!
1%
b10 (
#288988440000
0!
b00000101 #
0%
b00000101 '
0*
#289030105000
1!
1%
b11 (
#289071770000
0!
0%
#289113435000
1!
1%
b100 (
#289155100000
0!
0%
#289196765000
1!
b00000010 #
1%
b00000010 '
b0 (
0)
#289238430000
0!
0%
#289280095000
1!
1%
b1 (
#289321760000
0!
0%
#289363425000
1!
1%
b10 (
#289405090000
0!
b00001010 #
0%
b00001010 '
1*
#289446755000
1!
1%
b11 (
#289488420000
0!
0%
#289530085000
1!
1%
b100 (
#289571750000
0!
0%
#289613415000
1!
b00001101 #
1%
b00001101 '
b0 (
1)
#289655080000
0!
0%
#289696745000
1!
1%
b1 (
#289738410000
0!
0%
#289780075000
1!
1%
b10 (
#289821740000
0!
b00000101 #
0%
b00000101 '
0*
#289863405000
1!
1%
b11 (
#289905070000
0!
0%
#289946735000
1!
1%
b100 (
#289988400000
0!
0%
#290030065000
1!
b00000010 #
1%
b00000010 '
b0 (
0)
#290071730000
0!
0%
#290113395000
1!
1%
b1 (
#290155060000
0!
0%
#290196725000
1!
1%
b10 (
#290238390000
0!
b00001010 #
0%
b00001010 '
1*
#290280055000
1!
1%
b11 (
#290321720000
0!
0%
#290363385000
1!
1%
b100 (
#290405050000
0!
0%
#290446715000
1!
b00001101 #
1%
b00001101 '
b0 (
1)
#290488380000
0!
0%
#290530045000
1!
1%
b1 (
#290571710000
0!
0%
#290613375000
1!
1%
b10 (
#290655040000
0!
b00000101 #
0%
b00000101 '
0*
#290696705000
1!
1%
b11 (
#290738370000
0!
0%
#290780035000
1!
1%
b100 (
#290821700000
0!
0%
#290863365000
1!
b00000010 #
1%
b00000010 '
b0 (
0)
#290905030000
0!
0%
#290946695000
1!
1%
b1 (
#290988360000
0!
0%
#291030025000
1!
1%
b10 (
#291071690000
0!
b00001010 #
0%
b00001010 '
1*
#291113355000
1!
1%
b11 (
#291155020000
0!
0%
#291196685000
1!
1%
b100 (
#291238350000
0!
0%
#291280015000
1!
b00001101 #
1%
b00001101 '
b0 (
1)
#291321680000
0!
0%
#291363345000
1!
1%
b1 (
#291405010000
0!
0%
#291446675000
1!
1%
b10 (
#291488340000
0!
b00000101 #
0%
b00000101 '
0*
#291530005000
1!
1%
b11 (
#291571670000
0!
0%
#291613335000
1!
1%
b100 (
#291655000000
0!
0%
#291696665000
1!
b00000010 #
1%
b00000010 '
b0 (
0)
#291738330000
0!
0%
#291779995000
1!
1%
b1 (
#291821660000
0!
0%
#291863325000
1!
1%
b10 (
#291904990000
0!
b00001010 #
0%
b00001010 '
1*
#291946655000
1!
1%
b11 (
#291988320000
0!
0%
#292029985000
1!
1%
b100 (
#292071650000
0!
0%
#292113315000
1!
b00001101 #
1%
b00001101 '
b0 (
1)
#292154980000
0!
0%
#292196645000
1!
1%
b1 (
#292238310000
0!
0%
#292279975000
1!
1%
b10 (
#292321640000
0!
b00000101 #
0%
b00000101 '
0*
#292363305000
1!
1%
b11 (
#292404970000
0!
0%
#292446635000
1!
1%
b100 (
#292488300000
0!
0%
#292529965000
1!
b00000010 #
1%
b00000010 '
b0 (
0)
#292571630000
0!
0%
#292613295000
1!
1%
b1 (
#292654960000
0!
0%
#292696625000
1!
1%
b10 (
#292738290000
0!
b00001010 #
0%
b00001010 '
1*
#292779955000
1!
1%
b11 (
#292821620000
0!
0%
#292863285000
1!
1%
b100 (
#292904950000
0!
0%
#292946615000
1!
b00001101 #
1%
b00001101 '
b0 (
1)
#292988280000
0!
0%
#293029945000
1!
1%
b1 (
#293071610000
0!
0%
#293113275000
1!
1%
b10 (
#293154940000
0!
b00000101 #
0%
b00000101 '
0*
#293196605000
1!
1%
b11 (
#293238270000
0!
0%
#293279935000
1!
1%
b100 (
#293321600000
0!
0%
#293363265000
1!
b00000010 #
1%
b00000010 '
b0 (
0)
#293404930000
0!
0%
#293446595000
1!
1%
b1 (
#293488260000
0!
0%
#293529925000
1!
1%
b10 (
#293571590000
0!
b00001010 #
0%
b00001010 '
1*
#293613255000
1!
1%
b11 (
#293654920000
0!
0%
#293696585000
1!
1%
b100 (
#293738250000
0!
0%
#293779915000
1!
b00001101 #
1%
b00001101 '
b0 (
1)
#293821580000
0!
0%
#293863245000
1!
1%
b1 (
#293904910000
0!
0%
#293946575000
1!
1%
b10 (
#293988240000
0!
b00000101 #
0%
b00000101 '
0*
#294029905000
1!
1%
b11 (
#294071570000
0!
0%
#294113235000
1!
1%
b100 (
#294154900000
0!
0%
#294196565000
1!
b00000010 #
1%
b00000010 '
b0 (
0)
#294238230000
0!
0%
#294279895000
1!
1%
b1 (
#294321560000
0!
0%
#294363225000
1!
1%
b10 (
#294404890000
0!
b00001010 #
0%
b00001010 '
1*
#294446555000
1!
1%
b11 (
#294488220000
0!
0%
#294529885000
1!
1%
b100 (
#294571550000
0!
0%
#294613215000
1!
b00001101 #
1%
b00001101 '
b0 (
1)
#294654880000
0!
0%
#294696545000
1!
1%
b1 (
#294738210000
0!
0%
#294779875000
1!
1%
b10 (
#294821540000
0!
b00000101 #
0%
b00000101 '
0*
#294863205000
1!
1%
b11 (
#294904870000
0!
0%
#294946535000
1!
1%
b100 (
#294988200000
0!
0%
#295029865000
1!
b00000010 #
1%
b00000010 '
b0 (
0)
#295071530000
0!
0%
#295113195000
1!
1%
b1 (
#295154860000
0!
0%
#295196525000
1!
1%
b10 (
#295238190000
0!
b00001010 #
0%
b00001010 '
1*
#295279855000
1!
1%
b11 (
#295321520000
0!
0%
#295363185000
1!
1%
b100 (
#295404850000
0!
0%
#295446515000
1!
b00001101 #
1%
b00001101 '
b0 (
1)
#295488180000
0!
0%
#295529845000
1!
1%
b1 (
#295571510000
0!
0%
#295613175000
1!
1%
b10 (
#295654840000
0!
b00000101 #
0%
b00000101 '
0*
#295696505000
1!
1%
b11 (
#295738170000
0!
0%
#295779835000
1!
1%
b100 (
#295821500000
0!
0%
#295863165000
1!
b00000010 #
1%
b00000010 '
b0 (
0)
#295904830000
0!
0%
#295946495000
1!
1%
b1 (
#295988160000
0!
0%
#296029825000
1!
1%
b10 (
#296071490000
0!
b00001010 #
0%
b00001010 '
1*
#296113155000
1!
1%
b11 (
#296154820000
0!
0%
#296196485000
1!
1%
b100 (
#296238150000
0!
0%
#296279815000
1!
b00001101 #
1%
b00001101 '
b0 (
1)
#296321480000
0!
0%
#296363145000
1!
1%
b1 (
#296404810000
0!
0%
#296446475000
1!
1%
b10 (
#296488140000
0!
b00000101 #
0%
b00000101 '
0*
#296529805000
1!
1%
b11 (
#296571470000
0!
0%
#296613135000
1!
1%
b100 (
#296654800000
0!
0%
#296696465000
1!
b00000010 #
1%
b00000010 '
b0 (
0)
#296738130000
0!
0%
#296779795000
1!
1%
b1 (
#296821460000
0!
0%
#296863125000
1!
1%
b10 (
#296904790000
0!
b00001010 #
0%
b00001010 '
1*
#296946455000
1!
1%
b11 (
#296988120000
0!
0%
#297029785000
1!
1%
b100 (
#297071450000
0!
0%
#297113115000
1!
b00001101 #
1%
b00001101 '
b0 (
1)
#297154780000
0!
0%
#297196445000
1!
1%
b1 (
#297238110000
0!
0%
#297279775000
1!
1%
b10 (
#297321440000
0!
b00000101 #
0%
b00000101 '
0*
#297363105000
1!
1%
b11 (
#297404770000
0!
0%
#297446435000
1!
1%
b100 (
#297488100000
0!
0%
#297529765000
1!
b00000010 #
1%
b00000010 '
b0 (
0)
#297571430000
0!
0%
#297613095000
1!
1%
b1 (
#297654760000
0!
0%
#297696425000
1!
1%
b10 (
#297738090000
0!
b00001010 #
0%
b00001010 '
1*
#297779755000
1!
1%
b11 (
#297821420000
0!
0%
#297863085000
1!
1%
b100 (
#297904750000
0!
0%
#297946415000
1!
b00001101 #
1%
b00001101 '
b0 (
1)
#297988080000
0!
0%
#298029745000
1!
1%
b1 (
#298071410000
0!
0%
#298113075000
1!
1%
b10 (
#298154740000
0!
b00000101 #
0%
b00000101 '
0*
#298196405000
1!
1%
b11 (
#298238070000
0!
0%
#298279735000
1!
1%
b100 (
#298321400000
0!
0%
#298363065000
1!
b00000010 #
1%
b00000010 '
b0 (
0)
#298404730000
0!
0%
#298446395000
1!
1%
b1 (
#298488060000
0!
0%
#298529725000
1!
1%
b10 (
#298571390000
0!
b00001010 #
0%
b00001010 '
1*
#298613055000
1!
1%
b11 (
#298654720000
0!
0%
#298696385000
1!
1%
b100 (
#298738050000
0!
0%
#298779715000
1!
b00001101 #
1%
b00001101 '
b0 (
1)
#298821380000
0!
0%
#298863045000
1!
1%
b1 (
#298904710000
0!
0%
#298946375000
1!
1%
b10 (
#298988040000
0!
b00000101 #
0%
b00000101 '
0*
#299029705000
1!
1%
b11 (
#299071370000
0!
0%
#299113035000
1!
1%
b100 (
#299154700000
0!
0%
#299196365000
1!
b00000010 #
1%
b00000010 '
b0 (
0)
#299238030000
0!
0%
#299279695000
1!
1%
b1 (
#299321360000
0!
0%
#299363025000
1!
1%
b10 (
#299404690000
0!
b00001010 #
0%
b00001010 '
1*
#299446355000
1!
1%
b11 (
#299488020000
0!
0%
#299529685000
1!
1%
b100 (
#299571350000
0!
0%
#299613015000
1!
b00001101 #
1%
b00001101 '
b0 (
1)
#299654680000
0!
0%
#299696345000
1!
1%
b1 (
#299738010000
0!
0%
#299779675000
1!
1%
b10 (
#299821340000
0!
b00000101 #
0%
b00000101 '
0*
#299863005000
1!
1%
b11 (
#299904670000
0!
0%
#299946335000
1!
1%
b100 (
#299988000000
0!
0%
#300029665000
1!
b00000010 #
1%
b00000010 '
b0 (
0)
#300071330000
0!
0%
#300112995000
1!
1%
b1 (
#300154660000
0!
0%
#300196325000
1!
1%
b10 (
#300237990000
0!
b00001010 #
0%
b00001010 '
1*
#300279655000
1!
1%
b11 (
#300321320000
0!
0%
#300362985000
1!
1%
b100 (
#300404650000
0!
0%
#300446315000
1!
b00001101 #
1%
b00001101 '
b0 (
1)
#300487980000
0!
0%
#300529645000
1!
1%
b1 (
#300571310000
0!
0%
#300612975000
1!
1%
b10 (
#300654640000
0!
b00000101 #
0%
b00000101 '
0*
#300696305000
1!
1%
b11 (
#300737970000
0!
0%
#300779635000
1!
1%
b100 (
#300821300000
0!
0%
#300862965000
1!
b00000010 #
1%
b00000010 '
b0 (
0)
#300904630000
0!
0%
#300946295000
1!
1%
b1 (
#300987960000
0!
0%
#301029625000
1!
1%
b10 (
#301071290000
0!
b00001010 #
0%
b00001010 '
1*
#301112955000
1!
1%
b11 (
#301154620000
0!
0%
#301196285000
1!
1%
b100 (
#301237950000
0!
0%
#301279615000
1!
b00001101 #
1%
b00001101 '
b0 (
1)
#301321280000
0!
0%
#301362945000
1!
1%
b1 (
#301404610000
0!
0%
#301446275000
1!
1%
b10 (
#301487940000
0!
b00000101 #
0%
b00000101 '
0*
#301529605000
1!
1%
b11 (
#301571270000
0!
0%
#301612935000
1!
1%
b100 (
#301654600000
0!
0%
#301696265000
1!
b00000010 #
1%
b00000010 '
b0 (
0)
#301737930000
0!
0%
#301779595000
1!
1%
b1 (
#301821260000
0!
0%
#301862925000
1!
1%
b10 (
#301904590000
0!
b00001010 #
0%
b00001010 '
1*
#301946255000
1!
1%
b11 (
#301987920000
0!
0%
#302029585000
1!
1%
b100 (
#302071250000
0!
0%
#302112915000
1!
b00001101 #
1%
b00001101 '
b0 (
1)
#302154580000
0!
0%
#302196245000
1!
1%
b1 (
#302237910000
0!
0%
#302279575000
1!
1%
b10 (
#302321240000
0!
b00000101 #
0%
b00000101 '
0*
#302362905000
1!
1%
b11 (
#302404570000
0!
0%
#302446235000
1!
1%
b100 (
#302487900000
0!
0%
#302529565000
1!
b00000010 #
1%
b00000010 '
b0 (
0)
#302571230000
0!
0%
#302612895000
1!
1%
b1 (
#302654560000
0!
0%
#302696225000
1!
1%
b10 (
#302737890000
0!
b00001010 #
0%
b00001010 '
1*
#302779555000
1!
1%
b11 (
#302821220000
0!
0%
#302862885000
1!
1%
b100 (
#302904550000
0!
0%
#302946215000
1!
b00001101 #
1%
b00001101 '
b0 (
1)
#302987880000
0!
0%
#303029545000
1!
1%
b1 (
#303071210000
0!
0%
#303112875000
1!
1%
b10 (
#303154540000
0!
b00000101 #
0%
b00000101 '
0*
#303196205000
1!
1%
b11 (
#303237870000
0!
0%
#303279535000
1!
1%
b100 (
#303321200000
0!
0%
#303362865000
1!
b00000010 #
1%
b00000010 '
b0 (
0)
#303404530000
0!
0%
#303446195000
1!
1%
b1 (
#303487860000
0!
0%
#303529525000
1!
1%
b10 (
#303571190000
0!
b00001010 #
0%
b00001010 '
1*
#303612855000
1!
1%
b11 (
#303654520000
0!
0%
#303696185000
1!
1%
b100 (
#303737850000
0!
0%
#303779515000
1!
b00001101 #
1%
b00001101 '
b0 (
1)
#303821180000
0!
0%
#303862845000
1!
1%
b1 (
#303904510000
0!
0%
#303946175000
1!
1%
b10 (
#303987840000
0!
b00000101 #
0%
b00000101 '
0*
#304029505000
1!
1%
b11 (
#304071170000
0!
0%
#304112835000
1!
1%
b100 (
#304154500000
0!
0%
#304196165000
1!
b00000010 #
1%
b00000010 '
b0 (
0)
#304237830000
0!
0%
#304279495000
1!
1%
b1 (
#304321160000
0!
0%
#304362825000
1!
1%
b10 (
#304404490000
0!
b00001010 #
0%
b00001010 '
1*
#304446155000
1!
1%
b11 (
#304487820000
0!
0%
#304529485000
1!
1%
b100 (
#304571150000
0!
0%
#304612815000
1!
b00001101 #
1%
b00001101 '
b0 (
1)
#304654480000
0!
0%
#304696145000
1!
1%
b1 (
#304737810000
0!
0%
#304779475000
1!
1%
b10 (
#304821140000
0!
b00000101 #
0%
b00000101 '
0*
#304862805000
1!
1%
b11 (
#304904470000
0!
0%
#304946135000
1!
1%
b100 (
#304987800000
0!
0%
#305029465000
1!
b00000010 #
1%
b00000010 '
b0 (
0)
#305071130000
0!
0%
#305112795000
1!
1%
b1 (
#305154460000
0!
0%
#305196125000
1!
1%
b10 (
#305237790000
0!
b00001010 #
0%
b00001010 '
1*
#305279455000
1!
1%
b11 (
#305321120000
0!
0%
#305362785000
1!
1%
b100 (
#305404450000
0!
0%
#305446115000
1!
b00001101 #
1%
b00001101 '
b0 (
1)
#305487780000
0!
0%
#305529445000
1!
1%
b1 (
#305571110000
0!
0%
#305612775000
1!
1%
b10 (
#305654440000
0!
b00000101 #
0%
b00000101 '
0*
#305696105000
1!
1%
b11 (
#305737770000
0!
0%
#305779435000
1!
1%
b100 (
#305821100000
0!
0%
#305862765000
1!
b00000010 #
1%
b00000010 '
b0 (
0)
#305904430000
0!
0%
#305946095000
1!
1%
b1 (
#305987760000
0!
0%
#306029425000
1!
1%
b10 (
#306071090000
0!
b00001010 #
0%
b00001010 '
1*
#306112755000
1!
1%
b11 (
#306154420000
0!
0%
#306196085000
1!
1%
b100 (
#306237750000
0!
0%
#306279415000
1!
b00001101 #
1%
b00001101 '
b0 (
1)
#306321080000
0!
0%
#306362745000
1!
1%
b1 (
#306404410000
0!
0%
#306446075000
1!
1%
b10 (
#306487740000
0!
b00000101 #
0%
b00000101 '
0*
#306529405000
1!
1%
b11 (
#306571070000
0!
0%
#306612735000
1!
1%
b100 (
#306654400000
0!
0%
#306696065000
1!
b00000010 #
1%
b00000010 '
b0 (
0)
#306737730000
0!
0%
#306779395000
1!
1%
b1 (
#306821060000
0!
0%
#306862725000
1!
1%
b10 (
#306904390000
0!
b00001010 #
0%
b00001010 '
1*
#306946055000
1!
1%
b11 (
#306987720000
0!
0%
#307029385000
1!
1%
b100 (
#307071050000
0!
0%
#307112715000
1!
b00001101 #
1%
b00001101 '
b0 (
1)
#307154380000
0!
0%
#307196045000
1!
1%
b1 (
#307237710000
0!
0%
#307279375000
1!
1%
b10 (
#307321040000
0!
b00000101 #
0%
b00000101 '
0*
#307362705000
1!
1%
b11 (
#307404370000
0!
0%
#307446035000
1!
1%
b100 (
#307487700000
0!
0%
#307529365000
1!
b00000010 #
1%
b00000010 '
b0 (
0)
#307571030000
0!
0%
#307612695000
1!
1%
b1 (
#307654360000
0!
0%
#307696025000
1!
1%
b10 (
#307737690000
0!
b00001010 #
0%
b00001010 '
1*
#307779355000
1!
1%
b11 (
#307821020000
0!
0%
#307862685000
1!
1%
b100 (
#307904350000
0!
0%
#307946015000
1!
b00001101 #
1%
b00001101 '
b0 (
1)
#307987680000
0!
0%
#308029345000
1!
1%
b1 (
#308071010000
0!
0%
#308112675000
1!
1%
b10 (
#308154340000
0!
b00000101 #
0%
b00000101 '
0*
#308196005000
1!
1%
b11 (
#308237670000
0!
0%
#308279335000
1!
1%
b100 (
#308321000000
0!
0%
#308362665000
1!
b00000010 #
1%
b00000010 '
b0 (
0)
#308404330000
0!
0%
#308445995000
1!
1%
b1 (
#308487660000
0!
0%
#308529325000
1!
1%
b10 (
#308570990000
0!
b00001010 #
0%
b00001010 '
1*
#308612655000
1!
1%
b11 (
#308654320000
0!
0%
#308695985000
1!
1%
b100 (
#308737650000
0!
0%
#308779315000
1!
b00001101 #
1%
b00001101 '
b0 (
1)
#308820980000
0!
0%
#308862645000
1!
1%
b1 (
#308904310000
0!
0%
#308945975000
1!
1%
b10 (
#308987640000
0!
b00000101 #
0%
b00000101 '
0*
#309029305000
1!
1%
b11 (
#309070970000
0!
0%
#309112635000
1!
1%
b100 (
#309154300000
0!
0%
#309195965000
1!
b00000010 #
1%
b00000010 '
b0 (
0)
#309237630000
0!
0%
#309279295000
1!
1%
b1 (
#309320960000
0!
0%
#309362625000
1!
1%
b10 (
#309404290000
0!
b00001010 #
0%
b00001010 '
1*
#309445955000
1!
1%
b11 (
#309487620000
0!
0%
#309529285000
1!
1%
b100 (
#309570950000
0!
0%
#309612615000
1!
b00001101 #
1%
b00001101 '
b0 (
1)
#309654280000
0!
0%
#309695945000
1!
1%
b1 (
#309737610000
0!
0%
#309779275000
1!
1%
b10 (
#309820940000
0!
b00000101 #
0%
b00000101 '
0*
#309862605000
1!
1%
b11 (
#309904270000
0!
0%
#309945935000
1!
1%
b100 (
#309987600000
0!
0%
#310029265000
1!
b00000010 #
1%
b00000010 '
b0 (
0)
#310070930000
0!
0%
#310112595000
1!
1%
b1 (
#310154260000
0!
0%
#310195925000
1!
1%
b10 (
#310237590000
0!
b00001010 #
0%
b00001010 '
1*
#310279255000
1!
1%
b11 (
#310320920000
0!
0%
#310362585000
1!
1%
b100 (
#310404250000
0!
0%
#310445915000
1!
b00001101 #
1%
b00001101 '
b0 (
1)
#310487580000
0!
0%
#310529245000
1!
1%
b1 (
#310570910000
0!
0%
#310612575000
1!
1%
b10 (
#310654240000
0!
b00000101 #
0%
b00000101 '
0*
#310695905000
1!
1%
b11 (
#310737570000
0!
0%
#310779235000
1!
1%
b100 (
#310820900000
0!
0%
#310862565000
1!
b00000010 #
1%
b00000010 '
b0 (
0)
#310904230000
0!
0%
#310945895000
1!
1%
b1 (
#310987560000
0!
0%
#311029225000
1!
1%
b10 (
#311070890000
0!
b00001010 #
0%
b00001010 '
1*
#311112555000
1!
1%
b11 (
#311154220000
0!
0%
#311195885000
1!
1%
b100 (
#311237550000
0!
0%
#311279215000
1!
b00001101 #
1%
b00001101 '
b0 (
1)
#311320880000
0!
0%
#311362545000
1!
1%
b1 (
#311404210000
0!
0%
#311445875000
1!
1%
b10 (
#311487540000
0!
b00000101 #
0%
b00000101 '
0*
#311529205000
1!
1%
b11 (
#311570870000
0!
0%
#311612535000
1!
1%
b100 (
#311654200000
0!
0%
#311695865000
1!
b00000010 #
1%
b00000010 '
b0 (
0)
#311737530000
0!
0%
#311779195000
1!
1%
b1 (
#311820860000
0!
0%
#311862525000
1!
1%
b10 (
#311904190000
0!
b00001010 #
0%
b00001010 '
1*
#311945855000
1!
1%
b11 (
#311987520000
0!
0%
#312029185000
1!
1%
b100 (
#312070850000
0!
0%
#312112515000
1!
b00001101 #
1%
b00001101 '
b0 (
1)
#312154180000
0!
0%
#312195845000
1!
1%
b1 (
#312237510000
0!
0%
#312279175000
1!
1%
b10 (
#312320840000
0!
b00000101 #
0%
b00000101 '
0*
#312362505000
1!
1%
b11 (
#312404170000
0!
0%
#312445835000
1!
1%
b100 (
#312487500000
0!
0%
#312529165000
1!
b00000010 #
1%
b00000010 '
b0 (
0)
#312570830000
0!
0%
#312612495000
1!
1%
b1 (
#312654160000
0!
0%
#312695825000
1!
1%
b10 (
#312737490000
0!
b00001010 #
0%
b00001010 '
1*
#312779155000
1!
1%
b11 (
#312820820000
0!
0%
#312862485000
1!
1%
b100 (
#312904150000
0!
0%
#312945815000
1!
b00001101 #
1%
b00001101 '
b0 (
1)
#312987480000
0!
0%
#313029145000
1!
1%
b1 (
#313070810000
0!
0%
#313112475000
1!
1%
b10 (
#313154140000
0!
b00000101 #
0%
b00000101 '
0*
#313195805000
1!
1%
b11 (
#313237470000
0!
0%
#313279135000
1!
1%
b100 (
#313320800000
0!
0%
#313362465000
1!
b00000010 #
1%
b00000010 '
b0 (
0)
#313404130000
0!
0%
#313445795000
1!
1%
b1 (
#313487460000
0!
0%
#313529125000
1!
1%
b10 (
#313570790000
0!
b00001010 #
0%
b00001010 '
1*
#313612455000
1!
1%
b11 (
#313654120000
0!
0%
#313695785000
1!
1%
b100 (
#313737450000
0!
0%
#313779115000
1!
b00001101 #
1%
b00001101 '
b0 (
1)
#313820780000
0!
0%
#313862445000
1!
1%
b1 (
#313904110000
0!
0%
#313945775000
1!
1%
b10 (
#313987440000
0!
b00000101 #
0%
b00000101 '
0*
#314029105000
1!
1%
b11 (
#314070770000
0!
0%
#314112435000
1!
1%
b100 (
#314154100000
0!
0%
#314195765000
1!
b00000010 #
1%
b00000010 '
b0 (
0)
#314237430000
0!
0%
#314279095000
1!
1%
b1 (
#314320760000
0!
0%
#314362425000
1!
1%
b10 (
#314404090000
0!
b00001010 #
0%
b00001010 '
1*
#314445755000
1!
1%
b11 (
#314487420000
0!
0%
#314529085000
1!
1%
b100 (
#314570750000
0!
0%
#314612415000
1!
b00001101 #
1%
b00001101 '
b0 (
1)
#314654080000
0!
0%
#314695745000
1!
1%
b1 (
#314737410000
0!
0%
#314779075000
1!
1%
b10 (
#314820740000
0!
b00000101 #
0%
b00000101 '
0*
#314862405000
1!
1%
b11 (
#314904070000
0!
0%
#314945735000
1!
1%
b100 (
#314987400000
0!
0%
#315029065000
1!
b00000010 #
1%
b00000010 '
b0 (
0)
#315070730000
0!
0%
#315112395000
1!
1%
b1 (
#315154060000
0!
0%
#315195725000
1!
1%
b10 (
#315237390000
0!
b00001010 #
0%
b00001010 '
1*
#315279055000
1!
1%
b11 (
#315320720000
0!
0%
#315362385000
1!
1%
b100 (
#315404050000
0!
0%
#315445715000
1!
b00001101 #
1%
b00001101 '
b0 (
1)
#315487380000
0!
0%
#315529045000
1!
1%
b1 (
#315570710000
0!
0%
#315612375000
1!
1%
b10 (
#315654040000
0!
b00000101 #
0%
b00000101 '
0*
#315695705000
1!
1%
b11 (
#315737370000
0!
0%
#315779035000
1!
1%
b100 (
#315820700000
0!
0%
#315862365000
1!
b00000010 #
1%
b00000010 '
b0 (
0)
#315904030000
0!
0%
#315945695000
1!
1%
b1 (
#315987360000
0!
0%
#316029025000
1!
1%
b10 (
#316070690000
0!
b00001010 #
0%
b00001010 '
1*
#316112355000
1!
1%
b11 (
#316154020000
0!
0%
#316195685000
1!
1%
b100 (
#316237350000
0!
0%
#316279015000
1!
b00001101 #
1%
b00001101 '
b0 (
1)
#316320680000
0!
0%
#316362345000
1!
1%
b1 (
#316404010000
0!
0%
#316445675000
1!
1%
b10 (
#316487340000
0!
b00000101 #
0%
b00000101 '
0*
#316529005000
1!
1%
b11 (
#316570670000
0!
0%
#316612335000
1!
1%
b100 (
#316654000000
0!
0%
#316695665000
1!
b00000010 #
1%
b00000010 '
b0 (
0)
#316737330000
0!
0%
#316778995000
1!
1%
b1 (
#316820660000
0!
0%
#316862325000
1!
1%
b10 (
#316903990000
0!
b00001010 #
0%
b00001010 '
1*
#316945655000
1!
1%
b11 (
#316987320000
0!
0%
#317028985000
1!
1%
b100 (
#317070650000
0!
0%
#317112315000
1!
b00001101 #
1%
b00001101 '
b0 (
1)
#317153980000
0!
0%
#317195645000
1!
1%
b1 (
#317237310000
0!
0%
#317278975000
1!
1%
b10 (
#317320640000
0!
b00000101 #
0%
b00000101 '
0*
#317362305000
1!
1%
b11 (
#317403970000
0!
0%
#317445635000
1!
1%
b100 (
#317487300000
0!
0%
#317528965000
1!
b00000010 #
1%
b00000010 '
b0 (
0)
#317570630000
0!
0%
#317612295000
1!
1%
b1 (
#317653960000
0!
0%
#317695625000
1!
1%
b10 (
#317737290000
0!
b00001010 #
0%
b00001010 '
1*
#317778955000
1!
1%
b11 (
#317820620000
0!
0%
#317862285000
1!
1%
b100 (
#317903950000
0!
0%
#317945615000
1!
b00001101 #
1%
b00001101 '
b0 (
1)
#317987280000
0!
0%
#318028945000
1!
1%
b1 (
#318070610000
0!
0%
#318112275000
1!
1%
b10 (
#318153940000
0!
b00000101 #
0%
b00000101 '
0*
#318195605000
1!
1%
b11 (
#318237270000
0!
0%
#318278935000
1!
1%
b100 (
#318320600000
0!
0%
#318362265000
1!
b00000010 #
1%
b00000010 '
b0 (
0)
#318403930000
0!
0%
#318445595000
1!
1%
b1 (
#318487260000
0!
0%
#318528925000
1!
1%
b10 (
#318570590000
0!
b00001010 #
0%
b00001010 '
1*
#318612255000
1!
1%
b11 (
#318653920000
0!
0%
#318695585000
1!
1%
b100 (
#318737250000
0!
0%
#318778915000
1!
b00001101 #
1%
b00001101 '
b0 (
1)
#318820580000
0!
0%
#318862245000
1!
1%
b1 (
#318903910000
0!
0%
#318945575000
1!
1%
b10 (
#318987240000
0!
b00000101 #
0%
b00000101 '
0*
#319028905000
1!
1%
b11 (
#319070570000
0!
0%
#319112235000
1!
1%
b100 (
#319153900000
0!
0%
#319195565000
1!
b00000010 #
1%
b00000010 '
b0 (
0)
#319237230000
0!
0%
#319278895000
1!
1%
b1 (
#319320560000
0!
0%
#319362225000
1!
1%
b10 (
#319403890000
0!
b00001010 #
0%
b00001010 '
1*
#319445555000
1!
1%
b11 (
#319487220000
0!
0%
#319528885000
1!
1%
b100 (
#319570550000
0!
0%
#319612215000
1!
b00001101 #
1%
b00001101 '
b0 (
1)
#319653880000
0!
0%
#319695545000
1!
1%
b1 (
#319737210000
0!
0%
#319778875000
1!
1%
b10 (
#319820540000
0!
b00000101 #
0%
b00000101 '
0*
#319862205000
1!
1%
b11 (
#319903870000
0!
0%
#319945535000
1!
1%
b100 (
#319987200000
0!
0%
#320028865000
1!
b00000010 #
1%
b00000010 '
b0 (
0)
#320070530000
0!
0%
#320112195000
1!
1%
b1 (
#320153860000
0!
0%
#320195525000
1!
1%
b10 (
#320237190000
0!
b00001010 #
0%
b00001010 '
1*
#320278855000
1!
1%
b11 (
#320320520000
0!
0%
#320362185000
1!
1%
b100 (
#320403850000
0!
0%
#320445515000
1!
b00001101 #
1%
b00001101 '
b0 (
1)
#320487180000
0!
0%
#320528845000
1!
1%
b1 (
#320570510000
0!
0%
#320612175000
1!
1%
b10 (
#320653840000
0!
b00000101 #
0%
b00000101 '
0*
#320695505000
1!
1%
b11 (
#320737170000
0!
0%
#320778835000
1!
1%
b100 (
#320820500000
0!
0%
#320862165000
1!
b00000010 #
1%
b00000010 '
b0 (
0)
#320903830000
0!
0%
#320945495000
1!
1%
b1 (
#320987160000
0!
0%
#321028825000
1!
1%
b10 (
#321070490000
0!
b00001010 #
0%
b00001010 '
1*
#321112155000
1!
1%
b11 (
#321153820000
0!
0%
#321195485000
1!
1%
b100 (
#321237150000
0!
0%
#321278815000
1!
b00001101 #
1%
b00001101 '
b0 (
1)
#321320480000
0!
0%
#321362145000
1!
1%
b1 (
#321403810000
0!
0%
#321445475000
1!
1%
b10 (
#321487140000
0!
b00000101 #
0%
b00000101 '
0*
#321528805000
1!
1%
b11 (
#321570470000
0!
0%
#321612135000
1!
1%
b100 (
#321653800000
0!
0%
#321695465000
1!
b00000010 #
1%
b00000010 '
b0 (
0)
#321737130000
0!
0%
#321778795000
1!
1%
b1 (
#321820460000
0!
0%
#321862125000
1!
1%
b10 (
#321903790000
0!
b00001010 #
0%
b00001010 '
1*
#321945455000
1!
1%
b11 (
#321987120000
0!
0%
#322028785000
1!
1%
b100 (
#322070450000
0!
0%
#322112115000
1!
b00001101 #
1%
b00001101 '
b0 (
1)
#322153780000
0!
0%
#322195445000
1!
1%
b1 (
#322237110000
0!
0%
#322278775000
1!
1%
b10 (
#322320440000
0!
b00000101 #
0%
b00000101 '
0*
#322362105000
1!
1%
b11 (
#322403770000
0!
0%
#322445435000
1!
1%
b100 (
#322487100000
0!
0%
#322528765000
1!
b00000010 #
1%
b00000010 '
b0 (
0)
#322570430000
0!
0%
#322612095000
1!
1%
b1 (
#322653760000
0!
0%
#322695425000
1!
1%
b10 (
#322737090000
0!
b00001010 #
0%
b00001010 '
1*
#322778755000
1!
1%
b11 (
#322820420000
0!
0%
#322862085000
1!
1%
b100 (
#322903750000
0!
0%
#322945415000
1!
b00001101 #
1%
b00001101 '
b0 (
1)
#322987080000
0!
0%
#323028745000
1!
1%
b1 (
#323070410000
0!
0%
#323112075000
1!
1%
b10 (
#323153740000
0!
b00000101 #
0%
b00000101 '
0*
#323195405000
1!
1%
b11 (
#323237070000
0!
0%
#323278735000
1!
1%
b100 (
#323320400000
0!
0%
#323362065000
1!
b00000010 #
1%
b00000010 '
b0 (
0)
#323403730000
0!
0%
#323445395000
1!
1%
b1 (
#323487060000
0!
0%
#323528725000
1!
1%
b10 (
#323570390000
0!
b00001010 #
0%
b00001010 '
1*
#323612055000
1!
1%
b11 (
#323653720000
0!
0%
#323695385000
1!
1%
b100 (
#323737050000
0!
0%
#323778715000
1!
b00001101 #
1%
b00001101 '
b0 (
1)
#323820380000
0!
0%
#323862045000
1!
1%
b1 (
#323903710000
0!
0%
#323945375000
1!
1%
b10 (
#323987040000
0!
b00000101 #
0%
b00000101 '
0*
#324028705000
1!
1%
b11 (
#324070370000
0!
0%
#324112035000
1!
1%
b100 (
#324153700000
0!
0%
#324195365000
1!
b00000010 #
1%
b00000010 '
b0 (
0)
#324237030000
0!
0%
#324278695000
1!
1%
b1 (
#324320360000
0!
0%
#324362025000
1!
1%
b10 (
#324403690000
0!
b00001010 #
0%
b00001010 '
1*
#324445355000
1!
1%
b11 (
#324487020000
0!
0%
#324528685000
1!
1%
b100 (
#324570350000
0!
0%
#324612015000
1!
b00001101 #
1%
b00001101 '
b0 (
1)
#324653680000
0!
0%
#324695345000
1!
1%
b1 (
#324737010000
0!
0%
#324778675000
1!
1%
b10 (
#324820340000
0!
b00000101 #
0%
b00000101 '
0*
#324862005000
1!
1%
b11 (
#324903670000
0!
0%
#324945335000
1!
1%
b100 (
#324987000000
0!
0%
#325028665000
1!
b00000010 #
1%
b00000010 '
b0 (
0)
#325070330000
0!
0%
#325111995000
1!
1%
b1 (
#325153660000
0!
0%
#325195325000
1!
1%
b10 (
#325236990000
0!
b00001010 #
0%
b00001010 '
1*
#325278655000
1!
1%
b11 (
#325320320000
0!
0%
#325361985000
1!
1%
b100 (
#325403650000
0!
0%
#325445315000
1!
b00001101 #
1%
b00001101 '
b0 (
1)
#325486980000
0!
0%
#325528645000
1!
1%
b1 (
#325570310000
0!
0%
#325611975000
1!
1%
b10 (
#325653640000
0!
b00000101 #
0%
b00000101 '
0*
#325695305000
1!
1%
b11 (
#325736970000
0!
0%
#325778635000
1!
1%
b100 (
#325820300000
0!
0%
#325861965000
1!
b00000010 #
1%
b00000010 '
b0 (
0)
#325903630000
0!
0%
#325945295000
1!
1%
b1 (
#325986960000
0!
0%
#326028625000
1!
1%
b10 (
#326070290000
0!
b00001010 #
0%
b00001010 '
1*
#326111955000
1!
1%
b11 (
#326153620000
0!
0%
#326195285000
1!
1%
b100 (
#326236950000
0!
0%
#326278615000
1!
b00001101 #
1%
b00001101 '
b0 (
1)
#326320280000
0!
0%
#326361945000
1!
1%
b1 (
#326403610000
0!
0%
#326445275000
1!
1%
b10 (
#326486940000
0!
b00000101 #
0%
b00000101 '
0*
#326528605000
1!
1%
b11 (
#326570270000
0!
0%
#326611935000
1!
1%
b100 (
#326653600000
0!
0%
#326695265000
1!
b00000010 #
1%
b00000010 '
b0 (
0)
#326736930000
0!
0%
#326778595000
1!
1%
b1 (
#326820260000
0!
0%
#326861925000
1!
1%
b10 (
#326903590000
0!
b00001010 #
0%
b00001010 '
1*
#326945255000
1!
1%
b11 (
#326986920000
0!
0%
#327028585000
1!
1%
b100 (
#327070250000
0!
0%
#327111915000
1!
b00001101 #
1%
b00001101 '
b0 (
1)
#327153580000
0!
0%
#327195245000
1!
1%
b1 (
#327236910000
0!
0%
#327278575000
1!
1%
b10 (
#327320240000
0!
b00000101 #
0%
b00000101 '
0*
#327361905000
1!
1%
b11 (
#327403570000
0!
0%
#327445235000
1!
1%
b100 (
#327486900000
0!
0%
#327528565000
1!
b00000010 #
1%
b00000010 '
b0 (
0)
#327570230000
0!
0%
#327611895000
1!
1%
b1 (
#327653560000
0!
0%
#327695225000
1!
1%
b10 (
#327736890000
0!
b00001010 #
0%
b00001010 '
1*
#327778555000
1!
1%
b11 (
#327820220000
0!
0%
#327861885000
1!
1%
b100 (
#327903550000
0!
0%
#327945215000
1!
b00001101 #
1%
b00001101 '
b0 (
1)
#327986880000
0!
0%
#328028545000
1!
1%
b1 (
#328070210000
0!
0%
#328111875000
1!
1%
b10 (
#328153540000
0!
b00000101 #
0%
b00000101 '
0*
#328195205000
1!
1%
b11 (
#328236870000
0!
0%
#328278535000
1!
1%
b100 (
#328320200000
0!
0%
#328361865000
1!
b00000010 #
1%
b00000010 '
b0 (
0)
#328403530000
0!
0%
#328445195000
1!
1%
b1 (
#328486860000
0!
0%
#328528525000
1!
1%
b10 (
#328570190000
0!
b00001010 #
0%
b00001010 '
1*
#328611855000
1!
1%
b11 (
#328653520000
0!
0%
#328695185000
1!
1%
b100 (
#328736850000
0!
0%
#328778515000
1!
b00001101 #
1%
b00001101 '
b0 (
1)
#328820180000
0!
0%
#328861845000
1!
1%
b1 (
#328903510000
0!
0%
#328945175000
1!
1%
b10 (
#328986840000
0!
b00000101 #
0%
b00000101 '
0*
#329028505000
1!
1%
b11 (
#329070170000
0!
0%
#329111835000
1!
1%
b100 (
#329153500000
0!
0%
#329195165000
1!
b00000010 #
1%
b00000010 '
b0 (
0)
#329236830000
0!
0%
#329278495000
1!
1%
b1 (
#329320160000
0!
0%
#329361825000
1!
1%
b10 (
#329403490000
0!
b00001010 #
0%
b00001010 '
1*
#329445155000
1!
1%
b11 (
#329486820000
0!
0%
#329528485000
1!
1%
b100 (
#329570150000
0!
0%
#329611815000
1!
b00001101 #
1%
b00001101 '
b0 (
1)
#329653480000
0!
0%
#329695145000
1!
1%
b1 (
#329736810000
0!
0%
#329778475000
1!
1%
b10 (
#329820140000
0!
b00000101 #
0%
b00000101 '
0*
#329861805000
1!
1%
b11 (
#329903470000
0!
0%
#329945135000
1!
1%
b100 (
#329986800000
0!
0%
#330028465000
1!
b00000010 #
1%
b00000010 '
b0 (
0)
#330070130000
0!
0%
#330111795000
1!
1%
b1 (
#330153460000
0!
0%
#330195125000
1!
1%
b10 (
#330236790000
0!
b00001010 #
0%
b00001010 '
1*
#330278455000
1!
1%
b11 (
#330320120000
0!
0%
#330361785000
1!
1%
b100 (
#330403450000
0!
0%
#330445115000
1!
b00001101 #
1%
b00001101 '
b0 (
1)
#330486780000
0!
0%
#330528445000
1!
1%
b1 (
#330570110000
0!
0%
#330611775000
1!
1%
b10 (
#330653440000
0!
b00000101 #
0%
b00000101 '
0*
#330695105000
1!
1%
b11 (
#330736770000
0!
0%
#330778435000
1!
1%
b100 (
#330820100000
0!
0%
#330861765000
1!
b00000010 #
1%
b00000010 '
b0 (
0)
#330903430000
0!
0%
#330945095000
1!
1%
b1 (
#330986760000
0!
0%
#331028425000
1!
1%
b10 (
#331070090000
0!
b00001010 #
0%
b00001010 '
1*
#331111755000
1!
1%
b11 (
#331153420000
0!
0%
#331195085000
1!
1%
b100 (
#331236750000
0!
0%
#331278415000
1!
b00001101 #
1%
b00001101 '
b0 (
1)
#331320080000
0!
0%
#331361745000
1!
1%
b1 (
#331403410000
0!
0%
#331445075000
1!
1%
b10 (
#331486740000
0!
b00000101 #
0%
b00000101 '
0*
#331528405000
1!
1%
b11 (
#331570070000
0!
0%
#331611735000
1!
1%
b100 (
#331653400000
0!
0%
#331695065000
1!
b00000010 #
1%
b00000010 '
b0 (
0)
#331736730000
0!
0%
#331778395000
1!
1%
b1 (
#331820060000
0!
0%
#331861725000
1!
1%
b10 (
#331903390000
0!
b00001010 #
0%
b00001010 '
1*
#331945055000
1!
1%
b11 (
#331986720000
0!
0%
#332028385000
1!
1%
b100 (
#332070050000
0!
0%
#332111715000
1!
b00001101 #
1%
b00001101 '
b0 (
1)
#332153380000
0!
0%
#332195045000
1!
1%
b1 (
#332236710000
0!
0%
#332278375000
1!
1%
b10 (
#332320040000
0!
b00000101 #
0%
b00000101 '
0*
#332361705000
1!
1%
b11 (
#332403370000
0!
0%
#332445035000
1!
1%
b100 (
#332486700000
0!
0%
#332528365000
1!
b00000010 #
1%
b00000010 '
b0 (
0)
#332570030000
0!
0%
#332611695000
1!
1%
b1 (
#332653360000
0!
0%
#332695025000
1!
1%
b10 (
#332736690000
0!
b00001010 #
0%
b00001010 '
1*
#332778355000
1!
1%
b11 (
#332820020000
0!
0%
#332861685000
1!
1%
b100 (
#332903350000
0!
0%
#332945015000
1!
b00001101 #
1%
b00001101 '
b0 (
1)
#332986680000
0!
0%
#333028345000
1!
1%
b1 (
#333070010000
0!
0%
#333111675000
1!
1%
b10 (
#333153340000
0!
b00000101 #
0%
b00000101 '
0*
#333195005000
1!
1%
b11 (
#333236670000
0!
0%
#333278335000
1!
1%
b100 (
#333320000000
0!
0%
#333361665000
1!
b00000010 #
1%
b00000010 '
b0 (
0)
#333403330000
0!
0%
#333444995000
1!
1%
b1 (
#333486660000
0!
0%
#333528325000
1!
1%
b10 (
#333569990000
0!
b00001010 #
0%
b00001010 '
1*
#333611655000
1!
1%
b11 (
#333653320000
0!
0%
#333694985000
1!
1%
b100 (
#333736650000
0!
0%
#333778315000
1!
b00001101 #
1%
b00001101 '
b0 (
1)
#333819980000
0!
0%
#333861645000
1!
1%
b1 (
#333903310000
0!
0%
#333944975000
1!
1%
b10 (
#333986640000
0!
b00000101 #
0%
b00000101 '
0*
#334028305000
1!
1%
b11 (
#334069970000
0!
0%
#334111635000
1!
1%
b100 (
#334153300000
0!
0%
#334194965000
1!
b00000010 #
1%
b00000010 '
b0 (
0)
#334236630000
0!
0%
#334278295000
1!
1%
b1 (
#334319960000
0!
0%
#334361625000
1!
1%
b10 (
#334403290000
0!
b00001010 #
0%
b00001010 '
1*
#334444955000
1!
1%
b11 (
#334486620000
0!
0%
#334528285000
1!
1%
b100 (
#334569950000
0!
0%
#334611615000
1!
b00001101 #
1%
b00001101 '
b0 (
1)
#334653280000
0!
0%
#334694945000
1!
1%
b1 (
#334736610000
0!
0%
#334778275000
1!
1%
b10 (
#334819940000
0!
b00000101 #
0%
b00000101 '
0*
#334861605000
1!
1%
b11 (
#334903270000
0!
0%
#334944935000
1!
1%
b100 (
#334986600000
0!
0%
#335028265000
1!
b00000010 #
1%
b00000010 '
b0 (
0)
#335069930000
0!
0%
#335111595000
1!
1%
b1 (
#335153260000
0!
0%
#335194925000
1!
1%
b10 (
#335236590000
0!
b00001010 #
0%
b00001010 '
1*
#335278255000
1!
1%
b11 (
#335319920000
0!
0%
#335361585000
1!
1%
b100 (
#335403250000
0!
0%
#335444915000
1!
b00001101 #
1%
b00001101 '
b0 (
1)
#335486580000
0!
0%
#335528245000
1!
1%
b1 (
#335569910000
0!
0%
#335611575000
1!
1%
b10 (
#335653240000
0!
b00000101 #
0%
b00000101 '
0*
#335694905000
1!
1%
b11 (
#335736570000
0!
0%
#335778235000
1!
1%
b100 (
#335819900000
0!
0%
#335861565000
1!
b00000010 #
1%
b00000010 '
b0 (
0)
#335903230000
0!
0%
#335944895000
1!
1%
b1 (
#335986560000
0!
0%
#336028225000
1!
1%
b10 (
#336069890000
0!
b00001010 #
0%
b00001010 '
1*
#336111555000
1!
1%
b11 (
#336153220000
0!
0%
#336194885000
1!
1%
b100 (
#336236550000
0!
0%
#336278215000
1!
b00001101 #
1%
b00001101 '
b0 (
1)
#336319880000
0!
0%
#336361545000
1!
1%
b1 (
#336403210000
0!
0%
#336444875000
1!
1%
b10 (
#336486540000
0!
b00000101 #
0%
b00000101 '
0*
#336528205000
1!
1%
b11 (
#336569870000
0!
0%
#336611535000
1!
1%
b100 (
#336653200000
0!
0%
#336694865000
1!
b00000010 #
1%
b00000010 '
b0 (
0)
#336736530000
0!
0%
#336778195000
1!
1%
b1 (
#336819860000
0!
0%
#336861525000
1!
1%
b10 (
#336903190000
0!
b00001010 #
0%
b00001010 '
1*
#336944855000
1!
1%
b11 (
#336986520000
0!
0%
#337028185000
1!
1%
b100 (
#337069850000
0!
0%
#337111515000
1!
b00001101 #
1%
b00001101 '
b0 (
1)
#337153180000
0!
0%
#337194845000
1!
1%
b1 (
#337236510000
0!
0%
#337278175000
1!
1%
b10 (
#337319840000
0!
b00000101 #
0%
b00000101 '
0*
#337361505000
1!
1%
b11 (
#337403170000
0!
0%
#337444835000
1!
1%
b100 (
#337486500000
0!
0%
#337528165000
1!
b00000010 #
1%
b00000010 '
b0 (
0)
#337569830000
0!
0%
#337611495000
1!
1%
b1 (
#337653160000
0!
0%
#337694825000
1!
1%
b10 (
#337736490000
0!
b00001010 #
0%
b00001010 '
1*
#337778155000
1!
1%
b11 (
#337819820000
0!
0%
#337861485000
1!
1%
b100 (
#337903150000
0!
0%
#337944815000
1!
b00001101 #
1%
b00001101 '
b0 (
1)
#337986480000
0!
0%
#338028145000
1!
1%
b1 (
#338069810000
0!
0%
#338111475000
1!
1%
b10 (
#338153140000
0!
b00000101 #
0%
b00000101 '
0*
#338194805000
1!
1%
b11 (
#338236470000
0!
0%
#338278135000
1!
1%
b100 (
#338319800000
0!
0%
#338361465000
1!
b00000010 #
1%
b00000010 '
b0 (
0)
#338403130000
0!
0%
#338444795000
1!
1%
b1 (
#338486460000
0!
0%
#338528125000
1!
1%
b10 (
#338569790000
0!
b00001010 #
0%
b00001010 '
1*
#338611455000
1!
1%
b11 (
#338653120000
0!
0%
#338694785000
1!
1%
b100 (
#338736450000
0!
0%
#338778115000
1!
b00001101 #
1%
b00001101 '
b0 (
1)
#338819780000
0!
0%
#338861445000
1!
1%
b1 (
#338903110000
0!
0%
#338944775000
1!
1%
b10 (
#338986440000
0!
b00000101 #
0%
b00000101 '
0*
#339028105000
1!
1%
b11 (
#339069770000
0!
0%
#339111435000
1!
1%
b100 (
#339153100000
0!
0%
#339194765000
1!
b00000010 #
1%
b00000010 '
b0 (
0)
#339236430000
0!
0%
#339278095000
1!
1%
b1 (
#339319760000
0!
0%
#339361425000
1!
1%
b10 (
#339403090000
0!
b00001010 #
0%
b00001010 '
1*
#339444755000
1!
1%
b11 (
#339486420000
0!
0%
#339528085000
1!
1%
b100 (
#339569750000
0!
0%
#339611415000
1!
b00001101 #
1%
b00001101 '
b0 (
1)
#339653080000
0!
0%
#339694745000
1!
1%
b1 (
#339736410000
0!
0%
#339778075000
1!
1%
b10 (
#339819740000
0!
b00000101 #
0%
b00000101 '
0*
#339861405000
1!
1%
b11 (
#339903070000
0!
0%
#339944735000
1!
1%
b100 (
#339986400000
0!
0%
#340028065000
1!
b00000010 #
1%
b00000010 '
b0 (
0)
#340069730000
0!
0%
#340111395000
1!
1%
b1 (
#340153060000
0!
0%
#340194725000
1!
1%
b10 (
#340236390000
0!
b00001010 #
0%
b00001010 '
1*
#340278055000
1!
1%
b11 (
#340319720000
0!
0%
#340361385000
1!
1%
b100 (
#340403050000
0!
0%
#340444715000
1!
b00001101 #
1%
b00001101 '
b0 (
1)
#340486380000
0!
0%
#340528045000
1!
1%
b1 (
#340569710000
0!
0%
#340611375000
1!
1%
b10 (
#340653040000
0!
b00000101 #
0%
b00000101 '
0*
#340694705000
1!
1%
b11 (
#340736370000
0!
0%
#340778035000
1!
1%
b100 (
#340819700000
0!
0%
#340861365000
1!
b00000010 #
1%
b00000010 '
b0 (
0)
#340903030000
0!
0%
#340944695000
1!
1%
b1 (
#340986360000
0!
0%
#341028025000
1!
1%
b10 (
#341069690000
0!
b00001010 #
0%
b00001010 '
1*
#341111355000
1!
1%
b11 (
#341153020000
0!
0%
#341194685000
1!
1%
b100 (
#341236350000
0!
0%
#341278015000
1!
b00001101 #
1%
b00001101 '
b0 (
1)
#341319680000
0!
0%
#341361345000
1!
1%
b1 (
#341403010000
0!
0%
#341444675000
1!
1%
b10 (
#341486340000
0!
b00000101 #
0%
b00000101 '
0*
#341528005000
1!
1%
b11 (
#341569670000
0!
0%
#341611335000
1!
1%
b100 (
#341653000000
0!
0%
#341694665000
1!
b00000010 #
1%
b00000010 '
b0 (
0)
#341736330000
0!
0%
#341777995000
1!
1%
b1 (
#341819660000
0!
0%
#341861325000
1!
1%
b10 (
#341902990000
0!
b00001010 #
0%
b00001010 '
1*
#341944655000
1!
1%
b11 (
#341986320000
0!
0%
#342027985000
1!
1%
b100 (
#342069650000
0!
0%
#342111315000
1!
b00001101 #
1%
b00001101 '
b0 (
1)
#342152980000
0!
0%
#342194645000
1!
1%
b1 (
#342236310000
0!
0%
#342277975000
1!
1%
b10 (
#342319640000
0!
b00000101 #
0%
b00000101 '
0*
#342361305000
1!
1%
b11 (
#342402970000
0!
0%
#342444635000
1!
1%
b100 (
#342486300000
0!
0%
#342527965000
1!
b00000010 #
1%
b00000010 '
b0 (
0)
#342569630000
0!
0%
#342611295000
1!
1%
b1 (
#342652960000
0!
0%
#342694625000
1!
1%
b10 (
#342736290000
0!
b00001010 #
0%
b00001010 '
1*
#342777955000
1!
1%
b11 (
#342819620000
0!
0%
#342861285000
1!
1%
b100 (
#342902950000
0!
0%
#342944615000
1!
b00001101 #
1%
b00001101 '
b0 (
1)
#342986280000
0!
0%
#343027945000
1!
1%
b1 (
#343069610000
0!
0%
#343111275000
1!
1%
b10 (
#343152940000
0!
b00000101 #
0%
b00000101 '
0*
#343194605000
1!
1%
b11 (
#343236270000
0!
0%
#343277935000
1!
1%
b100 (
#343319600000
0!
0%
#343361265000
1!
b00000010 #
1%
b00000010 '
b0 (
0)
#343402930000
0!
0%
#343444595000
1!
1%
b1 (
#343486260000
0!
0%
#343527925000
1!
1%
b10 (
#343569590000
0!
b00001010 #
0%
b00001010 '
1*
#343611255000
1!
1%
b11 (
#343652920000
0!
0%
#343694585000
1!
1%
b100 (
#343736250000
0!
0%
#343777915000
1!
b00001101 #
1%
b00001101 '
b0 (
1)
#343819580000
0!
0%
#343861245000
1!
1%
b1 (
#343902910000
0!
0%
#343944575000
1!
1%
b10 (
#343986240000
0!
b00000101 #
0%
b00000101 '
0*
#344027905000
1!
1%
b11 (
#344069570000
0!
0%
#344111235000
1!
1%
b100 (
#344152900000
0!
0%
#344194565000
1!
b00000010 #
1%
b00000010 '
b0 (
0)
#344236230000
0!
0%
#344277895000
1!
1%
b1 (
#344319560000
0!
0%
#344361225000
1!
1%
b10 (
#344402890000
0!
b00001010 #
0%
b00001010 '
1*
#344444555000
1!
1%
b11 (
#344486220000
0!
0%
#344527885000
1!
1%
b100 (
#344569550000
0!
0%
#344611215000
1!
b00001101 #
1%
b00001101 '
b0 (
1)
#344652880000
0!
0%
#344694545000
1!
1%
b1 (
#344736210000
0!
0%
#344777875000
1!
1%
b10 (
#344819540000
0!
b00000101 #
0%
b00000101 '
0*
#344861205000
1!
1%
b11 (
#344902870000
0!
0%
#344944535000
1!
1%
b100 (
#344986200000
0!
0%
#345027865000
1!
b00000010 #
1%
b00000010 '
b0 (
0)
#345069530000
0!
0%
#345111195000
1!
1%
b1 (
#345152860000
0!
0%
#345194525000
1!
1%
b10 (
#345236190000
0!
b00001010 #
0%
b00001010 '
1*
#345277855000
1!
1%
b11 (
#345319520000
0!
0%
#345361185000
1!
1%
b100 (
#345402850000
0!
0%
#345444515000
1!
b00001101 #
1%
b00001101 '
b0 (
1)
#345486180000
0!
0%
#345527845000
1!
1%
b1 (
#345569510000
0!
0%
#345611175000
1!
1%
b10 (
#345652840000
0!
b00000101 #
0%
b00000101 '
0*
#345694505000
1!
1%
b11 (
#345736170000
0!
0%
#345777835000
1!
1%
b100 (
#345819500000
0!
0%
#345861165000
1!
b00000010 #
1%
b00000010 '
b0 (
0)
#345902830000
0!
0%
#345944495000
1!
1%
b1 (
#345986160000
0!
0%
#346027825000
1!
1%
b10 (
#346069490000
0!
b00001010 #
0%
b00001010 '
1*
#346111155000
1!
1%
b11 (
#346152820000
0!
0%
#346194485000
1!
1%
b100 (
#346236150000
0!
0%
#346277815000
1!
b00001101 #
1%
b00001101 '
b0 (
1)
#346319480000
0!
0%
#346361145000
1!
1%
b1 (
#346402810000
0!
0%
#346444475000
1!
1%
b10 (
#346486140000
0!
b00000101 #
0%
b00000101 '
0*
#346527805000
1!
1%
b11 (
#346569470000
0!
0%
#346611135000
1!
1%
b100 (
#346652800000
0!
0%
#346694465000
1!
b00000010 #
1%
b00000010 '
b0 (
0)
#346736130000
0!
0%
#346777795000
1!
1%
b1 (
#346819460000
0!
0%
#346861125000
1!
1%
b10 (
#346902790000
0!
b00001010 #
0%
b00001010 '
1*
#346944455000
1!
1%
b11 (
#346986120000
0!
0%
#347027785000
1!
1%
b100 (
#347069450000
0!
0%
#347111115000
1!
b00001101 #
1%
b00001101 '
b0 (
1)
#347152780000
0!
0%
#347194445000
1!
1%
b1 (
#347236110000
0!
0%
#347277775000
1!
1%
b10 (
#347319440000
0!
b00000101 #
0%
b00000101 '
0*
#347361105000
1!
1%
b11 (
#347402770000
0!
0%
#347444435000
1!
1%
b100 (
#347486100000
0!
0%
#347527765000
1!
b00000010 #
1%
b00000010 '
b0 (
0)
#347569430000
0!
0%
#347611095000
1!
1%
b1 (
#347652760000
0!
0%
#347694425000
1!
1%
b10 (
#347736090000
0!
b00001010 #
0%
b00001010 '
1*
#347777755000
1!
1%
b11 (
#347819420000
0!
0%
#347861085000
1!
1%
b100 (
#347902750000
0!
0%
#347944415000
1!
b00001101 #
1%
b00001101 '
b0 (
1)
#347986080000
0!
0%
#348027745000
1!
1%
b1 (
#348069410000
0!
0%
#348111075000
1!
1%
b10 (
#348152740000
0!
b00000101 #
0%
b00000101 '
0*
#348194405000
1!
1%
b11 (
#348236070000
0!
0%
#348277735000
1!
1%
b100 (
#348319400000
0!
0%
#348361065000
1!
b00000010 #
1%
b00000010 '
b0 (
0)
#348402730000
0!
0%
#348444395000
1!
1%
b1 (
#348486060000
0!
0%
#348527725000
1!
1%
b10 (
#348569390000
0!
b00001010 #
0%
b00001010 '
1*
#348611055000
1!
1%
b11 (
#348652720000
0!
0%
#348694385000
1!
1%
b100 (
#348736050000
0!
0%
#348777715000
1!
b00001101 #
1%
b00001101 '
b0 (
1)
#348819380000
0!
0%
#348861045000
1!
1%
b1 (
#348902710000
0!
0%
#348944375000
1!
1%
b10 (
#348986040000
0!
b00000101 #
0%
b00000101 '
0*
#349027705000
1!
1%
b11 (
#349069370000
0!
0%
#349111035000
1!
1%
b100 (
#349152700000
0!
0%
#349194365000
1!
b00000010 #
1%
b00000010 '
b0 (
0)
#349236030000
0!
0%
#349277695000
1!
1%
b1 (
#349319360000
0!
0%
#349361025000
1!
1%
b10 (
#349402690000
0!
b00001010 #
0%
b00001010 '
1*
#349444355000
1!
1%
b11 (
#349486020000
0!
0%
#349527685000
1!
1%
b100 (
#349569350000
0!
0%
#349611015000
1!
b00001101 #
1%
b00001101 '
b0 (
1)
#349652680000
0!
0%
#349694345000
1!
1%
b1 (
#349736010000
0!
0%
#349777675000
1!
1%
b10 (
#349819340000
0!
b00000101 #
0%
b00000101 '
0*
#349861005000
1!
1%
b11 (
#349902670000
0!
0%
#349944335000
1!
1%
b100 (
#349986000000
0!
0%
#350027665000
1!
b00000010 #
1%
b00000010 '
b0 (
0)
#350069330000
0!
0%
#350110995000
1!
1%
b1 (
#350152660000
0!
0%
#350194325000
1!
1%
b10 (
#350235990000
0!
b00001010 #
0%
b00001010 '
1*
#350277655000
1!
1%
b11 (
#350319320000
0!
0%
#350360985000
1!
1%
b100 (
#350402650000
0!
0%
#350444315000
1!
b00001101 #
1%
b00001101 '
b0 (
1)
#350485980000
0!
0%
#350527645000
1!
1%
b1 (
#350569310000
0!
0%
#350610975000
1!
1%
b10 (
#350652640000
0!
b00000101 #
0%
b00000101 '
0*
#350694305000
1!
1%
b11 (
#350735970000
0!
0%
#350777635000
1!
1%
b100 (
#350819300000
0!
0%
#350860965000
1!
b00000010 #
1%
b00000010 '
b0 (
0)
#350902630000
0!
0%
#350944295000
1!
1%
b1 (
#350985960000
0!
0%
#351027625000
1!
1%
b10 (
#351069290000
0!
b00001010 #
0%
b00001010 '
1*
#351110955000
1!
1%
b11 (
#351152620000
0!
0%
#351194285000
1!
1%
b100 (
#351235950000
0!
0%
#351277615000
1!
b00001101 #
1%
b00001101 '
b0 (
1)
#351319280000
0!
0%
#351360945000
1!
1%
b1 (
#351402610000
0!
0%
#351444275000
1!
1%
b10 (
#351485940000
0!
b00000101 #
0%
b00000101 '
0*
#351527605000
1!
1%
b11 (
#351569270000
0!
0%
#351610935000
1!
1%
b100 (
#351652600000
0!
0%
#351694265000
1!
b00000010 #
1%
b00000010 '
b0 (
0)
#351735930000
0!
0%
#351777595000
1!
1%
b1 (
#351819260000
0!
0%
#351860925000
1!
1%
b10 (
#351902590000
0!
b00001010 #
0%
b00001010 '
1*
#351944255000
1!
1%
b11 (
#351985920000
0!
0%
#352027585000
1!
1%
b100 (
#352069250000
0!
0%
#352110915000
1!
b00001101 #
1%
b00001101 '
b0 (
1)
#352152580000
0!
0%
#352194245000
1!
1%
b1 (
#352235910000
0!
0%
#352277575000
1!
1%
b10 (
#352319240000
0!
b00000101 #
0%
b00000101 '
0*
#352360905000
1!
1%
b11 (
#352402570000
0!
0%
#352444235000
1!
1%
b100 (
#352485900000
0!
0%
#352527565000
1!
b00000010 #
1%
b00000010 '
b0 (
0)
#352569230000
0!
0%
#352610895000
1!
1%
b1 (
#352652560000
0!
0%
#352694225000
1!
1%
b10 (
#352735890000
0!
b00001010 #
0%
b00001010 '
1*
#352777555000
1!
1%
b11 (
#352819220000
0!
0%
#352860885000
1!
1%
b100 (
#352902550000
0!
0%
#352944215000
1!
b00001101 #
1%
b00001101 '
b0 (
1)
#352985880000
0!
0%
#353027545000
1!
1%
b1 (
#353069210000
0!
0%
#353110875000
1!
1%
b10 (
#353152540000
0!
b00000101 #
0%
b00000101 '
0*
#353194205000
1!
1%
b11 (
#353235870000
0!
0%
#353277535000
1!
1%
b100 (
#353319200000
0!
0%
#353360865000
1!
b00000010 #
1%
b00000010 '
b0 (
0)
#353402530000
0!
0%
#353444195000
1!
1%
b1 (
#353485860000
0!
0%
#353527525000
1!
1%
b10 (
#353569190000
0!
b00001010 #
0%
b00001010 '
1*
#353610855000
1!
1%
b11 (
#353652520000
0!
0%
#353694185000
1!
1%
b100 (
#353735850000
0!
0%
#353777515000
1!
b00001101 #
1%
b00001101 '
b0 (
1)
#353819180000
0!
0%
#353860845000
1!
1%
b1 (
#353902510000
0!
0%
#353944175000
1!
1%
b10 (
#353985840000
0!
b00000101 #
0%
b00000101 '
0*
#354027505000
1!
1%
b11 (
#354069170000
0!
0%
#354110835000
1!
1%
b100 (
#354152500000
0!
0%
#354194165000
1!
b00000010 #
1%
b00000010 '
b0 (
0)
#354235830000
0!
0%
#354277495000
1!
1%
b1 (
#354319160000
0!
0%
#354360825000
1!
1%
b10 (
#354402490000
0!
b00001010 #
0%
b00001010 '
1*
#354444155000
1!
1%
b11 (
#354485820000
0!
0%
#354527485000
1!
1%
b100 (
#354569150000
0!
0%
#354610815000
1!
b00001101 #
1%
b00001101 '
b0 (
1)
#354652480000
0!
0%
#354694145000
1!
1%
b1 (
#354735810000
0!
0%
#354777475000
1!
1%
b10 (
#354819140000
0!
b00000101 #
0%
b00000101 '
0*
#354860805000
1!
1%
b11 (
#354902470000
0!
0%
#354944135000
1!
1%
b100 (
#354985800000
0!
0%
#355027465000
1!
b00000010 #
1%
b00000010 '
b0 (
0)
#355069130000
0!
0%
#355110795000
1!
1%
b1 (
#355152460000
0!
0%
#355194125000
1!
1%
b10 (
#355235790000
0!
b00001010 #
0%
b00001010 '
1*
#355277455000
1!
1%
b11 (
#355319120000
0!
0%
#355360785000
1!
1%
b100 (
#355402450000
0!
0%
#355444115000
1!
b00001101 #
1%
b00001101 '
b0 (
1)
#355485780000
0!
0%
#355527445000
1!
1%
b1 (
#355569110000
0!
0%
#355610775000
1!
1%
b10 (
#355652440000
0!
b00000101 #
0%
b00000101 '
0*
#355694105000
1!
1%
b11 (
#355735770000
0!
0%
#355777435000
1!
1%
b100 (
#355819100000
0!
0%
#355860765000
1!
b00000010 #
1%
b00000010 '
b0 (
0)
#355902430000
0!
0%
#355944095000
1!
1%
b1 (
#355985760000
0!
0%
#356027425000
1!
1%
b10 (
#356069090000
0!
b00001010 #
0%
b00001010 '
1*
#356110755000
1!
1%
b11 (
#356152420000
0!
0%
#356194085000
1!
1%
b100 (
#356235750000
0!
0%
#356277415000
1!
b00001101 #
1%
b00001101 '
b0 (
1)
#356319080000
0!
0%
#356360745000
1!
1%
b1 (
#356402410000
0!
0%
#356444075000
1!
1%
b10 (
#356485740000
0!
b00000101 #
0%
b00000101 '
0*
#356527405000
1!
1%
b11 (
#356569070000
0!
0%
#356610735000
1!
1%
b100 (
#356652400000
0!
0%
#356694065000
1!
b00000010 #
1%
b00000010 '
b0 (
0)
#356735730000
0!
0%
#356777395000
1!
1%
b1 (
#356819060000
0!
0%
#356860725000
1!
1%
b10 (
#356902390000
0!
b00001010 #
0%
b00001010 '
1*
#356944055000
1!
1%
b11 (
#356985720000
0!
0%
#357027385000
1!
1%
b100 (
#357069050000
0!
0%
#357110715000
1!
b00001101 #
1%
b00001101 '
b0 (
1)
#357152380000
0!
0%
#357194045000
1!
1%
b1 (
#357235710000
0!
0%
#357277375000
1!
1%
b10 (
#357319040000
0!
b00000101 #
0%
b00000101 '
0*
#357360705000
1!
1%
b11 (
#357402370000
0!
0%
#357444035000
1!
1%
b100 (
#357485700000
0!
0%
#357527365000
1!
b00000010 #
1%
b00000010 '
b0 (
0)
#357569030000
0!
0%
#357610695000
1!
1%
b1 (
#357652360000
0!
0%
#357694025000
1!
1%
b10 (
#357735690000
0!
b00001010 #
0%
b00001010 '
1*
#357777355000
1!
1%
b11 (
#357819020000
0!
0%
#357860685000
1!
1%
b100 (
#357902350000
0!
0%
#357944015000
1!
b00001101 #
1%
b00001101 '
b0 (
1)
#357985680000
0!
0%
#358027345000
1!
1%
b1 (
#358069010000
0!
0%
#358110675000
1!
1%
b10 (
#358152340000
0!
b00000101 #
0%
b00000101 '
0*
#358194005000
1!
1%
b11 (
#358235670000
0!
0%
#358277335000
1!
1%
b100 (
#358319000000
0!
0%
#358360665000
1!
b00000010 #
1%
b00000010 '
b0 (
0)
#358402330000
0!
0%
#358443995000
1!
1%
b1 (
#358485660000
0!
0%
#358527325000
1!
1%
b10 (
#358568990000
0!
b00001010 #
0%
b00001010 '
1*
#358610655000
1!
1%
b11 (
#358652320000
0!
0%
#358693985000
1!
1%
b100 (
#358735650000
0!
0%
#358777315000
1!
b00001101 #
1%
b00001101 '
b0 (
1)
#358818980000
0!
0%
#358860645000
1!
1%
b1 (
#358902310000
0!
0%
#358943975000
1!
1%
b10 (
#358985640000
0!
b00000101 #
0%
b00000101 '
0*
#359027305000
1!
1%
b11 (
#359068970000
0!
0%
#359110635000
1!
1%
b100 (
#359152300000
0!
0%
#359193965000
1!
b00000010 #
1%
b00000010 '
b0 (
0)
#359235630000
0!
0%
#359277295000
1!
1%
b1 (
#359318960000
0!
0%
#359360625000
1!
1%
b10 (
#359402290000
0!
b00001010 #
0%
b00001010 '
1*
#359443955000
1!
1%
b11 (
#359485620000
0!
0%
#359527285000
1!
1%
b100 (
#359568950000
0!
0%
#359610615000
1!
b00001101 #
1%
b00001101 '
b0 (
1)
#359652280000
0!
0%
#359693945000
1!
1%
b1 (
#359735610000
0!
0%
#359777275000
1!
1%
b10 (
#359818940000
0!
b00000101 #
0%
b00000101 '
0*
#359860605000
1!
1%
b11 (
#359902270000
0!
0%
#359943935000
1!
1%
b100 (
#359985600000
0!
0%
#360027265000
1!
b00000010 #
1%
b00000010 '
b0 (
0)
#360068930000
0!
0%
#360110595000
1!
1%
b1 (
#360152260000
0!
0%
#360193925000
1!
1%
b10 (
#360235590000
0!
b00001010 #
0%
b00001010 '
1*
#360277255000
1!
1%
b11 (
#360318920000
0!
0%
#360360585000
1!
1%
b100 (
#360402250000
0!
0%
#360443915000
1!
b00001101 #
1%
b00001101 '
b0 (
1)
#360485580000
0!
0%
#360527245000
1!
1%
b1 (
#360568910000
0!
0%
#360610575000
1!
1%
b10 (
#360652240000
0!
b00000101 #
0%
b00000101 '
0*
#360693905000
1!
1%
b11 (
#360735570000
0!
0%
#360777235000
1!
1%
b100 (
#360818900000
0!
0%
#360860565000
1!
b00000010 #
1%
b00000010 '
b0 (
0)
#360902230000
0!
0%
#360943895000
1!
1%
b1 (
#360985560000
0!
0%
#361027225000
1!
1%
b10 (
#361068890000
0!
b00001010 #
0%
b00001010 '
1*
#361110555000
1!
1%
b11 (
#361152220000
0!
0%
#361193885000
1!
1%
b100 (
#361235550000
0!
0%
#361277215000
1!
b00001101 #
1%
b00001101 '
b0 (
1)
#361318880000
0!
0%
#361360545000
1!
1%
b1 (
#361402210000
0!
0%
#361443875000
1!
1%
b10 (
#361485540000
0!
b00000101 #
0%
b00000101 '
0*
#361527205000
1!
1%
b11 (
#361568870000
0!
0%
#361610535000
1!
1%
b100 (
#361652200000
0!
0%
#361693865000
1!
b00000010 #
1%
b00000010 '
b0 (
0)
#361735530000
0!
0%
#361777195000
1!
1%
b1 (
#361818860000
0!
0%
#361860525000
1!
1%
b10 (
#361902190000
0!
b00001010 #
0%
b00001010 '
1*
#361943855000
1!
1%
b11 (
#361985520000
0!
0%
#362027185000
1!
1%
b100 (
#362068850000
0!
0%
#362110515000
1!
b00001101 #
1%
b00001101 '
b0 (
1)
#362152180000
0!
0%
#362193845000
1!
1%
b1 (
#362235510000
0!
0%
#362277175000
1!
1%
b10 (
#362318840000
0!
b00000101 #
0%
b00000101 '
0*
#362360505000
1!
1%
b11 (
#362402170000
0!
0%
#362443835000
1!
1%
b100 (
#362485500000
0!
0%
#362527165000
1!
b00000010 #
1%
b00000010 '
b0 (
0)
#362568830000
0!
0%
#362610495000
1!
1%
b1 (
#362652160000
0!
0%
#362693825000
1!
1%
b10 (
#362735490000
0!
b00001010 #
0%
b00001010 '
1*
#362777155000
1!
1%
b11 (
#362818820000
0!
0%
#362860485000
1!
1%
b100 (
#362902150000
0!
0%
#362943815000
1!
b00001101 #
1%
b00001101 '
b0 (
1)
#362985480000
0!
0%
#363027145000
1!
1%
b1 (
#363068810000
0!
0%
#363110475000
1!
1%
b10 (
#363152140000
0!
b00000101 #
0%
b00000101 '
0*
#363193805000
1!
1%
b11 (
#363235470000
0!
0%
#363277135000
1!
1%
b100 (
#363318800000
0!
0%
#363360465000
1!
b00000010 #
1%
b00000010 '
b0 (
0)
#363402130000
0!
0%
#363443795000
1!
1%
b1 (
#363485460000
0!
0%
#363527125000
1!
1%
b10 (
#363568790000
0!
b00001010 #
0%
b00001010 '
1*
#363610455000
1!
1%
b11 (
#363652120000
0!
0%
#363693785000
1!
1%
b100 (
#363735450000
0!
0%
#363777115000
1!
b00001101 #
1%
b00001101 '
b0 (
1)
#363818780000
0!
0%
#363860445000
1!
1%
b1 (
#363902110000
0!
0%
#363943775000
1!
1%
b10 (
#363985440000
0!
b00000101 #
0%
b00000101 '
0*
#364027105000
1!
1%
b11 (
#364068770000
0!
0%
#364110435000
1!
1%
b100 (
#364152100000
0!
0%
#364193765000
1!
b00000010 #
1%
b00000010 '
b0 (
0)
#364235430000
0!
0%
#364277095000
1!
1%
b1 (
#364318760000
0!
0%
#364360425000
1!
1%
b10 (
#364402090000
0!
b00001010 #
0%
b00001010 '
1*
#364443755000
1!
1%
b11 (
#364485420000
0!
0%
#364527085000
1!
1%
b100 (
#364568750000
0!
0%
#364610415000
1!
b00001101 #
1%
b00001101 '
b0 (
1)
#364652080000
0!
0%
#364693745000
1!
1%
b1 (
#364735410000
0!
0%
#364777075000
1!
1%
b10 (
#364818740000
0!
b00000101 #
0%
b00000101 '
0*
#364860405000
1!
1%
b11 (
#364902070000
0!
0%
#364943735000
1!
1%
b100 (
#364985400000
0!
0%
#365027065000
1!
b00000010 #
1%
b00000010 '
b0 (
0)
#365068730000
0!
0%
#365110395000
1!
1%
b1 (
#365152060000
0!
0%
#365193725000
1!
1%
b10 (
#365235390000
0!
b00001010 #
0%
b00001010 '
1*
#365277055000
1!
1%
b11 (
#365318720000
0!
0%
#365360385000
1!
1%
b100 (
#365402050000
0!
0%
#365443715000
1!
b00001101 #
1%
b00001101 '
b0 (
1)
#365485380000
0!
0%
#365527045000
1!
1%
b1 (
#365568710000
0!
0%
#365610375000
1!
1%
b10 (
#365652040000
0!
b00000101 #
0%
b00000101 '
0*
#365693705000
1!
1%
b11 (
#365735370000
0!
0%
#365777035000
1!
1%
b100 (
#365818700000
0!
0%
#365860365000
1!
b00000010 #
1%
b00000010 '
b0 (
0)
#365902030000
0!
0%
#365943695000
1!
1%
b1 (
#365985360000
0!
0%
#366027025000
1!
1%
b10 (
#366068690000
0!
b00001010 #
0%
b00001010 '
1*
#366110355000
1!
1%
b11 (
#366152020000
0!
0%
#366193685000
1!
1%
b100 (
#366235350000
0!
0%
#366277015000
1!
b00001101 #
1%
b00001101 '
b0 (
1)
#366318680000
0!
0%
#366360345000
1!
1%
b1 (
#366402010000
0!
0%
#366443675000
1!
1%
b10 (
#366485340000
0!
b00000101 #
0%
b00000101 '
0*
#366527005000
1!
1%
b11 (
#366568670000
0!
0%
#366610335000
1!
1%
b100 (
#366652000000
0!
0%
#366693665000
1!
b00000010 #
1%
b00000010 '
b0 (
0)
#366735330000
0!
0%
#366776995000
1!
1%
b1 (
#366818660000
0!
0%
#366860325000
1!
1%
b10 (
#366901990000
0!
b00001010 #
0%
b00001010 '
1*
#366943655000
1!
1%
b11 (
#366985320000
0!
0%
#367026985000
1!
1%
b100 (
#367068650000
0!
0%
#367110315000
1!
b00001101 #
1%
b00001101 '
b0 (
1)
#367151980000
0!
0%
#367193645000
1!
1%
b1 (
#367235310000
0!
0%
#367276975000
1!
1%
b10 (
#367318640000
0!
b00000101 #
0%
b00000101 '
0*
#367360305000
1!
1%
b11 (
#367401970000
0!
0%
#367443635000
1!
1%
b100 (
#367485300000
0!
0%
#367526965000
1!
b00000010 #
1%
b00000010 '
b0 (
0)
#367568630000
0!
0%
#367610295000
1!
1%
b1 (
#367651960000
0!
0%
#367693625000
1!
1%
b10 (
#367735290000
0!
b00001010 #
0%
b00001010 '
1*
#367776955000
1!
1%
b11 (
#367818620000
0!
0%
#367860285000
1!
1%
b100 (
#367901950000
0!
0%
#367943615000
1!
b00001101 #
1%
b00001101 '
b0 (
1)
#367985280000
0!
0%
#368026945000
1!
1%
b1 (
#368068610000
0!
0%
#368110275000
1!
1%
b10 (
#368151940000
0!
b00000101 #
0%
b00000101 '
0*
#368193605000
1!
1%
b11 (
#368235270000
0!
0%
#368276935000
1!
1%
b100 (
#368318600000
0!
0%
#368360265000
1!
b00000010 #
1%
b00000010 '
b0 (
0)
#368401930000
0!
0%
#368443595000
1!
1%
b1 (
#368485260000
0!
0%
#368526925000
1!
1%
b10 (
#368568590000
0!
b00001010 #
0%
b00001010 '
1*
#368610255000
1!
1%
b11 (
#368651920000
0!
0%
#368693585000
1!
1%
b100 (
#368735250000
0!
0%
#368776915000
1!
b00001101 #
1%
b00001101 '
b0 (
1)
#368818580000
0!
0%
#368860245000
1!
1%
b1 (
#368901910000
0!
0%
#368943575000
1!
1%
b10 (
#368985240000
0!
b00000101 #
0%
b00000101 '
0*
#369026905000
1!
1%
b11 (
#369068570000
0!
0%
#369110235000
1!
1%
b100 (
#369151900000
0!
0%
#369193565000
1!
b00000010 #
1%
b00000010 '
b0 (
0)
#369235230000
0!
0%
#369276895000
1!
1%
b1 (
#369318560000
0!
0%
#369360225000
1!
1%
b10 (
#369401890000
0!
b00001010 #
0%
b00001010 '
1*
#369443555000
1!
1%
b11 (
#369485220000
0!
0%
#369526885000
1!
1%
b100 (
#369568550000
0!
0%
#369610215000
1!
b00001101 #
1%
b00001101 '
b0 (
1)
#369651880000
0!
0%
#369693545000
1!
1%
b1 (
#369735210000
0!
0%
#369776875000
1!
1%
b10 (
#369818540000
0!
b00000101 #
0%
b00000101 '
0*
#369860205000
1!
1%
b11 (
#369901870000
0!
0%
#369943535000
1!
1%
b100 (
#369985200000
0!
0%
#370026865000
1!
b00000010 #
1%
b00000010 '
b0 (
0)
#370068530000
0!
0%
#370110195000
1!
1%
b1 (
#370151860000
0!
0%
#370193525000
1!
1%
b10 (
#370235190000
0!
b00001010 #
0%
b00001010 '
1*
#370276855000
1!
1%
b11 (
#370318520000
0!
0%
#370360185000
1!
1%
b100 (
#370401850000
0!
0%
#370443515000
1!
b00001101 #
1%
b00001101 '
b0 (
1)
#370485180000
0!
0%
#370526845000
1!
1%
b1 (
#370568510000
0!
0%
#370610175000
1!
1%
b10 (
#370651840000
0!
b00000101 #
0%
b00000101 '
0*
#370693505000
1!
1%
b11 (
#370735170000
0!
0%
#370776835000
1!
1%
b100 (
#370818500000
0!
0%
#370860165000
1!
b00000010 #
1%
b00000010 '
b0 (
0)
#370901830000
0!
0%
#370943495000
1!
1%
b1 (
#370985160000
0!
0%
#371026825000
1!
1%
b10 (
#371068490000
0!
b00001010 #
0%
b00001010 '
1*
#371110155000
1!
1%
b11 (
#371151820000
0!
0%
#371193485000
1!
1%
b100 (
#371235150000
0!
0%
#371276815000
1!
b00001101 #
1%
b00001101 '
b0 (
1)
#371318480000
0!
0%
#371360145000
1!
1%
b1 (
#371401810000
0!
0%
#371443475000
1!
1%
b10 (
#371485140000
0!
b00000101 #
0%
b00000101 '
0*
#371526805000
1!
1%
b11 (
#371568470000
0!
0%
#371610135000
1!
1%
b100 (
#371651800000
0!
0%
#371693465000
1!
b00000010 #
1%
b00000010 '
b0 (
0)
#371735130000
0!
0%
#371776795000
1!
1%
b1 (
#371818460000
0!
0%
#371860125000
1!
1%
b10 (
#371901790000
0!
b00001010 #
0%
b00001010 '
1*
#371943455000
1!
1%
b11 (
#371985120000
0!
0%
#372026785000
1!
1%
b100 (
#372068450000
0!
0%
#372110115000
1!
b00001101 #
1%
b00001101 '
b0 (
1)
#372151780000
0!
0%
#372193445000
1!
1%
b1 (
#372235110000
0!
0%
#372276775000
1!
1%
b10 (
#372318440000
0!
b00000101 #
0%
b00000101 '
0*
#372360105000
1!
1%
b11 (
#372401770000
0!
0%
#372443435000
1!
1%
b100 (
#372485100000
0!
0%
#372526765000
1!
b00000010 #
1%
b00000010 '
b0 (
0)
#372568430000
0!
0%
#372610095000
1!
1%
b1 (
#372651760000
0!
0%
#372693425000
1!
1%
b10 (
#372735090000
0!
b00001010 #
0%
b00001010 '
1*
#372776755000
1!
1%
b11 (
#372818420000
0!
0%
#372860085000
1!
1%
b100 (
#372901750000
0!
0%
#372943415000
1!
b00001101 #
1%
b00001101 '
b0 (
1)
#372985080000
0!
0%
#373026745000
1!
1%
b1 (
#373068410000
0!
0%
#373110075000
1!
1%
b10 (
#373151740000
0!
b00000101 #
0%
b00000101 '
0*
#373193405000
1!
1%
b11 (
#373235070000
0!
0%
#373276735000
1!
1%
b100 (
#373318400000
0!
0%
#373360065000
1!
b00000010 #
1%
b00000010 '
b0 (
0)
#373401730000
0!
0%
#373443395000
1!
1%
b1 (
#373485060000
0!
0%
#373526725000
1!
1%
b10 (
#373568390000
0!
b00001010 #
0%
b00001010 '
1*
#373610055000
1!
1%
b11 (
#373651720000
0!
0%
#373693385000
1!
1%
b100 (
#373735050000
0!
0%
#373776715000
1!
b00001101 #
1%
b00001101 '
b0 (
1)
#373818380000
0!
0%
#373860045000
1!
1%
b1 (
#373901710000
0!
0%
#373943375000
1!
1%
b10 (
#373985040000
0!
b00000101 #
0%
b00000101 '
0*
#374026705000
1!
1%
b11 (
#374068370000
0!
0%
#374110035000
1!
1%
b100 (
#374151700000
0!
0%
#374193365000
1!
b00000010 #
1%
b00000010 '
b0 (
0)
#374235030000
0!
0%
#374276695000
1!
1%
b1 (
#374318360000
0!
0%
#374360025000
1!
1%
b10 (
#374401690000
0!
b00001010 #
0%
b00001010 '
1*
#374443355000
1!
1%
b11 (
#374485020000
0!
0%
#374526685000
1!
1%
b100 (
#374568350000
0!
0%
#374610015000
1!
b00001101 #
1%
b00001101 '
b0 (
1)
#374651680000
0!
0%
#374693345000
1!
1%
b1 (
#374735010000
0!
0%
#374776675000
1!
1%
b10 (
#374818340000
0!
b00000101 #
0%
b00000101 '
0*
#374860005000
1!
1%
b11 (
#374901670000
0!
0%
#374943335000
1!
1%
b100 (
#374985000000
0!
0%
#375026665000
1!
b00000010 #
1%
b00000010 '
b0 (
0)
#375068330000
0!
0%
#375109995000
1!
1%
b1 (
#375151660000
0!
0%
#375193325000
1!
1%
b10 (
#375234990000
0!
b00001010 #
0%
b00001010 '
1*
#375276655000
1!
1%
b11 (
#375318320000
0!
0%
#375359985000
1!
1%
b100 (
#375401650000
0!
0%
#375443315000
1!
b00001101 #
1%
b00001101 '
b0 (
1)
#375484980000
0!
0%
#375526645000
1!
1%
b1 (
#375568310000
0!
0%
#375609975000
1!
1%
b10 (
#375651640000
0!
b00000101 #
0%
b00000101 '
0*
#375693305000
1!
1%
b11 (
#375734970000
0!
0%
#375776635000
1!
1%
b100 (
#375818300000
0!
0%
#375859965000
1!
b00000010 #
1%
b00000010 '
b0 (
0)
#375901630000
0!
0%
#375943295000
1!
1%
b1 (
#375984960000
0!
0%
#376026625000
1!
1%
b10 (
#376068290000
0!
b00001010 #
0%
b00001010 '
1*
#376109955000
1!
1%
b11 (
#376151620000
0!
0%
#376193285000
1!
1%
b100 (
#376234950000
0!
0%
#376276615000
1!
b00001101 #
1%
b00001101 '
b0 (
1)
#376318280000
0!
0%
#376359945000
1!
1%
b1 (
#376401610000
0!
0%
#376443275000
1!
1%
b10 (
#376484940000
0!
b00000101 #
0%
b00000101 '
0*
#376526605000
1!
1%
b11 (
#376568270000
0!
0%
#376609935000
1!
1%
b100 (
#376651600000
0!
0%
#376693265000
1!
b00000010 #
1%
b00000010 '
b0 (
0)
#376734930000
0!
0%
#376776595000
1!
1%
b1 (
#376818260000
0!
0%
#376859925000
1!
1%
b10 (
#376901590000
0!
b00001010 #
0%
b00001010 '
1*
#376943255000
1!
1%
b11 (
#376984920000
0!
0%
#377026585000
1!
1%
b100 (
#377068250000
0!
0%
#377109915000
1!
b00001101 #
1%
b00001101 '
b0 (
1)
#377151580000
0!
0%
#377193245000
1!
1%
b1 (
#377234910000
0!
0%
#377276575000
1!
1%
b10 (
#377318240000
0!
b00000101 #
0%
b00000101 '
0*
#377359905000
1!
1%
b11 (
#377401570000
0!
0%
#377443235000
1!
1%
b100 (
#377484900000
0!
0%
#377526565000
1!
b00000010 #
1%
b00000010 '
b0 (
0)
#377568230000
0!
0%
#377609895000
1!
1%
b1 (
#377651560000
0!
0%
#377693225000
1!
1%
b10 (
#377734890000
0!
b00001010 #
0%
b00001010 '
1*
#377776555000
1!
1%
b11 (
#377818220000
0!
0%
#377859885000
1!
1%
b100 (
#377901550000
0!
0%
#377943215000
1!
b00001101 #
1%
b00001101 '
b0 (
1)
#377984880000
0!
0%
#378026545000
1!
1%
b1 (
#378068210000
0!
0%
#378109875000
1!
1%
b10 (
#378151540000
0!
b00000101 #
0%
b00000101 '
0*
#378193205000
1!
1%
b11 (
#378234870000
0!
0%
#378276535000
1!
1%
b100 (
#378318200000
0!
0%
#378359865000
1!
b00000010 #
1%
b00000010 '
b0 (
0)
#378401530000
0!
0%
#378443195000
1!
1%
b1 (
#378484860000
0!
0%
#378526525000
1!
1%
b10 (
#378568190000
0!
b00001010 #
0%
b00001010 '
1*
#378609855000
1!
1%
b11 (
#378651520000
0!
0%
#378693185000
1!
1%
b100 (
#378734850000
0!
0%
#378776515000
1!
b00001101 #
1%
b00001101 '
b0 (
1)
#378818180000
0!
0%
#378859845000
1!
1%
b1 (
#378901510000
0!
0%
#378943175000
1!
1%
b10 (
#378984840000
0!
b00000101 #
0%
b00000101 '
0*
#379026505000
1!
1%
b11 (
#379068170000
0!
0%
#379109835000
1!
1%
b100 (
#379151500000
0!
0%
#379193165000
1!
b00000010 #
1%
b00000010 '
b0 (
0)
#379234830000
0!
0%
#379276495000
1!
1%
b1 (
#379318160000
0!
0%
#379359825000
1!
1%
b10 (
#379401490000
0!
b00001010 #
0%
b00001010 '
1*
#379443155000
1!
1%
b11 (
#379484820000
0!
0%
#379526485000
1!
1%
b100 (
#379568150000
0!
0%
#379609815000
1!
b00001101 #
1%
b00001101 '
b0 (
1)
#379651480000
0!
0%
#379693145000
1!
1%
b1 (
#379734810000
0!
0%
#379776475000
1!
1%
b10 (
#379818140000
0!
b00000101 #
0%
b00000101 '
0*
#379859805000
1!
1%
b11 (
#379901470000
0!
0%
#379943135000
1!
1%
b100 (
#379984800000
0!
0%
#380026465000
1!
b00000010 #
1%
b00000010 '
b0 (
0)
#380068130000
0!
0%
#380109795000
1!
1%
b1 (
#380151460000
0!
0%
#380193125000
1!
1%
b10 (
#380234790000
0!
b00001010 #
0%
b00001010 '
1*
#380276455000
1!
1%
b11 (
#380318120000
0!
0%
#380359785000
1!
1%
b100 (
#380401450000
0!
0%
#380443115000
1!
b00001101 #
1%
b00001101 '
b0 (
1)
#380484780000
0!
0%
#380526445000
1!
1%
b1 (
#380568110000
0!
0%
#380609775000
1!
1%
b10 (
#380651440000
0!
b00000101 #
0%
b00000101 '
0*
#380693105000
1!
1%
b11 (
#380734770000
0!
0%
#380776435000
1!
1%
b100 (
#380818100000
0!
0%
#380859765000
1!
b00000010 #
1%
b00000010 '
b0 (
0)
#380901430000
0!
0%
#380943095000
1!
1%
b1 (
#380984760000
0!
0%
#381026425000
1!
1%
b10 (
#381068090000
0!
b00001010 #
0%
b00001010 '
1*
#381109755000
1!
1%
b11 (
#381151420000
0!
0%
#381193085000
1!
1%
b100 (
#381234750000
0!
0%
#381276415000
1!
b00001101 #
1%
b00001101 '
b0 (
1)
#381318080000
0!
0%
#381359745000
1!
1%
b1 (
#381401410000
0!
0%
#381443075000
1!
1%
b10 (
#381484740000
0!
b00000101 #
0%
b00000101 '
0*
#381526405000
1!
1%
b11 (
#381568070000
0!
0%
#381609735000
1!
1%
b100 (
#381651400000
0!
0%
#381693065000
1!
b00000010 #
1%
b00000010 '
b0 (
0)
#381734730000
0!
0%
#381776395000
1!
1%
b1 (
#381818060000
0!
0%
#381859725000
1!
1%
b10 (
#381901390000
0!
b00001010 #
0%
b00001010 '
1*
#381943055000
1!
1%
b11 (
#381984720000
0!
0%
#382026385000
1!
1%
b100 (
#382068050000
0!
0%
#382109715000
1!
b00001101 #
1%
b00001101 '
b0 (
1)
#382151380000
0!
0%
#382193045000
1!
1%
b1 (
#382234710000
0!
0%
#382276375000
1!
1%
b10 (
#382318040000
0!
b00000101 #
0%
b00000101 '
0*
#382359705000
1!
1%
b11 (
#382401370000
0!
0%
#382443035000
1!
1%
b100 (
#382484700000
0!
0%
#382526365000
1!
b00000010 #
1%
b00000010 '
b0 (
0)
#382568030000
0!
0%
#382609695000
1!
1%
b1 (
#382651360000
0!
0%
#382693025000
1!
1%
b10 (
#382734690000
0!
b00001010 #
0%
b00001010 '
1*
#382776355000
1!
1%
b11 (
#382818020000
0!
0%
#382859685000
1!
1%
b100 (
#382901350000
0!
0%
#382943015000
1!
b00001101 #
1%
b00001101 '
b0 (
1)
#382984680000
0!
0%
#383026345000
1!
1%
b1 (
#383068010000
0!
0%
#383109675000
1!
1%
b10 (
#383151340000
0!
b00000101 #
0%
b00000101 '
0*
#383193005000
1!
1%
b11 (
#383234670000
0!
0%
#383276335000
1!
1%
b100 (
#383318000000
0!
0%
#383359665000
1!
b00000010 #
1%
b00000010 '
b0 (
0)
#383401330000
0!
0%
#383442995000
1!
1%
b1 (
#383484660000
0!
0%
#383526325000
1!
1%
b10 (
#383567990000
0!
b00001010 #
0%
b00001010 '
1*
#383609655000
1!
1%
b11 (
#383651320000
0!
0%
#383692985000
1!
1%
b100 (
#383734650000
0!
0%
#383776315000
1!
b00001101 #
1%
b00001101 '
b0 (
1)
#383817980000
0!
0%
#383859645000
1!
1%
b1 (
#383901310000
0!
0%
#383942975000
1!
1%
b10 (
#383984640000
0!
b00000101 #
0%
b00000101 '
0*
#384026305000
1!
1%
b11 (
#384067970000
0!
0%
#384109635000
1!
1%
b100 (
#384151300000
0!
0%
#384192965000
1!
b00000010 #
1%
b00000010 '
b0 (
0)
#384234630000
0!
0%
#384276295000
1!
1%
b1 (
#384317960000
0!
0%
#384359625000
1!
1%
b10 (
#384401290000
0!
b00001010 #
0%
b00001010 '
1*
#384442955000
1!
1%
b11 (
#384484620000
0!
0%
#384526285000
1!
1%
b100 (
#384567950000
0!
0%
#384609615000
1!
b00001101 #
1%
b00001101 '
b0 (
1)
#384651280000
0!
0%
#384692945000
1!
1%
b1 (
#384734610000
0!
0%
#384776275000
1!
1%
b10 (
#384817940000
0!
b00000101 #
0%
b00000101 '
0*
#384859605000
1!
1%
b11 (
#384901270000
0!
0%
#384942935000
1!
1%
b100 (
#384984600000
0!
0%
#385026265000
1!
b00000010 #
1%
b00000010 '
b0 (
0)
#385067930000
0!
0%
#385109595000
1!
1%
b1 (
#385151260000
0!
0%
#385192925000
1!
1%
b10 (
#385234590000
0!
b00001010 #
0%
b00001010 '
1*
#385276255000
1!
1%
b11 (
#385317920000
0!
0%
#385359585000
1!
1%
b100 (
#385401250000
0!
0%
#385442915000
1!
b00001101 #
1%
b00001101 '
b0 (
1)
#385484580000
0!
0%
#385526245000
1!
1%
b1 (
#385567910000
0!
0%
#385609575000
1!
1%
b10 (
#385651240000
0!
b00000101 #
0%
b00000101 '
0*
#385692905000
1!
1%
b11 (
#385734570000
0!
0%
#385776235000
1!
1%
b100 (
#385817900000
0!
0%
#385859565000
1!
b00000010 #
1%
b00000010 '
b0 (
0)
#385901230000
0!
0%
#385942895000
1!
1%
b1 (
#385984560000
0!
0%
#386026225000
1!
1%
b10 (
#386067890000
0!
b00001010 #
0%
b00001010 '
1*
#386109555000
1!
1%
b11 (
#386151220000
0!
0%
#386192885000
1!
1%
b100 (
#386234550000
0!
0%
#386276215000
1!
b00001101 #
1%
b00001101 '
b0 (
1)
#386317880000
0!
0%
#386359545000
1!
1%
b1 (
#386401210000
0!
0%
#386442875000
1!
1%
b10 (
#386484540000
0!
b00000101 #
0%
b00000101 '
0*
#386526205000
1!
1%
b11 (
#386567870000
0!
0%
#386609535000
1!
1%
b100 (
#386651200000
0!
0%
#386692865000
1!
b00000010 #
1%
b00000010 '
b0 (
0)
#386734530000
0!
0%
#386776195000
1!
1%
b1 (
#386817860000
0!
0%
#386859525000
1!
1%
b10 (
#386901190000
0!
b00001010 #
0%
b00001010 '
1*
#386942855000
1!
1%
b11 (
#386984520000
0!
0%
#387026185000
1!
1%
b100 (
#387067850000
0!
0%
#387109515000
1!
b00001101 #
1%
b00001101 '
b0 (
1)
#387151180000
0!
0%
#387192845000
1!
1%
b1 (
#387234510000
0!
0%
#387276175000
1!
1%
b10 (
#387317840000
0!
b00000101 #
0%
b00000101 '
0*
#387359505000
1!
1%
b11 (
#387401170000
0!
0%
#387442835000
1!
1%
b100 (
#387484500000
0!
0%
#387526165000
1!
b00000010 #
1%
b00000010 '
b0 (
0)
#387567830000
0!
0%
#387609495000
1!
1%
b1 (
#387651160000
0!
0%
#387692825000
1!
1%
b10 (
#387734490000
0!
b00001010 #
0%
b00001010 '
1*
#387776155000
1!
1%
b11 (
#387817820000
0!
0%
#387859485000
1!
1%
b100 (
#387901150000
0!
0%
#387942815000
1!
b00001101 #
1%
b00001101 '
b0 (
1)
#387984480000
0!
0%
#388026145000
1!
1%
b1 (
#388067810000
0!
0%
#388109475000
1!
1%
b10 (
#388151140000
0!
b00000101 #
0%
b00000101 '
0*
#388192805000
1!
1%
b11 (
#388234470000
0!
0%
#388276135000
1!
1%
b100 (
#388317800000
0!
0%
#388359465000
1!
b00000010 #
1%
b00000010 '
b0 (
0)
#388401130000
0!
0%
#388442795000
1!
1%
b1 (
#388484460000
0!
0%
#388526125000
1!
1%
b10 (
#388567790000
0!
b00001010 #
0%
b00001010 '
1*
#388609455000
1!
1%
b11 (
#388651120000
0!
0%
#388692785000
1!
1%
b100 (
#388734450000
0!
0%
#388776115000
1!
b00001101 #
1%
b00001101 '
b0 (
1)
#388817780000
0!
0%
#388859445000
1!
1%
b1 (
#388901110000
0!
0%
#388942775000
1!
1%
b10 (
#388984440000
0!
b00000101 #
0%
b00000101 '
0*
#389026105000
1!
1%
b11 (
#389067770000
0!
0%
#389109435000
1!
1%
b100 (
#389151100000
0!
0%
#389192765000
1!
b00000010 #
1%
b00000010 '
b0 (
0)
#389234430000
0!
0%
#389276095000
1!
1%
b1 (
#389317760000
0!
0%
#389359425000
1!
1%
b10 (
#389401090000
0!
b00001010 #
0%
b00001010 '
1*
#389442755000
1!
1%
b11 (
#389484420000
0!
0%
#389526085000
1!
1%
b100 (
#389567750000
0!
0%
#389609415000
1!
b00001101 #
1%
b00001101 '
b0 (
1)
#389651080000
0!
0%
#389692745000
1!
1%
b1 (
#389734410000
0!
0%
#389776075000
1!
1%
b10 (
#389817740000
0!
b00000101 #
0%
b00000101 '
0*
#389859405000
1!
1%
b11 (
#389901070000
0!
0%
#389942735000
1!
1%
b100 (
#389984400000
0!
0%
#390026065000
1!
b00000010 #
1%
b00000010 '
b0 (
0)
#390067730000
0!
0%
#390109395000
1!
1%
b1 (
#390151060000
0!
0%
#390192725000
1!
1%
b10 (
#390234390000
0!
b00001010 #
0%
b00001010 '
1*
#390276055000
1!
1%
b11 (
#390317720000
0!
0%
#390359385000
1!
1%
b100 (
#390401050000
0!
0%
#390442715000
1!
b00001101 #
1%
b00001101 '
b0 (
1)
#390484380000
0!
0%
#390526045000
1!
1%
b1 (
#390567710000
0!
0%
#390609375000
1!
1%
b10 (
#390651040000
0!
b00000101 #
0%
b00000101 '
0*
#390692705000
1!
1%
b11 (
#390734370000
0!
0%
#390776035000
1!
1%
b100 (
#390817700000
0!
0%
#390859365000
1!
b00000010 #
1%
b00000010 '
b0 (
0)
#390901030000
0!
0%
#390942695000
1!
1%
b1 (
#390984360000
0!
0%
#391026025000
1!
1%
b10 (
#391067690000
0!
b00001010 #
0%
b00001010 '
1*
#391109355000
1!
1%
b11 (
#391151020000
0!
0%
#391192685000
1!
1%
b100 (
#391234350000
0!
0%
#391276015000
1!
b00001101 #
1%
b00001101 '
b0 (
1)
#391317680000
0!
0%
#391359345000
1!
1%
b1 (
#391401010000
0!
0%
#391442675000
1!
1%
b10 (
#391484340000
0!
b00000101 #
0%
b00000101 '
0*
#391526005000
1!
1%
b11 (
#391567670000
0!
0%
#391609335000
1!
1%
b100 (
#391651000000
0!
0%
#391692665000
1!
b00000010 #
1%
b00000010 '
b0 (
0)
#391734330000
0!
0%
#391775995000
1!
1%
b1 (
#391817660000
0!
0%
#391859325000
1!
1%
b10 (
#391900990000
0!
b00001010 #
0%
b00001010 '
1*
#391942655000
1!
1%
b11 (
#391984320000
0!
0%
#392025985000
1!
1%
b100 (
#392067650000
0!
0%
#392109315000
1!
b00001101 #
1%
b00001101 '
b0 (
1)
#392150980000
0!
0%
#392192645000
1!
1%
b1 (
#392234310000
0!
0%
#392275975000
1!
1%
b10 (
#392317640000
0!
b00000101 #
0%
b00000101 '
0*
#392359305000
1!
1%
b11 (
#392400970000
0!
0%
#392442635000
1!
1%
b100 (
#392484300000
0!
0%
#392525965000
1!
b00000010 #
1%
b00000010 '
b0 (
0)
#392567630000
0!
0%
#392609295000
1!
1%
b1 (
#392650960000
0!
0%
#392692625000
1!
1%
b10 (
#392734290000
0!
b00001010 #
0%
b00001010 '
1*
#392775955000
1!
1%
b11 (
#392817620000
0!
0%
#392859285000
1!
1%
b100 (
#392900950000
0!
0%
#392942615000
1!
b00001101 #
1%
b00001101 '
b0 (
1)
#392984280000
0!
0%
#393025945000
1!
1%
b1 (
#393067610000
0!
0%
#393109275000
1!
1%
b10 (
#393150940000
0!
b00000101 #
0%
b00000101 '
0*
#393192605000
1!
1%
b11 (
#393234270000
0!
0%
#393275935000
1!
1%
b100 (
#393317600000
0!
0%
#393359265000
1!
b00000010 #
1%
b00000010 '
b0 (
0)
#393400930000
0!
0%
#393442595000
1!
1%
b1 (
#393484260000
0!
0%
#393525925000
1!
1%
b10 (
#393567590000
0!
b00001010 #
0%
b00001010 '
1*
#393609255000
1!
1%
b11 (
#393650920000
0!
0%
#393692585000
1!
1%
b100 (
#393734250000
0!
0%
#393775915000
1!
b00001101 #
1%
b00001101 '
b0 (
1)
#393817580000
0!
0%
#393859245000
1!
1%
b1 (
#393900910000
0!
0%
#393942575000
1!
1%
b10 (
#393984240000
0!
b00000101 #
0%
b00000101 '
0*
#394025905000
1!
1%
b11 (
#394067570000
0!
0%
#394109235000
1!
1%
b100 (
#394150900000
0!
0%
#394192565000
1!
b00000010 #
1%
b00000010 '
b0 (
0)
#394234230000
0!
0%
#394275895000
1!
1%
b1 (
#394317560000
0!
0%
#394359225000
1!
1%
b10 (
#394400890000
0!
b00001010 #
0%
b00001010 '
1*
#394442555000
1!
1%
b11 (
#394484220000
0!
0%
#394525885000
1!
1%
b100 (
#394567550000
0!
0%
#394609215000
1!
b00001101 #
1%
b00001101 '
b0 (
1)
#394650880000
0!
0%
#394692545000
1!
1%
b1 (
#394734210000
0!
0%
#394775875000
1!
1%
b10 (
#394817540000
0!
b00000101 #
0%
b00000101 '
0*
#394859205000
1!
1%
b11 (
#394900870000
0!
0%
#394942535000
1!
1%
b100 (
#394984200000
0!
0%
#395025865000
1!
b00000010 #
1%
b00000010 '
b0 (
0)
#395067530000
0!
0%
#395109195000
1!
1%
b1 (
#395150860000
0!
0%
#395192525000
1!
1%
b10 (
#395234190000
0!
b00001010 #
0%
b00001010 '
1*
#395275855000
1!
1%
b11 (
#395317520000
0!
0%
#395359185000
1!
1%
b100 (
#395400850000
0!
0%
#395442515000
1!
b00001101 #
1%
b00001101 '
b0 (
1)
#395484180000
0!
0%
#395525845000
1!
1%
b1 (
#395567510000
0!
0%
#395609175000
1!
1%
b10 (
#395650840000
0!
b00000101 #
0%
b00000101 '
0*
#395692505000
1!
1%
b11 (
#395734170000
0!
0%
#395775835000
1!
1%
b100 (
#395817500000
0!
0%
#395859165000
1!
b00000010 #
1%
b00000010 '
b0 (
0)
#395900830000
0!
0%
#395942495000
1!
1%
b1 (
#395984160000
0!
0%
#396025825000
1!
1%
b10 (
#396067490000
0!
b00001010 #
0%
b00001010 '
1*
#396109155000
1!
1%
b11 (
#396150820000
0!
0%
#396192485000
1!
1%
b100 (
#396234150000
0!
0%
#396275815000
1!
b00001101 #
1%
b00001101 '
b0 (
1)
#396317480000
0!
0%
#396359145000
1!
1%
b1 (
#396400810000
0!
0%
#396442475000
1!
1%
b10 (
#396484140000
0!
b00000101 #
0%
b00000101 '
0*
#396525805000
1!
1%
b11 (
#396567470000
0!
0%
#396609135000
1!
1%
b100 (
#396650800000
0!
0%
#396692465000
1!
b00000010 #
1%
b00000010 '
b0 (
0)
#396734130000
0!
0%
#396775795000
1!
1%
b1 (
#396817460000
0!
0%
#396859125000
1!
1%
b10 (
#396900790000
0!
b00001010 #
0%
b00001010 '
1*
#396942455000
1!
1%
b11 (
#396984120000
0!
0%
#397025785000
1!
1%
b100 (
#397067450000
0!
0%
#397109115000
1!
b00001101 #
1%
b00001101 '
b0 (
1)
#397150780000
0!
0%
#397192445000
1!
1%
b1 (
#397234110000
0!
0%
#397275775000
1!
1%
b10 (
#397317440000
0!
b00000101 #
0%
b00000101 '
0*
#397359105000
1!
1%
b11 (
#397400770000
0!
0%
#397442435000
1!
1%
b100 (
#397484100000
0!
0%
#397525765000
1!
b00000010 #
1%
b00000010 '
b0 (
0)
#397567430000
0!
0%
#397609095000
1!
1%
b1 (
#397650760000
0!
0%
#397692425000
1!
1%
b10 (
#397734090000
0!
b00001010 #
0%
b00001010 '
1*
#397775755000
1!
1%
b11 (
#397817420000
0!
0%
#397859085000
1!
1%
b100 (
#397900750000
0!
0%
#397942415000
1!
b00001101 #
1%
b00001101 '
b0 (
1)
#397984080000
0!
0%
#398025745000
1!
1%
b1 (
#398067410000
0!
0%
#398109075000
1!
1%
b10 (
#398150740000
0!
b00000101 #
0%
b00000101 '
0*
#398192405000
1!
1%
b11 (
#398234070000
0!
0%
#398275735000
1!
1%
b100 (
#398317400000
0!
0%
#398359065000
1!
b00000010 #
1%
b00000010 '
b0 (
0)
#398400730000
0!
0%
#398442395000
1!
1%
b1 (
#398484060000
0!
0%
#398525725000
1!
1%
b10 (
#398567390000
0!
b00001010 #
0%
b00001010 '
1*
#398609055000
1!
1%
b11 (
#398650720000
0!
0%
#398692385000
1!
1%
b100 (
#398734050000
0!
0%
#398775715000
1!
b00001101 #
1%
b00001101 '
b0 (
1)
#398817380000
0!
0%
#398859045000
1!
1%
b1 (
#398900710000
0!
0%
#398942375000
1!
1%
b10 (
#398984040000
0!
b00000101 #
0%
b00000101 '
0*
#399025705000
1!
1%
b11 (
#399067370000
0!
0%
#399109035000
1!
1%
b100 (
#399150700000
0!
0%
#399192365000
1!
b00000010 #
1%
b00000010 '
b0 (
0)
#399234030000
0!
0%
#399275695000
1!
1%
b1 (
#399317360000
0!
0%
#399359025000
1!
1%
b10 (
#399400690000
0!
b00001010 #
0%
b00001010 '
1*
#399442355000
1!
1%
b11 (
#399484020000
0!
0%
#399525685000
1!
1%
b100 (
#399567350000
0!
0%
#399609015000
1!
b00001101 #
1%
b00001101 '
b0 (
1)
#399650680000
0!
0%
#399692345000
1!
1%
b1 (
#399734010000
0!
0%
#399775675000
1!
1%
b10 (
#399817340000
0!
b00000101 #
0%
b00000101 '
0*
#399859005000
1!
1%
b11 (
#399900670000
0!
0%
#399942335000
1!
1%
b100 (
#399984000000
0!
0%
#400025665000
1!
b00000010 #
1%
b00000010 '
b0 (
0)
#400067330000
0!
0%
#400108995000
1!
1%
b1 (
#400150660000
0!
0%
#400192325000
1!
1%
b10 (
#400233990000
0!
b00001010 #
0%
b00001010 '
1*
#400275655000
1!
1%
b11 (
#400317320000
0!
0%
#400358985000
1!
1%
b100 (
#400400650000
0!
0%
#400442315000
1!
b00001101 #
1%
b00001101 '
b0 (
1)
#400483980000
0!
0%
#400525645000
1!
1%
b1 (
#400567310000
0!
0%
#400608975000
1!
1%
b10 (
#400650640000
0!
b00000101 #
0%
b00000101 '
0*
#400692305000
1!
1%
b11 (
#400733970000
0!
0%
#400775635000
1!
1%
b100 (
#400817300000
0!
0%
#400858965000
1!
b00000010 #
1%
b00000010 '
b0 (
0)
#400900630000
0!
0%
#400942295000
1!
1%
b1 (
#400983960000
0!
0%
#401025625000
1!
1%
b10 (
#401067290000
0!
b00001010 #
0%
b00001010 '
1*
#401108955000
1!
1%
b11 (
#401150620000
0!
0%
#401192285000
1!
1%
b100 (
#401233950000
0!
0%
#401275615000
1!
b00001101 #
1%
b00001101 '
b0 (
1)
#401317280000
0!
0%
#401358945000
1!
1%
b1 (
#401400610000
0!
0%
#401442275000
1!
1%
b10 (
#401483940000
0!
b00000101 #
0%
b00000101 '
0*
#401525605000
1!
1%
b11 (
#401567270000
0!
0%
#401608935000
1!
1%
b100 (
#401650600000
0!
0%
#401692265000
1!
b00000010 #
1%
b00000010 '
b0 (
0)
#401733930000
0!
0%
#401775595000
1!
1%
b1 (
#401817260000
0!
0%
#401858925000
1!
1%
b10 (
#401900590000
0!
b00001010 #
0%
b00001010 '
1*
#401942255000
1!
1%
b11 (
#401983920000
0!
0%
#402025585000
1!
1%
b100 (
#402067250000
0!
0%
#402108915000
1!
b00001101 #
1%
b00001101 '
b0 (
1)
#402150580000
0!
0%
#402192245000
1!
1%
b1 (
#402233910000
0!
0%
#402275575000
1!
1%
b10 (
#402317240000
0!
b00000101 #
0%
b00000101 '
0*
#402358905000
1!
1%
b11 (
#402400570000
0!
0%
#402442235000
1!
1%
b100 (
#402483900000
0!
0%
#402525565000
1!
b00000010 #
1%
b00000010 '
b0 (
0)
#402567230000
0!
0%
#402608895000
1!
1%
b1 (
#402650560000
0!
0%
#402692225000
1!
1%
b10 (
#402733890000
0!
b00001010 #
0%
b00001010 '
1*
#402775555000
1!
1%
b11 (
#402817220000
0!
0%
#402858885000
1!
1%
b100 (
#402900550000
0!
0%
#402942215000
1!
b00001101 #
1%
b00001101 '
b0 (
1)
#402983880000
0!
0%
#403025545000
1!
1%
b1 (
#403067210000
0!
0%
#403108875000
1!
1%
b10 (
#403150540000
0!
b00000101 #
0%
b00000101 '
0*
#403192205000
1!
1%
b11 (
#403233870000
0!
0%
#403275535000
1!
1%
b100 (
#403317200000
0!
0%
#403358865000
1!
b00000010 #
1%
b00000010 '
b0 (
0)
#403400530000
0!
0%
#403442195000
1!
1%
b1 (
#403483860000
0!
0%
#403525525000
1!
1%
b10 (
#403567190000
0!
b00001010 #
0%
b00001010 '
1*
#403608855000
1!
1%
b11 (
#403650520000
0!
0%
#403692185000
1!
1%
b100 (
#403733850000
0!
0%
#403775515000
1!
b00001101 #
1%
b00001101 '
b0 (
1)
#403817180000
0!
0%
#403858845000
1!
1%
b1 (
#403900510000
0!
0%
#403942175000
1!
1%
b10 (
#403983840000
0!
b00000101 #
0%
b00000101 '
0*
#404025505000
1!
1%
b11 (
#404067170000
0!
0%
#404108835000
1!
1%
b100 (
#404150500000
0!
0%
#404192165000
1!
b00000010 #
1%
b00000010 '
b0 (
0)
#404233830000
0!
0%
#404275495000
1!
1%
b1 (
#404317160000
0!
0%
#404358825000
1!
1%
b10 (
#404400490000
0!
b00001010 #
0%
b00001010 '
1*
#404442155000
1!
1%
b11 (
#404483820000
0!
0%
#404525485000
1!
1%
b100 (
#404567150000
0!
0%
#404608815000
1!
b00001101 #
1%
b00001101 '
b0 (
1)
#404650480000
0!
0%
#404692145000
1!
1%
b1 (
#404733810000
0!
0%
#404775475000
1!
1%
b10 (
#404817140000
0!
b00000101 #
0%
b00000101 '
0*
#404858805000
1!
1%
b11 (
#404900470000
0!
0%
#404942135000
1!
1%
b100 (
#404983800000
0!
0%
#405025465000
1!
b00000010 #
1%
b00000010 '
b0 (
0)
#405067130000
0!
0%
#405108795000
1!
1%
b1 (
#405150460000
0!
0%
#405192125000
1!
1%
b10 (
#405233790000
0!
b00001010 #
0%
b00001010 '
1*
#405275455000
1!
1%
b11 (
#405317120000
0!
0%
#405358785000
1!
1%
b100 (
#405400450000
0!
0%
#405442115000
1!
b00001101 #
1%
b00001101 '
b0 (
1)
#405483780000
0!
0%
#405525445000
1!
1%
b1 (
#405567110000
0!
0%
#405608775000
1!
1%
b10 (
#405650440000
0!
b00000101 #
0%
b00000101 '
0*
#405692105000
1!
1%
b11 (
#405733770000
0!
0%
#405775435000
1!
1%
b100 (
#405817100000
0!
0%
#405858765000
1!
b00000010 #
1%
b00000010 '
b0 (
0)
#405900430000
0!
0%
#405942095000
1!
1%
b1 (
#405983760000
0!
0%
#406025425000
1!
1%
b10 (
#406067090000
0!
b00001010 #
0%
b00001010 '
1*
#406108755000
1!
1%
b11 (
#406150420000
0!
0%
#406192085000
1!
1%
b100 (
#406233750000
0!
0%
#406275415000
1!
b00001101 #
1%
b00001101 '
b0 (
1)
#406317080000
0!
0%
#406358745000
1!
1%
b1 (
#406400410000
0!
0%
#406442075000
1!
1%
b10 (
#406483740000
0!
b00000101 #
0%
b00000101 '
0*
#406525405000
1!
1%
b11 (
#406567070000
0!
0%
#406608735000
1!
1%
b100 (
#406650400000
0!
0%
#406692065000
1!
b00000010 #
1%
b00000010 '
b0 (
0)
#406733730000
0!
0%
#406775395000
1!
1%
b1 (
#406817060000
0!
0%
#406858725000
1!
1%
b10 (
#406900390000
0!
b00001010 #
0%
b00001010 '
1*
#406942055000
1!
1%
b11 (
#406983720000
0!
0%
#407025385000
1!
1%
b100 (
#407067050000
0!
0%
#407108715000
1!
b00001101 #
1%
b00001101 '
b0 (
1)
#407150380000
0!
0%
#407192045000
1!
1%
b1 (
#407233710000
0!
0%
#407275375000
1!
1%
b10 (
#407317040000
0!
b00000101 #
0%
b00000101 '
0*
#407358705000
1!
1%
b11 (
#407400370000
0!
0%
#407442035000
1!
1%
b100 (
#407483700000
0!
0%
#407525365000
1!
b00000010 #
1%
b00000010 '
b0 (
0)
#407567030000
0!
0%
#407608695000
1!
1%
b1 (
#407650360000
0!
0%
#407692025000
1!
1%
b10 (
#407733690000
0!
b00001010 #
0%
b00001010 '
1*
#407775355000
1!
1%
b11 (
#407817020000
0!
0%
#407858685000
1!
1%
b100 (
#407900350000
0!
0%
#407942015000
1!
b00001101 #
1%
b00001101 '
b0 (
1)
#407983680000
0!
0%
#408025345000
1!
1%
b1 (
#408067010000
0!
0%
#408108675000
1!
1%
b10 (
#408150340000
0!
b00000101 #
0%
b00000101 '
0*
#408192005000
1!
1%
b11 (
#408233670000
0!
0%
#408275335000
1!
1%
b100 (
#408317000000
0!
0%
#408358665000
1!
b00000010 #
1%
b00000010 '
b0 (
0)
#408400330000
0!
0%
#408441995000
1!
1%
b1 (
#408483660000
0!
0%
#408525325000
1!
1%
b10 (
#408566990000
0!
b00001010 #
0%
b00001010 '
1*
#408608655000
1!
1%
b11 (
#408650320000
0!
0%
#408691985000
1!
1%
b100 (
#408733650000
0!
0%
#408775315000
1!
b00001101 #
1%
b00001101 '
b0 (
1)
#408816980000
0!
0%
#408858645000
1!
1%
b1 (
#408900310000
0!
0%
#408941975000
1!
1%
b10 (
#408983640000
0!
b00000101 #
0%
b00000101 '
0*
#409025305000
1!
1%
b11 (
#409066970000
0!
0%
#409108635000
1!
1%
b100 (
#409150300000
0!
0%
#409191965000
1!
b00000010 #
1%
b00000010 '
b0 (
0)
#409233630000
0!
0%
#409275295000
1!
1%
b1 (
#409316960000
0!
0%
#409358625000
1!
1%
b10 (
#409400290000
0!
b00001010 #
0%
b00001010 '
1*
#409441955000
1!
1%
b11 (
#409483620000
0!
0%
#409525285000
1!
1%
b100 (
#409566950000
0!
0%
#409608615000
1!
b00001101 #
1%
b00001101 '
b0 (
1)
#409650280000
0!
0%
#409691945000
1!
1%
b1 (
#409733610000
0!
0%
#409775275000
1!
1%
b10 (
#409816940000
0!
b00000101 #
0%
b00000101 '
0*
#409858605000
1!
1%
b11 (
#409900270000
0!
0%
#409941935000
1!
1%
b100 (
#409983600000
0!
0%
#410025265000
1!
b00000010 #
1%
b00000010 '
b0 (
0)
#410066930000
0!
0%
#410108595000
1!
1%
b1 (
#410150260000
0!
0%
#410191925000
1!
1%
b10 (
#410233590000
0!
b00001010 #
0%
b00001010 '
1*
#410275255000
1!
1%
b11 (
#410316920000
0!
0%
#410358585000
1!
1%
b100 (
#410400250000
0!
0%
#410441915000
1!
b00001101 #
1%
b00001101 '
b0 (
1)
#410483580000
0!
0%
#410525245000
1!
1%
b1 (
#410566910000
0!
0%
#410608575000
1!
1%
b10 (
#410650240000
0!
b00000101 #
0%
b00000101 '
0*
#410691905000
1!
1%
b11 (
#410733570000
0!
0%
#410775235000
1!
1%
b100 (
#410816900000
0!
0%
#410858565000
1!
b00000010 #
1%
b00000010 '
b0 (
0)
#410900230000
0!
0%
#410941895000
1!
1%
b1 (
#410983560000
0!
0%
#411025225000
1!
1%
b10 (
#411066890000
0!
b00001010 #
0%
b00001010 '
1*
#411108555000
1!
1%
b11 (
#411150220000
0!
0%
#411191885000
1!
1%
b100 (
#411233550000
0!
0%
#411275215000
1!
b00001101 #
1%
b00001101 '
b0 (
1)
#411316880000
0!
0%
#411358545000
1!
1%
b1 (
#411400210000
0!
0%
#411441875000
1!
1%
b10 (
#411483540000
0!
b00000101 #
0%
b00000101 '
0*
#411525205000
1!
1%
b11 (
#411566870000
0!
0%
#411608535000
1!
1%
b100 (
#411650200000
0!
0%
#411691865000
1!
b00000010 #
1%
b00000010 '
b0 (
0)
#411733530000
0!
0%
#411775195000
1!
1%
b1 (
#411816860000
0!
0%
#411858525000
1!
1%
b10 (
#411900190000
0!
b00001010 #
0%
b00001010 '
1*
#411941855000
1!
1%
b11 (
#411983520000
0!
0%
#412025185000
1!
1%
b100 (
#412066850000
0!
0%
#412108515000
1!
b00001101 #
1%
b00001101 '
b0 (
1)
#412150180000
0!
0%
#412191845000
1!
1%
b1 (
#412233510000
0!
0%
#412275175000
1!
1%
b10 (
#412316840000
0!
b00000101 #
0%
b00000101 '
0*
#412358505000
1!
1%
b11 (
#412400170000
0!
0%
#412441835000
1!
1%
b100 (
#412483500000
0!
0%
#412525165000
1!
b00000010 #
1%
b00000010 '
b0 (
0)
#412566830000
0!
0%
#412608495000
1!
1%
b1 (
#412650160000
0!
0%
#412691825000
1!
1%
b10 (
#412733490000
0!
b00001010 #
0%
b00001010 '
1*
#412775155000
1!
1%
b11 (
#412816820000
0!
0%
#412858485000
1!
1%
b100 (
#412900150000
0!
0%
#412941815000
1!
b00001101 #
1%
b00001101 '
b0 (
1)
#412983480000
0!
0%
#413025145000
1!
1%
b1 (
#413066810000
0!
0%
#413108475000
1!
1%
b10 (
#413150140000
0!
b00000101 #
0%
b00000101 '
0*
#413191805000
1!
1%
b11 (
#413233470000
0!
0%
#413275135000
1!
1%
b100 (
#413316800000
0!
0%
#413358465000
1!
b00000010 #
1%
b00000010 '
b0 (
0)
#413400130000
0!
0%
#413441795000
1!
1%
b1 (
#413483460000
0!
0%
#413525125000
1!
1%
b10 (
#413566790000
0!
b00001010 #
0%
b00001010 '
1*
#413608455000
1!
1%
b11 (
#413650120000
0!
0%
#413691785000
1!
1%
b100 (
#413733450000
0!
0%
#413775115000
1!
b00001101 #
1%
b00001101 '
b0 (
1)
#413816780000
0!
0%
#413858445000
1!
1%
b1 (
#413900110000
0!
0%
#413941775000
1!
1%
b10 (
#413983440000
0!
b00000101 #
0%
b00000101 '
0*
#414025105000
1!
1%
b11 (
#414066770000
0!
0%
#414108435000
1!
1%
b100 (
#414150100000
0!
0%
#414191765000
1!
b00000010 #
1%
b00000010 '
b0 (
0)
#414233430000
0!
0%
#414275095000
1!
1%
b1 (
#414316760000
0!
0%
#414358425000
1!
1%
b10 (
#414400090000
0!
b00001010 #
0%
b00001010 '
1*
#414441755000
1!
1%
b11 (
#414483420000
0!
0%
#414525085000
1!
1%
b100 (
#414566750000
0!
0%
#414608415000
1!
b00001101 #
1%
b00001101 '
b0 (
1)
#414650080000
0!
0%
#414691745000
1!
1%
b1 (
#414733410000
0!
0%
#414775075000
1!
1%
b10 (
#414816740000
0!
b00000101 #
0%
b00000101 '
0*
#414858405000
1!
1%
b11 (
#414900070000
0!
0%
#414941735000
1!
1%
b100 (
#414983400000
0!
0%
#415025065000
1!
b00000010 #
1%
b00000010 '
b0 (
0)
#415066730000
0!
0%
#415108395000
1!
1%
b1 (
#415150060000
0!
0%
#415191725000
1!
1%
b10 (
#415233390000
0!
b00001010 #
0%
b00001010 '
1*
#415275055000
1!
1%
b11 (
#415316720000
0!
0%
#415358385000
1!
1%
b100 (
#415400050000
0!
0%
#415441715000
1!
b00001101 #
1%
b00001101 '
b0 (
1)
#415483380000
0!
0%
#415525045000
1!
1%
b1 (
#415566710000
0!
0%
#415608375000
1!
1%
b10 (
#415650040000
0!
b00000101 #
0%
b00000101 '
0*
#415691705000
1!
1%
b11 (
#415733370000
0!
0%
#415775035000
1!
1%
b100 (
#415816700000
0!
0%
#415858365000
1!
b00000010 #
1%
b00000010 '
b0 (
0)
#415900030000
0!
0%
#415941695000
1!
1%
b1 (
#415983360000
0!
0%
#416025025000
1!
1%
b10 (
#416066690000
0!
b00001010 #
0%
b00001010 '
1*
#416108355000
1!
1%
b11 (
#416150020000
0!
0%
#416191685000
1!
1%
b100 (
#416233350000
0!
0%
#416275015000
1!
b00001101 #
1%
b00001101 '
b0 (
1)
#416316680000
0!
0%
#416358345000
1!
1%
b1 (
#416400010000
0!
0%
#416441675000
1!
1%
b10 (
#416483340000
0!
b00000101 #
0%
b00000101 '
0*
#416525005000
1!
1%
b11 (
#416566670000
0!
0%
#416608335000
1!
1%
b100 (
#416650000000
0!
0%
#416691665000
1!
b00000010 #
1%
b00000010 '
b0 (
0)
#416733330000
0!
0%
#416774995000
1!
1%
b1 (
#416816660000
0!
0%
#416858325000
1!
1%
b10 (
#416899990000
0!
b00001010 #
0%
b00001010 '
1*
#416941655000
1!
1%
b11 (
#416983320000
0!
0%
#417024985000
1!
1%
b100 (
#417066650000
0!
0%
#417108315000
1!
b00001101 #
1%
b00001101 '
b0 (
1)
#417149980000
0!
0%
#417191645000
1!
1%
b1 (
#417233310000
0!
0%
#417274975000
1!
1%
b10 (
#417316640000
0!
b00000101 #
0%
b00000101 '
0*
#417358305000
1!
1%
b11 (
#417399970000
0!
0%
#417441635000
1!
1%
b100 (
#417483300000
0!
0%
#417524965000
1!
b00000010 #
1%
b00000010 '
b0 (
0)
#417566630000
0!
0%
#417608295000
1!
1%
b1 (
#417649960000
0!
0%
#417691625000
1!
1%
b10 (
#417733290000
0!
b00001010 #
0%
b00001010 '
1*
#417774955000
1!
1%
b11 (
#417816620000
0!
0%
#417858285000
1!
1%
b100 (
#417899950000
0!
0%
#417941615000
1!
b00001101 #
1%
b00001101 '
b0 (
1)
#417983280000
0!
0%
#418024945000
1!
1%
b1 (
#418066610000
0!
0%
#418108275000
1!
1%
b10 (
#418149940000
0!
b00000101 #
0%
b00000101 '
0*
#418191605000
1!
1%
b11 (
#418233270000
0!
0%
#418274935000
1!
1%
b100 (
#418316600000
0!
0%
#418358265000
1!
b00000010 #
1%
b00000010 '
b0 (
0)
#418399930000
0!
0%
#418441595000
1!
1%
b1 (
#418483260000
0!
0%
#418524925000
1!
1%
b10 (
#418566590000
0!
b00001010 #
0%
b00001010 '
1*
#418608255000
1!
1%
b11 (
#418649920000
0!
0%
#418691585000
1!
1%
b100 (
#418733250000
0!
0%
#418774915000
1!
b00001101 #
1%
b00001101 '
b0 (
1)
#418816580000
0!
0%
#418858245000
1!
1%
b1 (
#418899910000
0!
0%
#418941575000
1!
1%
b10 (
#418983240000
0!
b00000101 #
0%
b00000101 '
0*
#419024905000
1!
1%
b11 (
#419066570000
0!
0%
#419108235000
1!
1%
b100 (
#419149900000
0!
0%
#419191565000
1!
b00000010 #
1%
b00000010 '
b0 (
0)
#419233230000
0!
0%
#419274895000
1!
1%
b1 (
#419316560000
0!
0%
#419358225000
1!
1%
b10 (
#419399890000
0!
b00001010 #
0%
b00001010 '
1*
#419441555000
1!
1%
b11 (
#419483220000
0!
0%
#419524885000
1!
1%
b100 (
#419566550000
0!
0%
#419608215000
1!
b00001101 #
1%
b00001101 '
b0 (
1)
#419649880000
0!
0%
#419691545000
1!
1%
b1 (
#419733210000
0!
0%
#419774875000
1!
1%
b10 (
#419816540000
0!
b00000101 #
0%
b00000101 '
0*
#419858205000
1!
1%
b11 (
#419899870000
0!
0%
#419941535000
1!
1%
b100 (
#419983200000
0!
0%
#420024865000
1!
b00000010 #
1%
b00000010 '
b0 (
0)
#420066530000
0!
0%
#420108195000
1!
1%
b1 (
#420149860000
0!
0%
#420191525000
1!
1%
b10 (
#420233190000
0!
b00001010 #
0%
b00001010 '
1*
#420274855000
1!
1%
b11 (
#420316520000
0!
0%
#420358185000
1!
1%
b100 (
#420399850000
0!
0%
#420441515000
1!
b00001101 #
1%
b00001101 '
b0 (
1)
#420483180000
0!
0%
#420524845000
1!
1%
b1 (
#420566510000
0!
0%
#420608175000
1!
1%
b10 (
#420649840000
0!
b00000101 #
0%
b00000101 '
0*
#420691505000
1!
1%
b11 (
#420733170000
0!
0%
#420774835000
1!
1%
b100 (
#420816500000
0!
0%
#420858165000
1!
b00000010 #
1%
b00000010 '
b0 (
0)
#420899830000
0!
0%
#420941495000
1!
1%
b1 (
#420983160000
0!
0%
#421024825000
1!
1%
b10 (
#421066490000
0!
b00001010 #
0%
b00001010 '
1*
#421108155000
1!
1%
b11 (
#421149820000
0!
0%
#421191485000
1!
1%
b100 (
#421233150000
0!
0%
#421274815000
1!
b00001101 #
1%
b00001101 '
b0 (
1)
#421316480000
0!
0%
#421358145000
1!
1%
b1 (
#421399810000
0!
0%
#421441475000
1!
1%
b10 (
#421483140000
0!
b00000101 #
0%
b00000101 '
0*
#421524805000
1!
1%
b11 (
#421566470000
0!
0%
#421608135000
1!
1%
b100 (
#421649800000
0!
0%
#421691465000
1!
b00000010 #
1%
b00000010 '
b0 (
0)
#421733130000
0!
0%
#421774795000
1!
1%
b1 (
#421816460000
0!
0%
#421858125000
1!
1%
b10 (
#421899790000
0!
b00001010 #
0%
b00001010 '
1*
#421941455000
1!
1%
b11 (
#421983120000
0!
0%
#422024785000
1!
1%
b100 (
#422066450000
0!
0%
#422108115000
1!
b00001101 #
1%
b00001101 '
b0 (
1)
#422149780000
0!
0%
#422191445000
1!
1%
b1 (
#422233110000
0!
0%
#422274775000
1!
1%
b10 (
#422316440000
0!
b00000101 #
0%
b00000101 '
0*
#422358105000
1!
1%
b11 (
#422399770000
0!
0%
#422441435000
1!
1%
b100 (
#422483100000
0!
0%
#422524765000
1!
b00000010 #
1%
b00000010 '
b0 (
0)
#422566430000
0!
0%
#422608095000
1!
1%
b1 (
#422649760000
0!
0%
#422691425000
1!
1%
b10 (
#422733090000
0!
b00001010 #
0%
b00001010 '
1*
#422774755000
1!
1%
b11 (
#422816420000
0!
0%
#422858085000
1!
1%
b100 (
#422899750000
0!
0%
#422941415000
1!
b00001101 #
1%
b00001101 '
b0 (
1)
#422983080000
0!
0%
#423024745000
1!
1%
b1 (
#423066410000
0!
0%
#423108075000
1!
1%
b10 (
#423149740000
0!
b00000101 #
0%
b00000101 '
0*
#423191405000
1!
1%
b11 (
#423233070000
0!
0%
#423274735000
1!
1%
b100 (
#423316400000
0!
0%
#423358065000
1!
b00000010 #
1%
b00000010 '
b0 (
0)
#423399730000
0!
0%
#423441395000
1!
1%
b1 (
#423483060000
0!
0%
#423524725000
1!
1%
b10 (
#423566390000
0!
b00001010 #
0%
b00001010 '
1*
#423608055000
1!
1%
b11 (
#423649720000
0!
0%
#423691385000
1!
1%
b100 (
#423733050000
0!
0%
#423774715000
1!
b00001101 #
1%
b00001101 '
b0 (
1)
#423816380000
0!
0%
#423858045000
1!
1%
b1 (
#423899710000
0!
0%
#423941375000
1!
1%
b10 (
#423983040000
0!
b00000101 #
0%
b00000101 '
0*
#424024705000
1!
1%
b11 (
#424066370000
0!
0%
#424108035000
1!
1%
b100 (
#424149700000
0!
0%
#424191365000
1!
b00000010 #
1%
b00000010 '
b0 (
0)
#424233030000
0!
0%
#424274695000
1!
1%
b1 (
#424316360000
0!
0%
#424358025000
1!
1%
b10 (
#424399690000
0!
b00001010 #
0%
b00001010 '
1*
#424441355000
1!
1%
b11 (
#424483020000
0!
0%
#424524685000
1!
1%
b100 (
#424566350000
0!
0%
#424608015000
1!
b00001101 #
1%
b00001101 '
b0 (
1)
#424649680000
0!
0%
#424691345000
1!
1%
b1 (
#424733010000
0!
0%
#424774675000
1!
1%
b10 (
#424816340000
0!
b00000101 #
0%
b00000101 '
0*
#424858005000
1!
1%
b11 (
#424899670000
0!
0%
#424941335000
1!
1%
b100 (
#424983000000
0!
0%
#425024665000
1!
b00000010 #
1%
b00000010 '
b0 (
0)
#425066330000
0!
0%
#425107995000
1!
1%
b1 (
#425149660000
0!
0%
#425191325000
1!
1%
b10 (
#425232990000
0!
b00001010 #
0%
b00001010 '
1*
#425274655000
1!
1%
b11 (
#425316320000
0!
0%
#425357985000
1!
1%
b100 (
#425399650000
0!
0%
#425441315000
1!
b00001101 #
1%
b00001101 '
b0 (
1)
#425482980000
0!
0%
#425524645000
1!
1%
b1 (
#425566310000
0!
0%
#425607975000
1!
1%
b10 (
#425649640000
0!
b00000101 #
0%
b00000101 '
0*
#425691305000
1!
1%
b11 (
#425732970000
0!
0%
#425774635000
1!
1%
b100 (
#425816300000
0!
0%
#425857965000
1!
b00000010 #
1%
b00000010 '
b0 (
0)
#425899630000
0!
0%
#425941295000
1!
1%
b1 (
#425982960000
0!
0%
#426024625000
1!
1%
b10 (
#426066290000
0!
b00001010 #
0%
b00001010 '
1*
#426107955000
1!
1%
b11 (
#426149620000
0!
0%
#426191285000
1!
1%
b100 (
#426232950000
0!
0%
#426274615000
1!
b00001101 #
1%
b00001101 '
b0 (
1)
#426316280000
0!
0%
#426357945000
1!
1%
b1 (
#426399610000
0!
0%
#426441275000
1!
1%
b10 (
#426482940000
0!
b00000101 #
0%
b00000101 '
0*
#426524605000
1!
1%
b11 (
#426566270000
0!
0%
#426607935000
1!
1%
b100 (
#426649600000
0!
0%
#426691265000
1!
b00000010 #
1%
b00000010 '
b0 (
0)
#426732930000
0!
0%
#426774595000
1!
1%
b1 (
#426816260000
0!
0%
#426857925000
1!
1%
b10 (
#426899590000
0!
b00001010 #
0%
b00001010 '
1*
#426941255000
1!
1%
b11 (
#426982920000
0!
0%
#427024585000
1!
1%
b100 (
#427066250000
0!
0%
#427107915000
1!
b00001101 #
1%
b00001101 '
b0 (
1)
#427149580000
0!
0%
#427191245000
1!
1%
b1 (
#427232910000
0!
0%
#427274575000
1!
1%
b10 (
#427316240000
0!
b00000101 #
0%
b00000101 '
0*
#427357905000
1!
1%
b11 (
#427399570000
0!
0%
#427441235000
1!
1%
b100 (
#427482900000
0!
0%
#427524565000
1!
b00000010 #
1%
b00000010 '
b0 (
0)
#427566230000
0!
0%
#427607895000
1!
1%
b1 (
#427649560000
0!
0%
#427691225000
1!
1%
b10 (
#427732890000
0!
b00001010 #
0%
b00001010 '
1*
#427774555000
1!
1%
b11 (
#427816220000
0!
0%
#427857885000
1!
1%
b100 (
#427899550000
0!
0%
#427941215000
1!
b00001101 #
1%
b00001101 '
b0 (
1)
#427982880000
0!
0%
#428024545000
1!
1%
b1 (
#428066210000
0!
0%
#428107875000
1!
1%
b10 (
#428149540000
0!
b00000101 #
0%
b00000101 '
0*
#428191205000
1!
1%
b11 (
#428232870000
0!
0%
#428274535000
1!
1%
b100 (
#428316200000
0!
0%
#428357865000
1!
b00000010 #
1%
b00000010 '
b0 (
0)
#428399530000
0!
0%
#428441195000
1!
1%
b1 (
#428482860000
0!
0%
#428524525000
1!
1%
b10 (
#428566190000
0!
b00001010 #
0%
b00001010 '
1*
#428607855000
1!
1%
b11 (
#428649520000
0!
0%
#428691185000
1!
1%
b100 (
#428732850000
0!
0%
#428774515000
1!
b00001101 #
1%
b00001101 '
b0 (
1)
#428816180000
0!
0%
#428857845000
1!
1%
b1 (
#428899510000
0!
0%
#428941175000
1!
1%
b10 (
#428982840000
0!
b00000101 #
0%
b00000101 '
0*
#429024505000
1!
1%
b11 (
#429066170000
0!
0%
#429107835000
1!
1%
b100 (
#429149500000
0!
0%
#429191165000
1!
b00000010 #
1%
b00000010 '
b0 (
0)
#429232830000
0!
0%
#429274495000
1!
1%
b1 (
#429316160000
0!
0%
#429357825000
1!
1%
b10 (
#429399490000
0!
b00001010 #
0%
b00001010 '
1*
#429441155000
1!
1%
b11 (
#429482820000
0!
0%
#429524485000
1!
1%
b100 (
#429566150000
0!
0%
#429607815000
1!
b00001101 #
1%
b00001101 '
b0 (
1)
#429649480000
0!
0%
#429691145000
1!
1%
b1 (
#429732810000
0!
0%
#429774475000
1!
1%
b10 (
#429816140000
0!
b00000101 #
0%
b00000101 '
0*
#429857805000
1!
1%
b11 (
#429899470000
0!
0%
#429941135000
1!
1%
b100 (
#429982800000
0!
0%
#430024465000
1!
b00000010 #
1%
b00000010 '
b0 (
0)
#430066130000
0!
0%
#430107795000
1!
1%
b1 (
#430149460000
0!
0%
#430191125000
1!
1%
b10 (
#430232790000
0!
b00001010 #
0%
b00001010 '
1*
#430274455000
1!
1%
b11 (
#430316120000
0!
0%
#430357785000
1!
1%
b100 (
#430399450000
0!
0%
#430441115000
1!
b00001101 #
1%
b00001101 '
b0 (
1)
#430482780000
0!
0%
#430524445000
1!
1%
b1 (
#430566110000
0!
0%
#430607775000
1!
1%
b10 (
#430649440000
0!
b00000101 #
0%
b00000101 '
0*
#430691105000
1!
1%
b11 (
#430732770000
0!
0%
#430774435000
1!
1%
b100 (
#430816100000
0!
0%
#430857765000
1!
b00000010 #
1%
b00000010 '
b0 (
0)
#430899430000
0!
0%
#430941095000
1!
1%
b1 (
#430982760000
0!
0%
#431024425000
1!
1%
b10 (
#431066090000
0!
b00001010 #
0%
b00001010 '
1*
#431107755000
1!
1%
b11 (
#431149420000
0!
0%
#431191085000
1!
1%
b100 (
#431232750000
0!
0%
#431274415000
1!
b00001101 #
1%
b00001101 '
b0 (
1)
#431316080000
0!
0%
#431357745000
1!
1%
b1 (
#431399410000
0!
0%
#431441075000
1!
1%
b10 (
#431482740000
0!
b00000101 #
0%
b00000101 '
0*
#431524405000
1!
1%
b11 (
#431566070000
0!
0%
#431607735000
1!
1%
b100 (
#431649400000
0!
0%
#431691065000
1!
b00000010 #
1%
b00000010 '
b0 (
0)
#431732730000
0!
0%
#431774395000
1!
1%
b1 (
#431816060000
0!
0%
#431857725000
1!
1%
b10 (
#431899390000
0!
b00001010 #
0%
b00001010 '
1*
#431941055000
1!
1%
b11 (
#431982720000
0!
0%
#432024385000
1!
1%
b100 (
#432066050000
0!
0%
#432107715000
1!
b00001101 #
1%
b00001101 '
b0 (
1)
#432149380000
0!
0%
#432191045000
1!
1%
b1 (
#432232710000
0!
0%
#432274375000
1!
1%
b10 (
#432316040000
0!
b00000101 #
0%
b00000101 '
0*
#432357705000
1!
1%
b11 (
#432399370000
0!
0%
#432441035000
1!
1%
b100 (
#432482700000
0!
0%
#432524365000
1!
b00000010 #
1%
b00000010 '
b0 (
0)
#432566030000
0!
0%
#432607695000
1!
1%
b1 (
#432649360000
0!
0%
#432691025000
1!
1%
b10 (
#432732690000
0!
b00001010 #
0%
b00001010 '
1*
#432774355000
1!
1%
b11 (
#432816020000
0!
0%
#432857685000
1!
1%
b100 (
#432899350000
0!
0%
#432941015000
1!
b00001101 #
1%
b00001101 '
b0 (
1)
#432982680000
0!
0%
#433024345000
1!
1%
b1 (
#433066010000
0!
0%
#433107675000
1!
1%
b10 (
#433149340000
0!
b00000101 #
0%
b00000101 '
0*
#433191005000
1!
1%
b11 (
#433232670000
0!
0%
#433274335000
1!
1%
b100 (
#433316000000
0!
0%
#433357665000
1!
b00000010 #
1%
b00000010 '
b0 (
0)
#433399330000
0!
0%
#433440995000
1!
1%
b1 (
#433482660000
0!
0%
#433524325000
1!
1%
b10 (
#433565990000
0!
b00001010 #
0%
b00001010 '
1*
#433607655000
1!
1%
b11 (
#433649320000
0!
0%
#433690985000
1!
1%
b100 (
#433732650000
0!
0%
#433774315000
1!
b00001101 #
1%
b00001101 '
b0 (
1)
#433815980000
0!
0%
#433857645000
1!
1%
b1 (
#433899310000
0!
0%
#433940975000
1!
1%
b10 (
#433982640000
0!
b00000101 #
0%
b00000101 '
0*
#434024305000
1!
1%
b11 (
#434065970000
0!
0%
#434107635000
1!
1%
b100 (
#434149300000
0!
0%
#434190965000
1!
b00000010 #
1%
b00000010 '
b0 (
0)
#434232630000
0!
0%
#434274295000
1!
1%
b1 (
#434315960000
0!
0%
#434357625000
1!
1%
b10 (
#434399290000
0!
b00001010 #
0%
b00001010 '
1*
#434440955000
1!
1%
b11 (
#434482620000
0!
0%
#434524285000
1!
1%
b100 (
#434565950000
0!
0%
#434607615000
1!
b00001101 #
1%
b00001101 '
b0 (
1)
#434649280000
0!
0%
#434690945000
1!
1%
b1 (
#434732610000
0!
0%
#434774275000
1!
1%
b10 (
#434815940000
0!
b00000101 #
0%
b00000101 '
0*
#434857605000
1!
1%
b11 (
#434899270000
0!
0%
#434940935000
1!
1%
b100 (
#434982600000
0!
0%
#435024265000
1!
b00000010 #
1%
b00000010 '
b0 (
0)
#435065930000
0!
0%
#435107595000
1!
1%
b1 (
#435149260000
0!
0%
#435190925000
1!
1%
b10 (
#435232590000
0!
b00001010 #
0%
b00001010 '
1*
#435274255000
1!
1%
b11 (
#435315920000
0!
0%
#435357585000
1!
1%
b100 (
#435399250000
0!
0%
#435440915000
1!
b00001101 #
1%
b00001101 '
b0 (
1)
#435482580000
0!
0%
#435524245000
1!
1%
b1 (
#435565910000
0!
0%
#435607575000
1!
1%
b10 (
#435649240000
0!
b00000101 #
0%
b00000101 '
0*
#435690905000
1!
1%
b11 (
#435732570000
0!
0%
#435774235000
1!
1%
b100 (
#435815900000
0!
0%
#435857565000
1!
b00000010 #
1%
b00000010 '
b0 (
0)
#435899230000
0!
0%
#435940895000
1!
1%
b1 (
#435982560000
0!
0%
#436024225000
1!
1%
b10 (
#436065890000
0!
b00001010 #
0%
b00001010 '
1*
#436107555000
1!
1%
b11 (
#436149220000
0!
0%
#436190885000
1!
1%
b100 (
#436232550000
0!
0%
#436274215000
1!
b00001101 #
1%
b00001101 '
b0 (
1)
#436315880000
0!
0%
#436357545000
1!
1%
b1 (
#436399210000
0!
0%
#436440875000
1!
1%
b10 (
#436482540000
0!
b00000101 #
0%
b00000101 '
0*
#436524205000
1!
1%
b11 (
#436565870000
0!
0%
#436607535000
1!
1%
b100 (
#436649200000
0!
0%
#436690865000
1!
b00000010 #
1%
b00000010 '
b0 (
0)
#436732530000
0!
0%
#436774195000
1!
1%
b1 (
#436815860000
0!
0%
#436857525000
1!
1%
b10 (
#436899190000
0!
b00001010 #
0%
b00001010 '
1*
#436940855000
1!
1%
b11 (
#436982520000
0!
0%
#437024185000
1!
1%
b100 (
#437065850000
0!
0%
#437107515000
1!
b00001101 #
1%
b00001101 '
b0 (
1)
#437149180000
0!
0%
#437190845000
1!
1%
b1 (
#437232510000
0!
0%
#437274175000
1!
1%
b10 (
#437315840000
0!
b00000101 #
0%
b00000101 '
0*
#437357505000
1!
1%
b11 (
#437399170000
0!
0%
#437440835000
1!
1%
b100 (
#437482500000
0!
0%
#437524165000
1!
b00000010 #
1%
b00000010 '
b0 (
0)
#437565830000
0!
0%
#437607495000
1!
1%
b1 (
#437649160000
0!
0%
#437690825000
1!
1%
b10 (
#437732490000
0!
b00001010 #
0%
b00001010 '
1*
#437774155000
1!
1%
b11 (
#437815820000
0!
0%
#437857485000
1!
1%
b100 (
#437899150000
0!
0%
#437940815000
1!
b00001101 #
1%
b00001101 '
b0 (
1)
#437982480000
0!
0%
#438024145000
1!
1%
b1 (
#438065810000
0!
0%
#438107475000
1!
1%
b10 (
#438149140000
0!
b00000101 #
0%
b00000101 '
0*
#438190805000
1!
1%
b11 (
#438232470000
0!
0%
#438274135000
1!
1%
b100 (
#438315800000
0!
0%
#438357465000
1!
b00000010 #
1%
b00000010 '
b0 (
0)
#438399130000
0!
0%
#438440795000
1!
1%
b1 (
#438482460000
0!
0%
#438524125000
1!
1%
b10 (
#438565790000
0!
b00001010 #
0%
b00001010 '
1*
#438607455000
1!
1%
b11 (
#438649120000
0!
0%
#438690785000
1!
1%
b100 (
#438732450000
0!
0%
#438774115000
1!
b00001101 #
1%
b00001101 '
b0 (
1)
#438815780000
0!
0%
#438857445000
1!
1%
b1 (
#438899110000
0!
0%
#438940775000
1!
1%
b10 (
#438982440000
0!
b00000101 #
0%
b00000101 '
0*
#439024105000
1!
1%
b11 (
#439065770000
0!
0%
#439107435000
1!
1%
b100 (
#439149100000
0!
0%
#439190765000
1!
b00000010 #
1%
b00000010 '
b0 (
0)
#439232430000
0!
0%
#439274095000
1!
1%
b1 (
#439315760000
0!
0%
#439357425000
1!
1%
b10 (
#439399090000
0!
b00001010 #
0%
b00001010 '
1*
#439440755000
1!
1%
b11 (
#439482420000
0!
0%
#439524085000
1!
1%
b100 (
#439565750000
0!
0%
#439607415000
1!
b00001101 #
1%
b00001101 '
b0 (
1)
#439649080000
0!
0%
#439690745000
1!
1%
b1 (
#439732410000
0!
0%
#439774075000
1!
1%
b10 (
#439815740000
0!
b00000101 #
0%
b00000101 '
0*
#439857405000
1!
1%
b11 (
#439899070000
0!
0%
#439940735000
1!
1%
b100 (
#439982400000
0!
0%
#440024065000
1!
b00000010 #
1%
b00000010 '
b0 (
0)
#440065730000
0!
0%
#440107395000
1!
1%
b1 (
#440149060000
0!
0%
#440190725000
1!
1%
b10 (
#440232390000
0!
b00001010 #
0%
b00001010 '
1*
#440274055000
1!
1%
b11 (
#440315720000
0!
0%
#440357385000
1!
1%
b100 (
#440399050000
0!
0%
#440440715000
1!
b00001101 #
1%
b00001101 '
b0 (
1)
#440482380000
0!
0%
#440524045000
1!
1%
b1 (
#440565710000
0!
0%
#440607375000
1!
1%
b10 (
#440649040000
0!
b00000101 #
0%
b00000101 '
0*
#440690705000
1!
1%
b11 (
#440732370000
0!
0%
#440774035000
1!
1%
b100 (
#440815700000
0!
0%
#440857365000
1!
b00000010 #
1%
b00000010 '
b0 (
0)
#440899030000
0!
0%
#440940695000
1!
1%
b1 (
#440982360000
0!
0%
#441024025000
1!
1%
b10 (
#441065690000
0!
b00001010 #
0%
b00001010 '
1*
#441107355000
1!
1%
b11 (
#441149020000
0!
0%
#441190685000
1!
1%
b100 (
#441232350000
0!
0%
#441274015000
1!
b00001101 #
1%
b00001101 '
b0 (
1)
#441315680000
0!
0%
#441357345000
1!
1%
b1 (
#441399010000
0!
0%
#441440675000
1!
1%
b10 (
#441482340000
0!
b00000101 #
0%
b00000101 '
0*
#441524005000
1!
1%
b11 (
#441565670000
0!
0%
#441607335000
1!
1%
b100 (
#441649000000
0!
0%
#441690665000
1!
b00000010 #
1%
b00000010 '
b0 (
0)
#441732330000
0!
0%
#441773995000
1!
1%
b1 (
#441815660000
0!
0%
#441857325000
1!
1%
b10 (
#441898990000
0!
b00001010 #
0%
b00001010 '
1*
#441940655000
1!
1%
b11 (
#441982320000
0!
0%
#442023985000
1!
1%
b100 (
#442065650000
0!
0%
#442107315000
1!
b00001101 #
1%
b00001101 '
b0 (
1)
#442148980000
0!
0%
#442190645000
1!
1%
b1 (
#442232310000
0!
0%
#442273975000
1!
1%
b10 (
#442315640000
0!
b00000101 #
0%
b00000101 '
0*
#442357305000
1!
1%
b11 (
#442398970000
0!
0%
#442440635000
1!
1%
b100 (
#442482300000
0!
0%
#442523965000
1!
b00000010 #
1%
b00000010 '
b0 (
0)
#442565630000
0!
0%
#442607295000
1!
1%
b1 (
#442648960000
0!
0%
#442690625000
1!
1%
b10 (
#442732290000
0!
b00001010 #
0%
b00001010 '
1*
#442773955000
1!
1%
b11 (
#442815620000
0!
0%
#442857285000
1!
1%
b100 (
#442898950000
0!
0%
#442940615000
1!
b00001101 #
1%
b00001101 '
b0 (
1)
#442982280000
0!
0%
#443023945000
1!
1%
b1 (
#443065610000
0!
0%
#443107275000
1!
1%
b10 (
#443148940000
0!
b00000101 #
0%
b00000101 '
0*
#443190605000
1!
1%
b11 (
#443232270000
0!
0%
#443273935000
1!
1%
b100 (
#443315600000
0!
0%
#443357265000
1!
b00000010 #
1%
b00000010 '
b0 (
0)
#443398930000
0!
0%
#443440595000
1!
1%
b1 (
#443482260000
0!
0%
#443523925000
1!
1%
b10 (
#443565590000
0!
b00001010 #
0%
b00001010 '
1*
#443607255000
1!
1%
b11 (
#443648920000
0!
0%
#443690585000
1!
1%
b100 (
#443732250000
0!
0%
#443773915000
1!
b00001101 #
1%
b00001101 '
b0 (
1)
#443815580000
0!
0%
#443857245000
1!
1%
b1 (
#443898910000
0!
0%
#443940575000
1!
1%
b10 (
#443982240000
0!
b00000101 #
0%
b00000101 '
0*
#444023905000
1!
1%
b11 (
#444065570000
0!
0%
#444107235000
1!
1%
b100 (
#444148900000
0!
0%
#444190565000
1!
b00000010 #
1%
b00000010 '
b0 (
0)
#444232230000
0!
0%
#444273895000
1!
1%
b1 (
#444315560000
0!
0%
#444357225000
1!
1%
b10 (
#444398890000
0!
b00001010 #
0%
b00001010 '
1*
#444440555000
1!
1%
b11 (
#444482220000
0!
0%
#444523885000
1!
1%
b100 (
#444565550000
0!
0%
#444607215000
1!
b00001101 #
1%
b00001101 '
b0 (
1)
#444648880000
0!
0%
#444690545000
1!
1%
b1 (
#444732210000
0!
0%
#444773875000
1!
1%
b10 (
#444815540000
0!
b00000101 #
0%
b00000101 '
0*
#444857205000
1!
1%
b11 (
#444898870000
0!
0%
#444940535000
1!
1%
b100 (
#444982200000
0!
0%
#445023865000
1!
b00000010 #
1%
b00000010 '
b0 (
0)
#445065530000
0!
0%
#445107195000
1!
1%
b1 (
#445148860000
0!
0%
#445190525000
1!
1%
b10 (
#445232190000
0!
b00001010 #
0%
b00001010 '
1*
#445273855000
1!
1%
b11 (
#445315520000
0!
0%
#445357185000
1!
1%
b100 (
#445398850000
0!
0%
#445440515000
1!
b00001101 #
1%
b00001101 '
b0 (
1)
#445482180000
0!
0%
#445523845000
1!
1%
b1 (
#445565510000
0!
0%
#445607175000
1!
1%
b10 (
#445648840000
0!
b00000101 #
0%
b00000101 '
0*
#445690505000
1!
1%
b11 (
#445732170000
0!
0%
#445773835000
1!
1%
b100 (
#445815500000
0!
0%
#445857165000
1!
b00000010 #
1%
b00000010 '
b0 (
0)
#445898830000
0!
0%
#445940495000
1!
1%
b1 (
#445982160000
0!
0%
#446023825000
1!
1%
b10 (
#446065490000
0!
b00001010 #
0%
b00001010 '
1*
#446107155000
1!
1%
b11 (
#446148820000
0!
0%
#446190485000
1!
1%
b100 (
#446232150000
0!
0%
#446273815000
1!
b00001101 #
1%
b00001101 '
b0 (
1)
#446315480000
0!
0%
#446357145000
1!
1%
b1 (
#446398810000
0!
0%
#446440475000
1!
1%
b10 (
#446482140000
0!
b00000101 #
0%
b00000101 '
0*
#446523805000
1!
1%
b11 (
#446565470000
0!
0%
#446607135000
1!
1%
b100 (
#446648800000
0!
0%
#446690465000
1!
b00000010 #
1%
b00000010 '
b0 (
0)
#446732130000
0!
0%
#446773795000
1!
1%
b1 (
#446815460000
0!
0%
#446857125000
1!
1%
b10 (
#446898790000
0!
b00001010 #
0%
b00001010 '
1*
#446940455000
1!
1%
b11 (
#446982120000
0!
0%
#447023785000
1!
1%
b100 (
#447065450000
0!
0%
#447107115000
1!
b00001101 #
1%
b00001101 '
b0 (
1)
#447148780000
0!
0%
#447190445000
1!
1%
b1 (
#447232110000
0!
0%
#447273775000
1!
1%
b10 (
#447315440000
0!
b00000101 #
0%
b00000101 '
0*
#447357105000
1!
1%
b11 (
#447398770000
0!
0%
#447440435000
1!
1%
b100 (
#447482100000
0!
0%
#447523765000
1!
b00000010 #
1%
b00000010 '
b0 (
0)
#447565430000
0!
0%
#447607095000
1!
1%
b1 (
#447648760000
0!
0%
#447690425000
1!
1%
b10 (
#447732090000
0!
b00001010 #
0%
b00001010 '
1*
#447773755000
1!
1%
b11 (
#447815420000
0!
0%
#447857085000
1!
1%
b100 (
#447898750000
0!
0%
#447940415000
1!
b00001101 #
1%
b00001101 '
b0 (
1)
#447982080000
0!
0%
#448023745000
1!
1%
b1 (
#448065410000
0!
0%
#448107075000
1!
1%
b10 (
#448148740000
0!
b00000101 #
0%
b00000101 '
0*
#448190405000
1!
1%
b11 (
#448232070000
0!
0%
#448273735000
1!
1%
b100 (
#448315400000
0!
0%
#448357065000
1!
b00000010 #
1%
b00000010 '
b0 (
0)
#448398730000
0!
0%
#448440395000
1!
1%
b1 (
#448482060000
0!
0%
#448523725000
1!
1%
b10 (
#448565390000
0!
b00001010 #
0%
b00001010 '
1*
#448607055000
1!
1%
b11 (
#448648720000
0!
0%
#448690385000
1!
1%
b100 (
#448732050000
0!
0%
#448773715000
1!
b00001101 #
1%
b00001101 '
b0 (
1)
#448815380000
0!
0%
#448857045000
1!
1%
b1 (
#448898710000
0!
0%
#448940375000
1!
1%
b10 (
#448982040000
0!
b00000101 #
0%
b00000101 '
0*
#449023705000
1!
1%
b11 (
#449065370000
0!
0%
#449107035000
1!
1%
b100 (
#449148700000
0!
0%
#449190365000
1!
b00000010 #
1%
b00000010 '
b0 (
0)
#449232030000
0!
0%
#449273695000
1!
1%
b1 (
#449315360000
0!
0%
#449357025000
1!
1%
b10 (
#449398690000
0!
b00001010 #
0%
b00001010 '
1*
#449440355000
1!
1%
b11 (
#449482020000
0!
0%
#449523685000
1!
1%
b100 (
#449565350000
0!
0%
#449607015000
1!
b00001101 #
1%
b00001101 '
b0 (
1)
#449648680000
0!
0%
#449690345000
1!
1%
b1 (
#449732010000
0!
0%
#449773675000
1!
1%
b10 (
#449815340000
0!
b00000101 #
0%
b00000101 '
0*
#449857005000
1!
1%
b11 (
#449898670000
0!
0%
#449940335000
1!
1%
b100 (
#449982000000
0!
0%
#450023665000
1!
b00000010 #
1%
b00000010 '
b0 (
0)
#450065330000
0!
0%
#450106995000
1!
1%
b1 (
#450148660000
0!
0%
#450190325000
1!
1%
b10 (
#450231990000
0!
b00001010 #
0%
b00001010 '
1*
#450273655000
1!
1%
b11 (
#450315320000
0!
0%
#450356985000
1!
1%
b100 (
#450398650000
0!
0%
#450440315000
1!
b00001101 #
1%
b00001101 '
b0 (
1)
#450481980000
0!
0%
#450523645000
1!
1%
b1 (
#450565310000
0!
0%
#450606975000
1!
1%
b10 (
#450648640000
0!
b00000101 #
0%
b00000101 '
0*
#450690305000
1!
1%
b11 (
#450731970000
0!
0%
#450773635000
1!
1%
b100 (
#450815300000
0!
0%
#450856965000
1!
b00000010 #
1%
b00000010 '
b0 (
0)
#450898630000
0!
0%
#450940295000
1!
1%
b1 (
#450981960000
0!
0%
#451023625000
1!
1%
b10 (
#451065290000
0!
b00001010 #
0%
b00001010 '
1*
#451106955000
1!
1%
b11 (
#451148620000
0!
0%
#451190285000
1!
1%
b100 (
#451231950000
0!
0%
#451273615000
1!
b00001101 #
1%
b00001101 '
b0 (
1)
#451315280000
0!
0%
#451356945000
1!
1%
b1 (
#451398610000
0!
0%
#451440275000
1!
1%
b10 (
#451481940000
0!
b00000101 #
0%
b00000101 '
0*
#451523605000
1!
1%
b11 (
#451565270000
0!
0%
#451606935000
1!
1%
b100 (
#451648600000
0!
0%
#451690265000
1!
b00000010 #
1%
b00000010 '
b0 (
0)
#451731930000
0!
0%
#451773595000
1!
1%
b1 (
#451815260000
0!
0%
#451856925000
1!
1%
b10 (
#451898590000
0!
b00001010 #
0%
b00001010 '
1*
#451940255000
1!
1%
b11 (
#451981920000
0!
0%
#452023585000
1!
1%
b100 (
#452065250000
0!
0%
#452106915000
1!
b00001101 #
1%
b00001101 '
b0 (
1)
#452148580000
0!
0%
#452190245000
1!
1%
b1 (
#452231910000
0!
0%
#452273575000
1!
1%
b10 (
#452315240000
0!
b00000101 #
0%
b00000101 '
0*
#452356905000
1!
1%
b11 (
#452398570000
0!
0%
#452440235000
1!
1%
b100 (
#452481900000
0!
0%
#452523565000
1!
b00000010 #
1%
b00000010 '
b0 (
0)
#452565230000
0!
0%
#452606895000
1!
1%
b1 (
#452648560000
0!
0%
#452690225000
1!
1%
b10 (
#452731890000
0!
b00001010 #
0%
b00001010 '
1*
#452773555000
1!
1%
b11 (
#452815220000
0!
0%
#452856885000
1!
1%
b100 (
#452898550000
0!
0%
#452940215000
1!
b00001101 #
1%
b00001101 '
b0 (
1)
#452981880000
0!
0%
#453023545000
1!
1%
b1 (
#453065210000
0!
0%
#453106875000
1!
1%
b10 (
#453148540000
0!
b00000101 #
0%
b00000101 '
0*
#453190205000
1!
1%
b11 (
#453231870000
0!
0%
#453273535000
1!
1%
b100 (
#453315200000
0!
0%
#453356865000
1!
b00000010 #
1%
b00000010 '
b0 (
0)
#453398530000
0!
0%
#453440195000
1!
1%
b1 (
#453481860000
0!
0%
#453523525000
1!
1%
b10 (
#453565190000
0!
b00001010 #
0%
b00001010 '
1*
#453606855000
1!
1%
b11 (
#453648520000
0!
0%
#453690185000
1!
1%
b100 (
#453731850000
0!
0%
#453773515000
1!
b00001101 #
1%
b00001101 '
b0 (
1)
#453815180000
0!
0%
#453856845000
1!
1%
b1 (
#453898510000
0!
0%
#453940175000
1!
1%
b10 (
#453981840000
0!
b00000101 #
0%
b00000101 '
0*
#454023505000
1!
1%
b11 (
#454065170000
0!
0%
#454106835000
1!
1%
b100 (
#454148500000
0!
0%
#454190165000
1!
b00000010 #
1%
b00000010 '
b0 (
0)
#454231830000
0!
0%
#454273495000
1!
1%
b1 (
#454315160000
0!
0%
#454356825000
1!
1%
b10 (
#454398490000
0!
b00001010 #
0%
b00001010 '
1*
#454440155000
1!
1%
b11 (
#454481820000
0!
0%
#454523485000
1!
1%
b100 (
#454565150000
0!
0%
#454606815000
1!
b00001101 #
1%
b00001101 '
b0 (
1)
#454648480000
0!
0%
#454690145000
1!
1%
b1 (
#454731810000
0!
0%
#454773475000
1!
1%
b10 (
#454815140000
0!
b00000101 #
0%
b00000101 '
0*
#454856805000
1!
1%
b11 (
#454898470000
0!
0%
#454940135000
1!
1%
b100 (
#454981800000
0!
0%
#455023465000
1!
b00000010 #
1%
b00000010 '
b0 (
0)
#455065130000
0!
0%
#455106795000
1!
1%
b1 (
#455148460000
0!
0%
#455190125000
1!
1%
b10 (
#455231790000
0!
b00001010 #
0%
b00001010 '
1*
#455273455000
1!
1%
b11 (
#455315120000
0!
0%
#455356785000
1!
1%
b100 (
#455398450000
0!
0%
#455440115000
1!
b00001101 #
1%
b00001101 '
b0 (
1)
#455481780000
0!
0%
#455523445000
1!
1%
b1 (
#455565110000
0!
0%
#455606775000
1!
1%
b10 (
#455648440000
0!
b00000101 #
0%
b00000101 '
0*
#455690105000
1!
1%
b11 (
#455731770000
0!
0%
#455773435000
1!
1%
b100 (
#455815100000
0!
0%
#455856765000
1!
b00000010 #
1%
b00000010 '
b0 (
0)
#455898430000
0!
0%
#455940095000
1!
1%
b1 (
#455981760000
0!
0%
#456023425000
1!
1%
b10 (
#456065090000
0!
b00001010 #
0%
b00001010 '
1*
#456106755000
1!
1%
b11 (
#456148420000
0!
0%
#456190085000
1!
1%
b100 (
#456231750000
0!
0%
#456273415000
1!
b00001101 #
1%
b00001101 '
b0 (
1)
#456315080000
0!
0%
#456356745000
1!
1%
b1 (
#456398410000
0!
0%
#456440075000
1!
1%
b10 (
#456481740000
0!
b00000101 #
0%
b00000101 '
0*
#456523405000
1!
1%
b11 (
#456565070000
0!
0%
#456606735000
1!
1%
b100 (
#456648400000
0!
0%
#456690065000
1!
b00000010 #
1%
b00000010 '
b0 (
0)
#456731730000
0!
0%
#456773395000
1!
1%
b1 (
#456815060000
0!
0%
#456856725000
1!
1%
b10 (
#456898390000
0!
b00001010 #
0%
b00001010 '
1*
#456940055000
1!
1%
b11 (
#456981720000
0!
0%
#457023385000
1!
1%
b100 (
#457065050000
0!
0%
#457106715000
1!
b00001101 #
1%
b00001101 '
b0 (
1)
#457148380000
0!
0%
#457190045000
1!
1%
b1 (
#457231710000
0!
0%
#457273375000
1!
1%
b10 (
#457315040000
0!
b00000101 #
0%
b00000101 '
0*
#457356705000
1!
1%
b11 (
#457398370000
0!
0%
#457440035000
1!
1%
b100 (
#457481700000
0!
0%
#457523365000
1!
b00000010 #
1%
b00000010 '
b0 (
0)
#457565030000
0!
0%
#457606695000
1!
1%
b1 (
#457648360000
0!
0%
#457690025000
1!
1%
b10 (
#457731690000
0!
b00001010 #
0%
b00001010 '
1*
#457773355000
1!
1%
b11 (
#457815020000
0!
0%
#457856685000
1!
1%
b100 (
#457898350000
0!
0%
#457940015000
1!
b00001101 #
1%
b00001101 '
b0 (
1)
#457981680000
0!
0%
#458023345000
1!
1%
b1 (
#458065010000
0!
0%
#458106675000
1!
1%
b10 (
#458148340000
0!
b00000101 #
0%
b00000101 '
0*
#458190005000
1!
1%
b11 (
#458231670000
0!
0%
#458273335000
1!
1%
b100 (
#458315000000
0!
0%
#458356665000
1!
b00000010 #
1%
b00000010 '
b0 (
0)
#458398330000
0!
0%
#458439995000
1!
1%
b1 (
#458481660000
0!
0%
#458523325000
1!
1%
b10 (
#458564990000
0!
b00001010 #
0%
b00001010 '
1*
#458606655000
1!
1%
b11 (
#458648320000
0!
0%
#458689985000
1!
1%
b100 (
#458731650000
0!
0%
#458773315000
1!
b00001101 #
1%
b00001101 '
b0 (
1)
#458814980000
0!
0%
#458856645000
1!
1%
b1 (
#458898310000
0!
0%
#458939975000
1!
1%
b10 (
#458981640000
0!
b00000101 #
0%
b00000101 '
0*
#459023305000
1!
1%
b11 (
#459064970000
0!
0%
#459106635000
1!
1%
b100 (
#459148300000
0!
0%
#459189965000
1!
b00000010 #
1%
b00000010 '
b0 (
0)
#459231630000
0!
0%
#459273295000
1!
1%
b1 (
#459314960000
0!
0%
#459356625000
1!
1%
b10 (
#459398290000
0!
b00001010 #
0%
b00001010 '
1*
#459439955000
1!
1%
b11 (
#459481620000
0!
0%
#459523285000
1!
1%
b100 (
#459564950000
0!
0%
#459606615000
1!
b00001101 #
1%
b00001101 '
b0 (
1)
#459648280000
0!
0%
#459689945000
1!
1%
b1 (
#459731610000
0!
0%
#459773275000
1!
1%
b10 (
#459814940000
0!
b00000101 #
0%
b00000101 '
0*
#459856605000
1!
1%
b11 (
#459898270000
0!
0%
#459939935000
1!
1%
b100 (
#459981600000
0!
0%
#460023265000
1!
b00000010 #
1%
b00000010 '
b0 (
0)
#460064930000
0!
0%
#460106595000
1!
1%
b1 (
#460148260000
0!
0%
#460189925000
1!
1%
b10 (
#460231590000
0!
b00001010 #
0%
b00001010 '
1*
#460273255000
1!
1%
b11 (
#460314920000
0!
0%
#460356585000
1!
1%
b100 (
#460398250000
0!
0%
#460439915000
1!
b00001101 #
1%
b00001101 '
b0 (
1)
#460481580000
0!
0%
#460523245000
1!
1%
b1 (
#460564910000
0!
0%
#460606575000
1!
1%
b10 (
#460648240000
0!
b00000101 #
0%
b00000101 '
0*
#460689905000
1!
1%
b11 (
#460731570000
0!
0%
#460773235000
1!
1%
b100 (
#460814900000
0!
0%
#460856565000
1!
b00000010 #
1%
b00000010 '
b0 (
0)
#460898230000
0!
0%
#460939895000
1!
1%
b1 (
#460981560000
0!
0%
#461023225000
1!
1%
b10 (
#461064890000
0!
b00001010 #
0%
b00001010 '
1*
#461106555000
1!
1%
b11 (
#461148220000
0!
0%
#461189885000
1!
1%
b100 (
#461231550000
0!
0%
#461273215000
1!
b00001101 #
1%
b00001101 '
b0 (
1)
#461314880000
0!
0%
#461356545000
1!
1%
b1 (
#461398210000
0!
0%
#461439875000
1!
1%
b10 (
#461481540000
0!
b00000101 #
0%
b00000101 '
0*
#461523205000
1!
1%
b11 (
#461564870000
0!
0%
#461606535000
1!
1%
b100 (
#461648200000
0!
0%
#461689865000
1!
b00000010 #
1%
b00000010 '
b0 (
0)
#461731530000
0!
0%
#461773195000
1!
1%
b1 (
#461814860000
0!
0%
#461856525000
1!
1%
b10 (
#461898190000
0!
b00001010 #
0%
b00001010 '
1*
#461939855000
1!
1%
b11 (
#461981520000
0!
0%
#462023185000
1!
1%
b100 (
#462064850000
0!
0%
#462106515000
1!
b00001101 #
1%
b00001101 '
b0 (
1)
#462148180000
0!
0%
#462189845000
1!
1%
b1 (
#462231510000
0!
0%
#462273175000
1!
1%
b10 (
#462314840000
0!
b00000101 #
0%
b00000101 '
0*
#462356505000
1!
1%
b11 (
#462398170000
0!
0%
#462439835000
1!
1%
b100 (
#462481500000
0!
0%
#462523165000
1!
b00000010 #
1%
b00000010 '
b0 (
0)
#462564830000
0!
0%
#462606495000
1!
1%
b1 (
#462648160000
0!
0%
#462689825000
1!
1%
b10 (
#462731490000
0!
b00001010 #
0%
b00001010 '
1*
#462773155000
1!
1%
b11 (
#462814820000
0!
0%
#462856485000
1!
1%
b100 (
#462898150000
0!
0%
#462939815000
1!
b00001101 #
1%
b00001101 '
b0 (
1)
#462981480000
0!
0%
#463023145000
1!
1%
b1 (
#463064810000
0!
0%
#463106475000
1!
1%
b10 (
#463148140000
0!
b00000101 #
0%
b00000101 '
0*
#463189805000
1!
1%
b11 (
#463231470000
0!
0%
#463273135000
1!
1%
b100 (
#463314800000
0!
0%
#463356465000
1!
b00000010 #
1%
b00000010 '
b0 (
0)
#463398130000
0!
0%
#463439795000
1!
1%
b1 (
#463481460000
0!
0%
#463523125000
1!
1%
b10 (
#463564790000
0!
b00001010 #
0%
b00001010 '
1*
#463606455000
1!
1%
b11 (
#463648120000
0!
0%
#463689785000
1!
1%
b100 (
#463731450000
0!
0%
#463773115000
1!
b00001101 #
1%
b00001101 '
b0 (
1)
#463814780000
0!
0%
#463856445000
1!
1%
b1 (
#463898110000
0!
0%
#463939775000
1!
1%
b10 (
#463981440000
0!
b00000101 #
0%
b00000101 '
0*
#464023105000
1!
1%
b11 (
#464064770000
0!
0%
#464106435000
1!
1%
b100 (
#464148100000
0!
0%
#464189765000
1!
b00000010 #
1%
b00000010 '
b0 (
0)
#464231430000
0!
0%
#464273095000
1!
1%
b1 (
#464314760000
0!
0%
#464356425000
1!
1%
b10 (
#464398090000
0!
b00001010 #
0%
b00001010 '
1*
#464439755000
1!
1%
b11 (
#464481420000
0!
0%
#464523085000
1!
1%
b100 (
#464564750000
0!
0%
#464606415000
1!
b00001101 #
1%
b00001101 '
b0 (
1)
#464648080000
0!
0%
#464689745000
1!
1%
b1 (
#464731410000
0!
0%
#464773075000
1!
1%
b10 (
#464814740000
0!
b00000101 #
0%
b00000101 '
0*
#464856405000
1!
1%
b11 (
#464898070000
0!
0%
#464939735000
1!
1%
b100 (
#464981400000
0!
0%
#465023065000
1!
b00000010 #
1%
b00000010 '
b0 (
0)
#465064730000
0!
0%
#465106395000
1!
1%
b1 (
#465148060000
0!
0%
#465189725000
1!
1%
b10 (
#465231390000
0!
b00001010 #
0%
b00001010 '
1*
#465273055000
1!
1%
b11 (
#465314720000
0!
0%
#465356385000
1!
1%
b100 (
#465398050000
0!
0%
#465439715000
1!
b00001101 #
1%
b00001101 '
b0 (
1)
#465481380000
0!
0%
#465523045000
1!
1%
b1 (
#465564710000
0!
0%
#465606375000
1!
1%
b10 (
#465648040000
0!
b00000101 #
0%
b00000101 '
0*
#465689705000
1!
1%
b11 (
#465731370000
0!
0%
#465773035000
1!
1%
b100 (
#465814700000
0!
0%
#465856365000
1!
b00000010 #
1%
b00000010 '
b0 (
0)
#465898030000
0!
0%
#465939695000
1!
1%
b1 (
#465981360000
0!
0%
#466023025000
1!
1%
b10 (
#466064690000
0!
b00001010 #
0%
b00001010 '
1*
#466106355000
1!
1%
b11 (
#466148020000
0!
0%
#466189685000
1!
1%
b100 (
#466231350000
0!
0%
#466273015000
1!
b00001101 #
1%
b00001101 '
b0 (
1)
#466314680000
0!
0%
#466356345000
1!
1%
b1 (
#466398010000
0!
0%
#466439675000
1!
1%
b10 (
#466481340000
0!
b00000101 #
0%
b00000101 '
0*
#466523005000
1!
1%
b11 (
#466564670000
0!
0%
#466606335000
1!
1%
b100 (
#466648000000
0!
0%
#466689665000
1!
b00000010 #
1%
b00000010 '
b0 (
0)
#466731330000
0!
0%
#466772995000
1!
1%
b1 (
#466814660000
0!
0%
#466856325000
1!
1%
b10 (
#466897990000
0!
b00001010 #
0%
b00001010 '
1*
#466939655000
1!
1%
b11 (
#466981320000
0!
0%
#467022985000
1!
1%
b100 (
#467064650000
0!
0%
#467106315000
1!
b00001101 #
1%
b00001101 '
b0 (
1)
#467147980000
0!
0%
#467189645000
1!
1%
b1 (
#467231310000
0!
0%
#467272975000
1!
1%
b10 (
#467314640000
0!
b00000101 #
0%
b00000101 '
0*
#467356305000
1!
1%
b11 (
#467397970000
0!
0%
#467439635000
1!
1%
b100 (
#467481300000
0!
0%
#467522965000
1!
b00000010 #
1%
b00000010 '
b0 (
0)
#467564630000
0!
0%
#467606295000
1!
1%
b1 (
#467647960000
0!
0%
#467689625000
1!
1%
b10 (
#467731290000
0!
b00001010 #
0%
b00001010 '
1*
#467772955000
1!
1%
b11 (
#467814620000
0!
0%
#467856285000
1!
1%
b100 (
#467897950000
0!
0%
#467939615000
1!
b00001101 #
1%
b00001101 '
b0 (
1)
#467981280000
0!
0%
#468022945000
1!
1%
b1 (
#468064610000
0!
0%
#468106275000
1!
1%
b10 (
#468147940000
0!
b00000101 #
0%
b00000101 '
0*
#468189605000
1!
1%
b11 (
#468231270000
0!
0%
#468272935000
1!
1%
b100 (
#468314600000
0!
0%
#468356265000
1!
b00000010 #
1%
b00000010 '
b0 (
0)
#468397930000
0!
0%
#468439595000
1!
1%
b1 (
#468481260000
0!
0%
#468522925000
1!
1%
b10 (
#468564590000
0!
b00001010 #
0%
b00001010 '
1*
#468606255000
1!
1%
b11 (
#468647920000
0!
0%
#468689585000
1!
1%
b100 (
#468731250000
0!
0%
#468772915000
1!
b00001101 #
1%
b00001101 '
b0 (
1)
#468814580000
0!
0%
#468856245000
1!
1%
b1 (
#468897910000
0!
0%
#468939575000
1!
1%
b10 (
#468981240000
0!
b00000101 #
0%
b00000101 '
0*
#469022905000
1!
1%
b11 (
#469064570000
0!
0%
#469106235000
1!
1%
b100 (
#469147900000
0!
0%
#469189565000
1!
b00000010 #
1%
b00000010 '
b0 (
0)
#469231230000
0!
0%
#469272895000
1!
1%
b1 (
#469314560000
0!
0%
#469356225000
1!
1%
b10 (
#469397890000
0!
b00001010 #
0%
b00001010 '
1*
#469439555000
1!
1%
b11 (
#469481220000
0!
0%
#469522885000
1!
1%
b100 (
#469564550000
0!
0%
#469606215000
1!
b00001101 #
1%
b00001101 '
b0 (
1)
#469647880000
0!
0%
#469689545000
1!
1%
b1 (
#469731210000
0!
0%
#469772875000
1!
1%
b10 (
#469814540000
0!
b00000101 #
0%
b00000101 '
0*
#469856205000
1!
1%
b11 (
#469897870000
0!
0%
#469939535000
1!
1%
b100 (
#469981200000
0!
0%
#470022865000
1!
b00000010 #
1%
b00000010 '
b0 (
0)
#470064530000
0!
0%
#470106195000
1!
1%
b1 (
#470147860000
0!
0%
#470189525000
1!
1%
b10 (
#470231190000
0!
b00001010 #
0%
b00001010 '
1*
#470272855000
1!
1%
b11 (
#470314520000
0!
0%
#470356185000
1!
1%
b100 (
#470397850000
0!
0%
#470439515000
1!
b00001101 #
1%
b00001101 '
b0 (
1)
#470481180000
0!
0%
#470522845000
1!
1%
b1 (
#470564510000
0!
0%
#470606175000
1!
1%
b10 (
#470647840000
0!
b00000101 #
0%
b00000101 '
0*
#470689505000
1!
1%
b11 (
#470731170000
0!
0%
#470772835000
1!
1%
b100 (
#470814500000
0!
0%
#470856165000
1!
b00000010 #
1%
b00000010 '
b0 (
0)
#470897830000
0!
0%
#470939495000
1!
1%
b1 (
#470981160000
0!
0%
#471022825000
1!
1%
b10 (
#471064490000
0!
b00001010 #
0%
b00001010 '
1*
#471106155000
1!
1%
b11 (
#471147820000
0!
0%
#471189485000
1!
1%
b100 (
#471231150000
0!
0%
#471272815000
1!
b00001101 #
1%
b00001101 '
b0 (
1)
#471314480000
0!
0%
#471356145000
1!
1%
b1 (
#471397810000
0!
0%
#471439475000
1!
1%
b10 (
#471481140000
0!
b00000101 #
0%
b00000101 '
0*
#471522805000
1!
1%
b11 (
#471564470000
0!
0%
#471606135000
1!
1%
b100 (
#471647800000
0!
0%
#471689465000
1!
b00000010 #
1%
b00000010 '
b0 (
0)
#471731130000
0!
0%
#471772795000
1!
1%
b1 (
#471814460000
0!
0%
#471856125000
1!
1%
b10 (
#471897790000
0!
b00001010 #
0%
b00001010 '
1*
#471939455000
1!
1%
b11 (
#471981120000
0!
0%
#472022785000
1!
1%
b100 (
#472064450000
0!
0%
#472106115000
1!
b00001101 #
1%
b00001101 '
b0 (
1)
#472147780000
0!
0%
#472189445000
1!
1%
b1 (
#472231110000
0!
0%
#472272775000
1!
1%
b10 (
#472314440000
0!
b00000101 #
0%
b00000101 '
0*
#472356105000
1!
1%
b11 (
#472397770000
0!
0%
#472439435000
1!
1%
b100 (
#472481100000
0!
0%
#472522765000
1!
b00000010 #
1%
b00000010 '
b0 (
0)
#472564430000
0!
0%
#472606095000
1!
1%
b1 (
#472647760000
0!
0%
#472689425000
1!
1%
b10 (
#472731090000
0!
b00001010 #
0%
b00001010 '
1*
#472772755000
1!
1%
b11 (
#472814420000
0!
0%
#472856085000
1!
1%
b100 (
#472897750000
0!
0%
#472939415000
1!
b00001101 #
1%
b00001101 '
b0 (
1)
#472981080000
0!
0%
#473022745000
1!
1%
b1 (
#473064410000
0!
0%
#473106075000
1!
1%
b10 (
#473147740000
0!
b00000101 #
0%
b00000101 '
0*
#473189405000
1!
1%
b11 (
#473231070000
0!
0%
#473272735000
1!
1%
b100 (
#473314400000
0!
0%
#473356065000
1!
b00000010 #
1%
b00000010 '
b0 (
0)
#473397730000
0!
0%
#473439395000
1!
1%
b1 (
#473481060000
0!
0%
#473522725000
1!
1%
b10 (
#473564390000
0!
b00001010 #
0%
b00001010 '
1*
#473606055000
1!
1%
b11 (
#473647720000
0!
0%
#473689385000
1!
1%
b100 (
#473731050000
0!
0%
#473772715000
1!
b00001101 #
1%
b00001101 '
b0 (
1)
#473814380000
0!
0%
#473856045000
1!
1%
b1 (
#473897710000
0!
0%
#473939375000
1!
1%
b10 (
#473981040000
0!
b00000101 #
0%
b00000101 '
0*
#474022705000
1!
1%
b11 (
#474064370000
0!
0%
#474106035000
1!
1%
b100 (
#474147700000
0!
0%
#474189365000
1!
b00000010 #
1%
b00000010 '
b0 (
0)
#474231030000
0!
0%
#474272695000
1!
1%
b1 (
#474314360000
0!
0%
#474356025000
1!
1%
b10 (
#474397690000
0!
b00001010 #
0%
b00001010 '
1*
#474439355000
1!
1%
b11 (
#474481020000
0!
0%
#474522685000
1!
1%
b100 (
#474564350000
0!
0%
#474606015000
1!
b00001101 #
1%
b00001101 '
b0 (
1)
#474647680000
0!
0%
#474689345000
1!
1%
b1 (
#474731010000
0!
0%
#474772675000
1!
1%
b10 (
#474814340000
0!
b00000101 #
0%
b00000101 '
0*
#474856005000
1!
1%
b11 (
#474897670000
0!
0%
#474939335000
1!
1%
b100 (
#474981000000
0!
0%
#475022665000
1!
b00000010 #
1%
b00000010 '
b0 (
0)
#475064330000
0!
0%
#475105995000
1!
1%
b1 (
#475147660000
0!
0%
#475189325000
1!
1%
b10 (
#475230990000
0!
b00001010 #
0%
b00001010 '
1*
#475272655000
1!
1%
b11 (
#475314320000
0!
0%
#475355985000
1!
1%
b100 (
#475397650000
0!
0%
#475439315000
1!
b00001101 #
1%
b00001101 '
b0 (
1)
#475480980000
0!
0%
#475522645000
1!
1%
b1 (
#475564310000
0!
0%
#475605975000
1!
1%
b10 (
#475647640000
0!
b00000101 #
0%
b00000101 '
0*
#475689305000
1!
1%
b11 (
#475730970000
0!
0%
#475772635000
1!
1%
b100 (
#475814300000
0!
0%
#475855965000
1!
b00000010 #
1%
b00000010 '
b0 (
0)
#475897630000
0!
0%
#475939295000
1!
1%
b1 (
#475980960000
0!
0%
#476022625000
1!
1%
b10 (
#476064290000
0!
b00001010 #
0%
b00001010 '
1*
#476105955000
1!
1%
b11 (
#476147620000
0!
0%
#476189285000
1!
1%
b100 (
#476230950000
0!
0%
#476272615000
1!
b00001101 #
1%
b00001101 '
b0 (
1)
#476314280000
0!
0%
#476355945000
1!
1%
b1 (
#476397610000
0!
0%
#476439275000
1!
1%
b10 (
#476480940000
0!
b00000101 #
0%
b00000101 '
0*
#476522605000
1!
1%
b11 (
#476564270000
0!
0%
#476605935000
1!
1%
b100 (
#476647600000
0!
0%
#476689265000
1!
b00000010 #
1%
b00000010 '
b0 (
0)
#476730930000
0!
0%
#476772595000
1!
1%
b1 (
#476814260000
0!
0%
#476855925000
1!
1%
b10 (
#476897590000
0!
b00001010 #
0%
b00001010 '
1*
#476939255000
1!
1%
b11 (
#476980920000
0!
0%
#477022585000
1!
1%
b100 (
#477064250000
0!
0%
#477105915000
1!
b00001101 #
1%
b00001101 '
b0 (
1)
#477147580000
0!
0%
#477189245000
1!
1%
b1 (
#477230910000
0!
0%
#477272575000
1!
1%
b10 (
#477314240000
0!
b00000101 #
0%
b00000101 '
0*
#477355905000
1!
1%
b11 (
#477397570000
0!
0%
#477439235000
1!
1%
b100 (
#477480900000
0!
0%
#477522565000
1!
b00000010 #
1%
b00000010 '
b0 (
0)
#477564230000
0!
0%
#477605895000
1!
1%
b1 (
#477647560000
0!
0%
#477689225000
1!
1%
b10 (
#477730890000
0!
b00001010 #
0%
b00001010 '
1*
#477772555000
1!
1%
b11 (
#477814220000
0!
0%
#477855885000
1!
1%
b100 (
#477897550000
0!
0%
#477939215000
1!
b00001101 #
1%
b00001101 '
b0 (
1)
#477980880000
0!
0%
#478022545000
1!
1%
b1 (
#478064210000
0!
0%
#478105875000
1!
1%
b10 (
#478147540000
0!
b00000101 #
0%
b00000101 '
0*
#478189205000
1!
1%
b11 (
#478230870000
0!
0%
#478272535000
1!
1%
b100 (
#478314200000
0!
0%
#478355865000
1!
b00000010 #
1%
b00000010 '
b0 (
0)
#478397530000
0!
0%
#478439195000
1!
1%
b1 (
#478480860000
0!
0%
#478522525000
1!
1%
b10 (
#478564190000
0!
b00001010 #
0%
b00001010 '
1*
#478605855000
1!
1%
b11 (
#478647520000
0!
0%
#478689185000
1!
1%
b100 (
#478730850000
0!
0%
#478772515000
1!
b00001101 #
1%
b00001101 '
b0 (
1)
#478814180000
0!
0%
#478855845000
1!
1%
b1 (
#478897510000
0!
0%
#478939175000
1!
1%
b10 (
#478980840000
0!
b00000101 #
0%
b00000101 '
0*
#479022505000
1!
1%
b11 (
#479064170000
0!
0%
#479105835000
1!
1%
b100 (
#479147500000
0!
0%
#479189165000
1!
b00000010 #
1%
b00000010 '
b0 (
0)
#479230830000
0!
0%
#479272495000
1!
1%
b1 (
#479314160000
0!
0%
#479355825000
1!
1%
b10 (
#479397490000
0!
b00001010 #
0%
b00001010 '
1*
#479439155000
1!
1%
b11 (
#479480820000
0!
0%
#479522485000
1!
1%
b100 (
#479564150000
0!
0%
#479605815000
1!
b00001101 #
1%
b00001101 '
b0 (
1)
#479647480000
0!
0%
#479689145000
1!
1%
b1 (
#479730810000
0!
0%
#479772475000
1!
1%
b10 (
#479814140000
0!
b00000101 #
0%
b00000101 '
0*
#479855805000
1!
1%
b11 (
#479897470000
0!
0%
#479939135000
1!
1%
b100 (
#479980800000
0!
0%
#480022465000
1!
b00000010 #
1%
b00000010 '
b0 (
0)
#480064130000
0!
0%
#480105795000
1!
1%
b1 (
#480147460000
0!
0%
#480189125000
1!
1%
b10 (
#480230790000
0!
b00001010 #
0%
b00001010 '
1*
#480272455000
1!
1%
b11 (
#480314120000
0!
0%
#480355785000
1!
1%
b100 (
#480397450000
0!
0%
#480439115000
1!
b00001101 #
1%
b00001101 '
b0 (
1)
#480480780000
0!
0%
#480522445000
1!
1%
b1 (
#480564110000
0!
0%
#480605775000
1!
1%
b10 (
#480647440000
0!
b00000101 #
0%
b00000101 '
0*
#480689105000
1!
1%
b11 (
#480730770000
0!
0%
#480772435000
1!
1%
b100 (
#480814100000
0!
0%
#480855765000
1!
b00000010 #
1%
b00000010 '
b0 (
0)
#480897430000
0!
0%
#480939095000
1!
1%
b1 (
#480980760000
0!
0%
#481022425000
1!
1%
b10 (
#481064090000
0!
b00001010 #
0%
b00001010 '
1*
#481105755000
1!
1%
b11 (
#481147420000
0!
0%
#481189085000
1!
1%
b100 (
#481230750000
0!
0%
#481272415000
1!
b00001101 #
1%
b00001101 '
b0 (
1)
#481314080000
0!
0%
#481355745000
1!
1%
b1 (
#481397410000
0!
0%
#481439075000
1!
1%
b10 (
#481480740000
0!
b00000101 #
0%
b00000101 '
0*
#481522405000
1!
1%
b11 (
#481564070000
0!
0%
#481605735000
1!
1%
b100 (
#481647400000
0!
0%
#481689065000
1!
b00000010 #
1%
b00000010 '
b0 (
0)
#481730730000
0!
0%
#481772395000
1!
1%
b1 (
#481814060000
0!
0%
#481855725000
1!
1%
b10 (
#481897390000
0!
b00001010 #
0%
b00001010 '
1*
#481939055000
1!
1%
b11 (
#481980720000
0!
0%
#482022385000
1!
1%
b100 (
#482064050000
0!
0%
#482105715000
1!
b00001101 #
1%
b00001101 '
b0 (
1)
#482147380000
0!
0%
#482189045000
1!
1%
b1 (
#482230710000
0!
0%
#482272375000
1!
1%
b10 (
#482314040000
0!
b00000101 #
0%
b00000101 '
0*
#482355705000
1!
1%
b11 (
#482397370000
0!
0%
#482439035000
1!
1%
b100 (
#482480700000
0!
0%
#482522365000
1!
b00000010 #
1%
b00000010 '
b0 (
0)
#482564030000
0!
0%
#482605695000
1!
1%
b1 (
#482647360000
0!
0%
#482689025000
1!
1%
b10 (
#482730690000
0!
b00001010 #
0%
b00001010 '
1*
#482772355000
1!
1%
b11 (
#482814020000
0!
0%
#482855685000
1!
1%
b100 (
#482897350000
0!
0%
#482939015000
1!
b00001101 #
1%
b00001101 '
b0 (
1)
#482980680000
0!
0%
#483022345000
1!
1%
b1 (
#483064010000
0!
0%
#483105675000
1!
1%
b10 (
#483147340000
0!
b00000101 #
0%
b00000101 '
0*
#483189005000
1!
1%
b11 (
#483230670000
0!
0%
#483272335000
1!
1%
b100 (
#483314000000
0!
0%
#483355665000
1!
b00000010 #
1%
b00000010 '
b0 (
0)
#483397330000
0!
0%
#483438995000
1!
1%
b1 (
#483480660000
0!
0%
#483522325000
1!
1%
b10 (
#483563990000
0!
b00001010 #
0%
b00001010 '
1*
#483605655000
1!
1%
b11 (
#483647320000
0!
0%
#483688985000
1!
1%
b100 (
#483730650000
0!
0%
#483772315000
1!
b00001101 #
1%
b00001101 '
b0 (
1)
#483813980000
0!
0%
#483855645000
1!
1%
b1 (
#483897310000
0!
0%
#483938975000
1!
1%
b10 (
#483980640000
0!
b00000101 #
0%
b00000101 '
0*
#484022305000
1!
1%
b11 (
#484063970000
0!
0%
#484105635000
1!
1%
b100 (
#484147300000
0!
0%
#484188965000
1!
b00000010 #
1%
b00000010 '
b0 (
0)
#484230630000
0!
0%
#484272295000
1!
1%
b1 (
#484313960000
0!
0%
#484355625000
1!
1%
b10 (
#484397290000
0!
b00001010 #
0%
b00001010 '
1*
#484438955000
1!
1%
b11 (
#484480620000
0!
0%
#484522285000
1!
1%
b100 (
#484563950000
0!
0%
#484605615000
1!
b00001101 #
1%
b00001101 '
b0 (
1)
#484647280000
0!
0%
#484688945000
1!
1%
b1 (
#484730610000
0!
0%
#484772275000
1!
1%
b10 (
#484813940000
0!
b00000101 #
0%
b00000101 '
0*
#484855605000
1!
1%
b11 (
#484897270000
0!
0%
#484938935000
1!
1%
b100 (
#484980600000
0!
0%
#485022265000
1!
b00000010 #
1%
b00000010 '
b0 (
0)
#485063930000
0!
0%
#485105595000
1!
1%
b1 (
#485147260000
0!
0%
#485188925000
1!
1%
b10 (
#485230590000
0!
b00001010 #
0%
b00001010 '
1*
#485272255000
1!
1%
b11 (
#485313920000
0!
0%
#485355585000
1!
1%
b100 (
#485397250000
0!
0%
#485438915000
1!
b00001101 #
1%
b00001101 '
b0 (
1)
#485480580000
0!
0%
#485522245000
1!
1%
b1 (
#485563910000
0!
0%
#485605575000
1!
1%
b10 (
#485647240000
0!
b00000101 #
0%
b00000101 '
0*
#485688905000
1!
1%
b11 (
#485730570000
0!
0%
#485772235000
1!
1%
b100 (
#485813900000
0!
0%
#485855565000
1!
b00000010 #
1%
b00000010 '
b0 (
0)
#485897230000
0!
0%
#485938895000
1!
1%
b1 (
#485980560000
0!
0%
#486022225000
1!
1%
b10 (
#486063890000
0!
b00001010 #
0%
b00001010 '
1*
#486105555000
1!
1%
b11 (
#486147220000
0!
0%
#486188885000
1!
1%
b100 (
#486230550000
0!
0%
#486272215000
1!
b00001101 #
1%
b00001101 '
b0 (
1)
#486313880000
0!
0%
#486355545000
1!
1%
b1 (
#486397210000
0!
0%
#486438875000
1!
1%
b10 (
#486480540000
0!
b00000101 #
0%
b00000101 '
0*
#486522205000
1!
1%
b11 (
#486563870000
0!
0%
#486605535000
1!
1%
b100 (
#486647200000
0!
0%
#486688865000
1!
b00000010 #
1%
b00000010 '
b0 (
0)
#486730530000
0!
0%
#486772195000
1!
1%
b1 (
#486813860000
0!
0%
#486855525000
1!
1%
b10 (
#486897190000
0!
b00001010 #
0%
b00001010 '
1*
#486938855000
1!
1%
b11 (
#486980520000
0!
0%
#487022185000
1!
1%
b100 (
#487063850000
0!
0%
#487105515000
1!
b00001101 #
1%
b00001101 '
b0 (
1)
#487147180000
0!
0%
#487188845000
1!
1%
b1 (
#487230510000
0!
0%
#487272175000
1!
1%
b10 (
#487313840000
0!
b00000101 #
0%
b00000101 '
0*
#487355505000
1!
1%
b11 (
#487397170000
0!
0%
#487438835000
1!
1%
b100 (
#487480500000
0!
0%
#487522165000
1!
b00000010 #
1%
b00000010 '
b0 (
0)
#487563830000
0!
0%
#487605495000
1!
1%
b1 (
#487647160000
0!
0%
#487688825000
1!
1%
b10 (
#487730490000
0!
b00001010 #
0%
b00001010 '
1*
#487772155000
1!
1%
b11 (
#487813820000
0!
0%
#487855485000
1!
1%
b100 (
#487897150000
0!
0%
#487938815000
1!
b00001101 #
1%
b00001101 '
b0 (
1)
#487980480000
0!
0%
#488022145000
1!
1%
b1 (
#488063810000
0!
0%
#488105475000
1!
1%
b10 (
#488147140000
0!
b00000101 #
0%
b00000101 '
0*
#488188805000
1!
1%
b11 (
#488230470000
0!
0%
#488272135000
1!
1%
b100 (
#488313800000
0!
0%
#488355465000
1!
b00000010 #
1%
b00000010 '
b0 (
0)
#488397130000
0!
0%
#488438795000
1!
1%
b1 (
#488480460000
0!
0%
#488522125000
1!
1%
b10 (
#488563790000
0!
b00001010 #
0%
b00001010 '
1*
#488605455000
1!
1%
b11 (
#488647120000
0!
0%
#488688785000
1!
1%
b100 (
#488730450000
0!
0%
#488772115000
1!
b00001101 #
1%
b00001101 '
b0 (
1)
#488813780000
0!
0%
#488855445000
1!
1%
b1 (
#488897110000
0!
0%
#488938775000
1!
1%
b10 (
#488980440000
0!
b00000101 #
0%
b00000101 '
0*
#489022105000
1!
1%
b11 (
#489063770000
0!
0%
#489105435000
1!
1%
b100 (
#489147100000
0!
0%
#489188765000
1!
b00000010 #
1%
b00000010 '
b0 (
0)
#489230430000
0!
0%
#489272095000
1!
1%
b1 (
#489313760000
0!
0%
#489355425000
1!
1%
b10 (
#489397090000
0!
b00001010 #
0%
b00001010 '
1*
#489438755000
1!
1%
b11 (
#489480420000
0!
0%
#489522085000
1!
1%
b100 (
#489563750000
0!
0%
#489605415000
1!
b00001101 #
1%
b00001101 '
b0 (
1)
#489647080000
0!
0%
#489688745000
1!
1%
b1 (
#489730410000
0!
0%
#489772075000
1!
1%
b10 (
#489813740000
0!
b00000101 #
0%
b00000101 '
0*
#489855405000
1!
1%
b11 (
#489897070000
0!
0%
#489938735000
1!
1%
b100 (
#489980400000
0!
0%
#490022065000
1!
b00000010 #
1%
b00000010 '
b0 (
0)
#490063730000
0!
0%
#490105395000
1!
1%
b1 (
#490147060000
0!
0%
#490188725000
1!
1%
b10 (
#490230390000
0!
b00001010 #
0%
b00001010 '
1*
#490272055000
1!
1%
b11 (
#490313720000
0!
0%
#490355385000
1!
1%
b100 (
#490397050000
0!
0%
#490438715000
1!
b00001101 #
1%
b00001101 '
b0 (
1)
#490480380000
0!
0%
#490522045000
1!
1%
b1 (
#490563710000
0!
0%
#490605375000
1!
1%
b10 (
#490647040000
0!
b00000101 #
0%
b00000101 '
0*
#490688705000
1!
1%
b11 (
#490730370000
0!
0%
#490772035000
1!
1%
b100 (
#490813700000
0!
0%
#490855365000
1!
b00000010 #
1%
b00000010 '
b0 (
0)
#490897030000
0!
0%
#490938695000
1!
1%
b1 (
#490980360000
0!
0%
#491022025000
1!
1%
b10 (
#491063690000
0!
b00001010 #
0%
b00001010 '
1*
#491105355000
1!
1%
b11 (
#491147020000
0!
0%
#491188685000
1!
1%
b100 (
#491230350000
0!
0%
#491272015000
1!
b00001101 #
1%
b00001101 '
b0 (
1)
#491313680000
0!
0%
#491355345000
1!
1%
b1 (
#491397010000
0!
0%
#491438675000
1!
1%
b10 (
#491480340000
0!
b00000101 #
0%
b00000101 '
0*
#491522005000
1!
1%
b11 (
#491563670000
0!
0%
#491605335000
1!
1%
b100 (
#491647000000
0!
0%
#491688665000
1!
b00000010 #
1%
b00000010 '
b0 (
0)
#491730330000
0!
0%
#491771995000
1!
1%
b1 (
#491813660000
0!
0%
#491855325000
1!
1%
b10 (
#491896990000
0!
b00001010 #
0%
b00001010 '
1*
#491938655000
1!
1%
b11 (
#491980320000
0!
0%
#492021985000
1!
1%
b100 (
#492063650000
0!
0%
#492105315000
1!
b00001101 #
1%
b00001101 '
b0 (
1)
#492146980000
0!
0%
#492188645000
1!
1%
b1 (
#492230310000
0!
0%
#492271975000
1!
1%
b10 (
#492313640000
0!
b00000101 #
0%
b00000101 '
0*
#492355305000
1!
1%
b11 (
#492396970000
0!
0%
#492438635000
1!
1%
b100 (
#492480300000
0!
0%
#492521965000
1!
b00000010 #
1%
b00000010 '
b0 (
0)
#492563630000
0!
0%
#492605295000
1!
1%
b1 (
#492646960000
0!
0%
#492688625000
1!
1%
b10 (
#492730290000
0!
b00001010 #
0%
b00001010 '
1*
#492771955000
1!
1%
b11 (
#492813620000
0!
0%
#492855285000
1!
1%
b100 (
#492896950000
0!
0%
#492938615000
1!
b00001101 #
1%
b00001101 '
b0 (
1)
#492980280000
0!
0%
#493021945000
1!
1%
b1 (
#493063610000
0!
0%
#493105275000
1!
1%
b10 (
#493146940000
0!
b00000101 #
0%
b00000101 '
0*
#493188605000
1!
1%
b11 (
#493230270000
0!
0%
#493271935000
1!
1%
b100 (
#493313600000
0!
0%
#493355265000
1!
b00000010 #
1%
b00000010 '
b0 (
0)
#493396930000
0!
0%
#493438595000
1!
1%
b1 (
#493480260000
0!
0%
#493521925000
1!
1%
b10 (
#493563590000
0!
b00001010 #
0%
b00001010 '
1*
#493605255000
1!
1%
b11 (
#493646920000
0!
0%
#493688585000
1!
1%
b100 (
#493730250000
0!
0%
#493771915000
1!
b00001101 #
1%
b00001101 '
b0 (
1)
#493813580000
0!
0%
#493855245000
1!
1%
b1 (
#493896910000
0!
0%
#493938575000
1!
1%
b10 (
#493980240000
0!
b00000101 #
0%
b00000101 '
0*
#494021905000
1!
1%
b11 (
#494063570000
0!
0%
#494105235000
1!
1%
b100 (
#494146900000
0!
0%
#494188565000
1!
b00000010 #
1%
b00000010 '
b0 (
0)
#494230230000
0!
0%
#494271895000
1!
1%
b1 (
#494313560000
0!
0%
#494355225000
1!
1%
b10 (
#494396890000
0!
b00001010 #
0%
b00001010 '
1*
#494438555000
1!
1%
b11 (
#494480220000
0!
0%
#494521885000
1!
1%
b100 (
#494563550000
0!
0%
#494605215000
1!
b00001101 #
1%
b00001101 '
b0 (
1)
#494646880000
0!
0%
#494688545000
1!
1%
b1 (
#494730210000
0!
0%
#494771875000
1!
1%
b10 (
#494813540000
0!
b00000101 #
0%
b00000101 '
0*
#494855205000
1!
1%
b11 (
#494896870000
0!
0%
#494938535000
1!
1%
b100 (
#494980200000
0!
0%
#495021865000
1!
b00000010 #
1%
b00000010 '
b0 (
0)
#495063530000
0!
0%
#495105195000
1!
1%
b1 (
#495146860000
0!
0%
#495188525000
1!
1%
b10 (
#495230190000
0!
b00001010 #
0%
b00001010 '
1*
#495271855000
1!
1%
b11 (
#495313520000
0!
0%
#495355185000
1!
1%
b100 (
#495396850000
0!
0%
#495438515000
1!
b00001101 #
1%
b00001101 '
b0 (
1)
#495480180000
0!
0%
#495521845000
1!
1%
b1 (
#495563510000
0!
0%
#495605175000
1!
1%
b10 (
#495646840000
0!
b00000101 #
0%
b00000101 '
0*
#495688505000
1!
1%
b11 (
#495730170000
0!
0%
#495771835000
1!
1%
b100 (
#495813500000
0!
0%
#495855165000
1!
b00000010 #
1%
b00000010 '
b0 (
0)
#495896830000
0!
0%
#495938495000
1!
1%
b1 (
#495980160000
0!
0%
#496021825000
1!
1%
b10 (
#496063490000
0!
b00001010 #
0%
b00001010 '
1*
#496105155000
1!
1%
b11 (
#496146820000
0!
0%
#496188485000
1!
1%
b100 (
#496230150000
0!
0%
#496271815000
1!
b00001101 #
1%
b00001101 '
b0 (
1)
#496313480000
0!
0%
#496355145000
1!
1%
b1 (
#496396810000
0!
0%
#496438475000
1!
1%
b10 (
#496480140000
0!
b00000101 #
0%
b00000101 '
0*
#496521805000
1!
1%
b11 (
#496563470000
0!
0%
#496605135000
1!
1%
b100 (
#496646800000
0!
0%
#496688465000
1!
b00000010 #
1%
b00000010 '
b0 (
0)
#496730130000
0!
0%
#496771795000
1!
1%
b1 (
#496813460000
0!
0%
#496855125000
1!
1%
b10 (
#496896790000
0!
b00001010 #
0%
b00001010 '
1*
#496938455000
1!
1%
b11 (
#496980120000
0!
0%
#497021785000
1!
1%
b100 (
#497063450000
0!
0%
#497105115000
1!
b00001101 #
1%
b00001101 '
b0 (
1)
#497146780000
0!
0%
#497188445000
1!
1%
b1 (
#497230110000
0!
0%
#497271775000
1!
1%
b10 (
#497313440000
0!
b00000101 #
0%
b00000101 '
0*
#497355105000
1!
1%
b11 (
#497396770000
0!
0%
#497438435000
1!
1%
b100 (
#497480100000
0!
0%
#497521765000
1!
b00000010 #
1%
b00000010 '
b0 (
0)
#497563430000
0!
0%
#497605095000
1!
1%
b1 (
#497646760000
0!
0%
#497688425000
1!
1%
b10 (
#497730090000
0!
b00001010 #
0%
b00001010 '
1*
#497771755000
1!
1%
b11 (
#497813420000
0!
0%
#497855085000
1!
1%
b100 (
#497896750000
0!
0%
#497938415000
1!
b00001101 #
1%
b00001101 '
b0 (
1)
#497980080000
0!
0%
#498021745000
1!
1%
b1 (
#498063410000
0!
0%
#498105075000
1!
1%
b10 (
#498146740000
0!
b00000101 #
0%
b00000101 '
0*
#498188405000
1!
1%
b11 (
#498230070000
0!
0%
#498271735000
1!
1%
b100 (
#498313400000
0!
0%
#498355065000
1!
b00000010 #
1%
b00000010 '
b0 (
0)
#498396730000
0!
0%
#498438395000
1!
1%
b1 (
#498480060000
0!
0%
#498521725000
1!
1%
b10 (
#498563390000
0!
b00001010 #
0%
b00001010 '
1*
#498605055000
1!
1%
b11 (
#498646720000
0!
0%
#498688385000
1!
1%
b100 (
#498730050000
0!
0%
#498771715000
1!
b00001101 #
1%
b00001101 '
b0 (
1)
#498813380000
0!
0%
#498855045000
1!
1%
b1 (
#498896710000
0!
0%
#498938375000
1!
1%
b10 (
#498980040000
0!
b00000101 #
0%
b00000101 '
0*
#499021705000
1!
1%
b11 (
#499063370000
0!
0%
#499105035000
1!
1%
b100 (
#499146700000
0!
0%
#499188365000
1!
b00000010 #
1%
b00000010 '
b0 (
0)
#499230030000
0!
0%
#499271695000
1!
1%
b1 (
#499313360000
0!
0%
#499355025000
1!
1%
b10 (
#499396690000
0!
b00001010 #
0%
b00001010 '
1*
#499438355000
1!
1%
b11 (
#499480020000
0!
0%
#499521685000
1!
1%
b100 (
#499563350000
0!
0%
#499605015000
1!
b00001101 #
1%
b00001101 '
b0 (
1)
#499646680000
0!
0%
#499688345000
1!
1%
b1 (
#499730010000
0!
0%
#499771675000
1!
1%
b10 (
#499813340000
0!
b00000101 #
0%
b00000101 '
0*
#499855005000
1!
1%
b11 (
#499896670000
0!
0%
#499938335000
1!
1%
b100 (
#499980000000
0!
0%
#500021665000
1!
b00000010 #
1%
b00000010 '
b0 (
0)
#500063330000
0!
0%
#500104995000
1!
1%
b1 (
#500146660000
0!
0%
#500188325000
1!
1%
b10 (
#500229990000
0!
b00001010 #
0%
b00001010 '
1*
#500271655000
1!
1%
b11 (
#500313320000
0!
0%
#500354985000
1!
1%
b100 (
#500396650000
0!
0%
#500438315000
1!
b00001101 #
1%
b00001101 '
b0 (
1)
#500479980000
0!
0%
#500521645000
1!
1%
b1 (
#500563310000
0!
0%
#500604975000
1!
1%
b10 (
#500646640000
0!
b00000101 #
0%
b00000101 '
0*
#500688305000
1!
1%
b11 (
#500729970000
0!
0%
#500771635000
1!
1%
b100 (
#500813300000
0!
0%
#500854965000
1!
b00000010 #
1%
b00000010 '
b0 (
0)
#500896630000
0!
0%
#500938295000
1!
1%
b1 (
#500979960000
0!
0%
#501021625000
1!
1%
b10 (
#501063290000
0!
b00001010 #
0%
b00001010 '
1*
#501104955000
1!
1%
b11 (
#501146620000
0!
0%
#501188285000
1!
1%
b100 (
#501229950000
0!
0%
#501271615000
1!
b00001101 #
1%
b00001101 '
b0 (
1)
#501313280000
0!
0%
#501354945000
1!
1%
b1 (
#501396610000
0!
0%
#501438275000
1!
1%
b10 (
#501479940000
0!
b00000101 #
0%
b00000101 '
0*
#501521605000
1!
1%
b11 (
#501563270000
0!
0%
#501604935000
1!
1%
b100 (
#501646600000
0!
0%
#501688265000
1!
b00000010 #
1%
b00000010 '
b0 (
0)
#501729930000
0!
0%
#501771595000
1!
1%
b1 (
#501813260000
0!
0%
#501854925000
1!
1%
b10 (
#501896590000
0!
b00001010 #
0%
b00001010 '
1*
#501938255000
1!
1%
b11 (
#501979920000
0!
0%
#502021585000
1!
1%
b100 (
#502063250000
0!
0%
#502104915000
1!
b00001101 #
1%
b00001101 '
b0 (
1)
#502146580000
0!
0%
#502188245000
1!
1%
b1 (
#502229910000
0!
0%
#502271575000
1!
1%
b10 (
#502313240000
0!
b00000101 #
0%
b00000101 '
0*
#502354905000
1!
1%
b11 (
#502396570000
0!
0%
#502438235000
1!
1%
b100 (
#502479900000
0!
0%
#502521565000
1!
b00000010 #
1%
b00000010 '
b0 (
0)
#502563230000
0!
0%
#502604895000
1!
1%
b1 (
#502646560000
0!
0%
#502688225000
1!
1%
b10 (
#502729890000
0!
b00001010 #
0%
b00001010 '
1*
#502771555000
1!
1%
b11 (
#502813220000
0!
0%
#502854885000
1!
1%
b100 (
#502896550000
0!
0%
#502938215000
1!
b00001101 #
1%
b00001101 '
b0 (
1)
#502979880000
0!
0%
#503021545000
1!
1%
b1 (
#503063210000
0!
0%
#503104875000
1!
1%
b10 (
#503146540000
0!
b00000101 #
0%
b00000101 '
0*
#503188205000
1!
1%
b11 (
#503229870000
0!
0%
#503271535000
1!
1%
b100 (
#503313200000
0!
0%
#503354865000
1!
b00000010 #
1%
b00000010 '
b0 (
0)
#503396530000
0!
0%
#503438195000
1!
1%
b1 (
#503479860000
0!
0%
#503521525000
1!
1%
b10 (
#503563190000
0!
b00001010 #
0%
b00001010 '
1*
#503604855000
1!
1%
b11 (
#503646520000
0!
0%
#503688185000
1!
1%
b100 (
#503729850000
0!
0%
#503771515000
1!
b00001101 #
1%
b00001101 '
b0 (
1)
#503813180000
0!
0%
#503854845000
1!
1%
b1 (
#503896510000
0!
0%
#503938175000
1!
1%
b10 (
#503979840000
0!
b00000101 #
0%
b00000101 '
0*
#504021505000
1!
1%
b11 (
#504063170000
0!
0%
#504104835000
1!
1%
b100 (
#504146500000
0!
0%
#504188165000
1!
b00000010 #
1%
b00000010 '
b0 (
0)
#504229830000
0!
0%
#504271495000
1!
1%
b1 (
#504313160000
0!
0%
#504354825000
1!
1%
b10 (
#504396490000
0!
b00001010 #
0%
b00001010 '
1*
#504438155000
1!
1%
b11 (
#504479820000
0!
0%
#504521485000
1!
1%
b100 (
#504563150000
0!
0%
#504604815000
1!
b00001101 #
1%
b00001101 '
b0 (
1)
#504646480000
0!
0%
#504688145000
1!
1%
b1 (
#504729810000
0!
0%
#504771475000
1!
1%
b10 (
#504813140000
0!
b00000101 #
0%
b00000101 '
0*
#504854805000
1!
1%
b11 (
#504896470000
0!
0%
#504938135000
1!
1%
b100 (
#504979800000
0!
0%
#505021465000
1!
b00000010 #
1%
b00000010 '
b0 (
0)
#505063130000
0!
0%
#505104795000
1!
1%
b1 (
#505146460000
0!
0%
#505188125000
1!
1%
b10 (
#505229790000
0!
b00001010 #
0%
b00001010 '
1*
#505271455000
1!
1%
b11 (
#505313120000
0!
0%
#505354785000
1!
1%
b100 (
#505396450000
0!
0%
#505438115000
1!
b00001101 #
1%
b00001101 '
b0 (
1)
#505479780000
0!
0%
#505521445000
1!
1%
b1 (
#505563110000
0!
0%
#505604775000
1!
1%
b10 (
#505646440000
0!
b00000101 #
0%
b00000101 '
0*
#505688105000
1!
1%
b11 (
#505729770000
0!
0%
#505771435000
1!
1%
b100 (
#505813100000
0!
0%
#505854765000
1!
b00000010 #
1%
b00000010 '
b0 (
0)
#505896430000
0!
0%
#505938095000
1!
1%
b1 (
#505979760000
0!
0%
#506021425000
1!
1%
b10 (
#506063090000
0!
b00001010 #
0%
b00001010 '
1*
#506104755000
1!
1%
b11 (
#506146420000
0!
0%
#506188085000
1!
1%
b100 (
#506229750000
0!
0%
#506271415000
1!
b00001101 #
1%
b00001101 '
b0 (
1)
#506313080000
0!
0%
#506354745000
1!
1%
b1 (
#506396410000
0!
0%
#506438075000
1!
1%
b10 (
#506479740000
0!
b00000101 #
0%
b00000101 '
0*
#506521405000
1!
1%
b11 (
#506563070000
0!
0%
#506604735000
1!
1%
b100 (
#506646400000
0!
0%
#506688065000
1!
b00000010 #
1%
b00000010 '
b0 (
0)
#506729730000
0!
0%
#506771395000
1!
1%
b1 (
#506813060000
0!
0%
#506854725000
1!
1%
b10 (
#506896390000
0!
b00001010 #
0%
b00001010 '
1*
#506938055000
1!
1%
b11 (
#506979720000
0!
0%
#507021385000
1!
1%
b100 (
#507063050000
0!
0%
#507104715000
1!
b00001101 #
1%
b00001101 '
b0 (
1)
#507146380000
0!
0%
#507188045000
1!
1%
b1 (
#507229710000
0!
0%
#507271375000
1!
1%
b10 (
#507313040000
0!
b00000101 #
0%
b00000101 '
0*
#507354705000
1!
1%
b11 (
#507396370000
0!
0%
#507438035000
1!
1%
b100 (
#507479700000
0!
0%
#507521365000
1!
b00000010 #
1%
b00000010 '
b0 (
0)
#507563030000
0!
0%
#507604695000
1!
1%
b1 (
#507646360000
0!
0%
#507688025000
1!
1%
b10 (
#507729690000
0!
b00001010 #
0%
b00001010 '
1*
#507771355000
1!
1%
b11 (
#507813020000
0!
0%
#507854685000
1!
1%
b100 (
#507896350000
0!
0%
#507938015000
1!
b00001101 #
1%
b00001101 '
b0 (
1)
#507979680000
0!
0%
#508021345000
1!
1%
b1 (
#508063010000
0!
0%
#508104675000
1!
1%
b10 (
#508146340000
0!
b00000101 #
0%
b00000101 '
0*
#508188005000
1!
1%
b11 (
#508229670000
0!
0%
#508271335000
1!
1%
b100 (
#508313000000
0!
0%
#508354665000
1!
b00000010 #
1%
b00000010 '
b0 (
0)
#508396330000
0!
0%
#508437995000
1!
1%
b1 (
#508479660000
0!
0%
#508521325000
1!
1%
b10 (
#508562990000
0!
b00001010 #
0%
b00001010 '
1*
#508604655000
1!
1%
b11 (
#508646320000
0!
0%
#508687985000
1!
1%
b100 (
#508729650000
0!
0%
#508771315000
1!
b00001101 #
1%
b00001101 '
b0 (
1)
#508812980000
0!
0%
#508854645000
1!
1%
b1 (
#508896310000
0!
0%
#508937975000
1!
1%
b10 (
#508979640000
0!
b00000101 #
0%
b00000101 '
0*
#509021305000
1!
1%
b11 (
#509062970000
0!
0%
#509104635000
1!
1%
b100 (
#509146300000
0!
0%
#509187965000
1!
b00000010 #
1%
b00000010 '
b0 (
0)
#509229630000
0!
0%
#509271295000
1!
1%
b1 (
#509312960000
0!
0%
#509354625000
1!
1%
b10 (
#509396290000
0!
b00001010 #
0%
b00001010 '
1*
#509437955000
1!
1%
b11 (
#509479620000
0!
0%
#509521285000
1!
1%
b100 (
#509562950000
0!
0%
#509604615000
1!
b00001101 #
1%
b00001101 '
b0 (
1)
#509646280000
0!
0%
#509687945000
1!
1%
b1 (
#509729610000
0!
0%
#509771275000
1!
1%
b10 (
#509812940000
0!
b00000101 #
0%
b00000101 '
0*
#509854605000
1!
1%
b11 (
#509896270000
0!
0%
#509937935000
1!
1%
b100 (
#509979600000
0!
0%
#510021265000
1!
b00000010 #
1%
b00000010 '
b0 (
0)
#510062930000
0!
0%
#510104595000
1!
1%
b1 (
#510146260000
0!
0%
#510187925000
1!
1%
b10 (
#510229590000
0!
b00001010 #
0%
b00001010 '
1*
#510271255000
1!
1%
b11 (
#510312920000
0!
0%
#510354585000
1!
1%
b100 (
#510396250000
0!
0%
#510437915000
1!
b00001101 #
1%
b00001101 '
b0 (
1)
#510479580000
0!
0%
#510521245000
1!
1%
b1 (
#510562910000
0!
0%
#510604575000
1!
1%
b10 (
#510646240000
0!
b00000101 #
0%
b00000101 '
0*
#510687905000
1!
1%
b11 (
#510729570000
0!
0%
#510771235000
1!
1%
b100 (
#510812900000
0!
0%
#510854565000
1!
b00000010 #
1%
b00000010 '
b0 (
0)
#510896230000
0!
0%
#510937895000
1!
1%
b1 (
#510979560000
0!
0%
#511021225000
1!
1%
b10 (
#511062890000
0!
b00001010 #
0%
b00001010 '
1*
#511104555000
1!
1%
b11 (
#511146220000
0!
0%
#511187885000
1!
1%
b100 (
#511229550000
0!
0%
#511271215000
1!
b00001101 #
1%
b00001101 '
b0 (
1)
#511312880000
0!
0%
#511354545000
1!
1%
b1 (
#511396210000
0!
0%
#511437875000
1!
1%
b10 (
#511479540000
0!
b00000101 #
0%
b00000101 '
0*
#511521205000
1!
1%
b11 (
#511562870000
0!
0%
#511604535000
1!
1%
b100 (
#511646200000
0!
0%
#511687865000
1!
b00000010 #
1%
b00000010 '
b0 (
0)
#511729530000
0!
0%
#511771195000
1!
1%
b1 (
#511812860000
0!
0%
#511854525000
1!
1%
b10 (
#511896190000
0!
b00001010 #
0%
b00001010 '
1*
#511937855000
1!
1%
b11 (
#511979520000
0!
0%
#512021185000
1!
1%
b100 (
#512062850000
0!
0%
#512104515000
1!
b00001101 #
1%
b00001101 '
b0 (
1)
#512146180000
0!
0%
#512187845000
1!
1%
b1 (
#512229510000
0!
0%
#512271175000
1!
1%
b10 (
#512312840000
0!
b00000101 #
0%
b00000101 '
0*
#512354505000
1!
1%
b11 (
#512396170000
0!
0%
#512437835000
1!
1%
b100 (
#512479500000
0!
0%
#512521165000
1!
b00000010 #
1%
b00000010 '
b0 (
0)
#512562830000
0!
0%
#512604495000
1!
1%
b1 (
#512646160000
0!
0%
#512687825000
1!
1%
b10 (
#512729490000
0!
b00001010 #
0%
b00001010 '
1*
#512771155000
1!
1%
b11 (
#512812820000
0!
0%
#512854485000
1!
1%
b100 (
#512896150000
0!
0%
#512937815000
1!
b00001101 #
1%
b00001101 '
b0 (
1)
#512979480000
0!
0%
#513021145000
1!
1%
b1 (
#513062810000
0!
0%
#513104475000
1!
1%
b10 (
#513146140000
0!
b00000101 #
0%
b00000101 '
0*
#513187805000
1!
1%
b11 (
#513229470000
0!
0%
#513271135000
1!
1%
b100 (
#513312800000
0!
0%
#513354465000
1!
b00000010 #
1%
b00000010 '
b0 (
0)
#513396130000
0!
0%
#513437795000
1!
1%
b1 (
#513479460000
0!
0%
#513521125000
1!
1%
b10 (
#513562790000
0!
b00001010 #
0%
b00001010 '
1*
#513604455000
1!
1%
b11 (
#513646120000
0!
0%
#513687785000
1!
1%
b100 (
#513729450000
0!
0%
#513771115000
1!
b00001101 #
1%
b00001101 '
b0 (
1)
#513812780000
0!
0%
#513854445000
1!
1%
b1 (
#513896110000
0!
0%
#513937775000
1!
1%
b10 (
#513979440000
0!
b00000101 #
0%
b00000101 '
0*
#514021105000
1!
1%
b11 (
#514062770000
0!
0%
#514104435000
1!
1%
b100 (
#514146100000
0!
0%
#514187765000
1!
b00000010 #
1%
b00000010 '
b0 (
0)
#514229430000
0!
0%
#514271095000
1!
1%
b1 (
#514312760000
0!
0%
#514354425000
1!
1%
b10 (
#514396090000
0!
b00001010 #
0%
b00001010 '
1*
#514437755000
1!
1%
b11 (
#514479420000
0!
0%
#514521085000
1!
1%
b100 (
#514562750000
0!
0%
#514604415000
1!
b00001101 #
1%
b00001101 '
b0 (
1)
#514646080000
0!
0%
#514687745000
1!
1%
b1 (
#514729410000
0!
0%
#514771075000
1!
1%
b10 (
#514812740000
0!
b00000101 #
0%
b00000101 '
0*
#514854405000
1!
1%
b11 (
#514896070000
0!
0%
#514937735000
1!
1%
b100 (
#514979400000
0!
0%
#515021065000
1!
b00000010 #
1%
b00000010 '
b0 (
0)
#515062730000
0!
0%
#515104395000
1!
1%
b1 (
#515146060000
0!
0%
#515187725000
1!
1%
b10 (
#515229390000
0!
b00001010 #
0%
b00001010 '
1*
#515271055000
1!
1%
b11 (
#515312720000
0!
0%
#515354385000
1!
1%
b100 (
#515396050000
0!
0%
#515437715000
1!
b00001101 #
1%
b00001101 '
b0 (
1)
#515479380000
0!
0%
#515521045000
1!
1%
b1 (
#515562710000
0!
0%
#515604375000
1!
1%
b10 (
#515646040000
0!
b00000101 #
0%
b00000101 '
0*
#515687705000
1!
1%
b11 (
#515729370000
0!
0%
#515771035000
1!
1%
b100 (
#515812700000
0!
0%
#515854365000
1!
b00000010 #
1%
b00000010 '
b0 (
0)
#515896030000
0!
0%
#515937695000
1!
1%
b1 (
#515979360000
0!
0%
#516021025000
1!
1%
b10 (
#516062690000
0!
b00001010 #
0%
b00001010 '
1*
#516104355000
1!
1%
b11 (
#516146020000
0!
0%
#516187685000
1!
1%
b100 (
#516229350000
0!
0%
#516271015000
1!
b00001101 #
1%
b00001101 '
b0 (
1)
#516312680000
0!
0%
#516354345000
1!
1%
b1 (
#516396010000
0!
0%
#516437675000
1!
1%
b10 (
#516479340000
0!
b00000101 #
0%
b00000101 '
0*
#516521005000
1!
1%
b11 (
#516562670000
0!
0%
#516604335000
1!
1%
b100 (
#516646000000
0!
0%
#516687665000
1!
b00000010 #
1%
b00000010 '
b0 (
0)
#516729330000
0!
0%
#516770995000
1!
1%
b1 (
#516812660000
0!
0%
#516854325000
1!
1%
b10 (
#516895990000
0!
b00001010 #
0%
b00001010 '
1*
#516937655000
1!
1%
b11 (
#516979320000
0!
0%
#517020985000
1!
1%
b100 (
#517062650000
0!
0%
#517104315000
1!
b00001101 #
1%
b00001101 '
b0 (
1)
#517145980000
0!
0%
#517187645000
1!
1%
b1 (
#517229310000
0!
0%
#517270975000
1!
1%
b10 (
#517312640000
0!
b00000101 #
0%
b00000101 '
0*
#517354305000
1!
1%
b11 (
#517395970000
0!
0%
#517437635000
1!
1%
b100 (
#517479300000
0!
0%
#517520965000
1!
b00000010 #
1%
b00000010 '
b0 (
0)
#517562630000
0!
0%
#517604295000
1!
1%
b1 (
#517645960000
0!
0%
#517687625000
1!
1%
b10 (
#517729290000
0!
b00001010 #
0%
b00001010 '
1*
#517770955000
1!
1%
b11 (
#517812620000
0!
0%
#517854285000
1!
1%
b100 (
#517895950000
0!
0%
#517937615000
1!
b00001101 #
1%
b00001101 '
b0 (
1)
#517979280000
0!
0%
#518020945000
1!
1%
b1 (
#518062610000
0!
0%
#518104275000
1!
1%
b10 (
#518145940000
0!
b00000101 #
0%
b00000101 '
0*
#518187605000
1!
1%
b11 (
#518229270000
0!
0%
#518270935000
1!
1%
b100 (
#518312600000
0!
0%
#518354265000
1!
b00000010 #
1%
b00000010 '
b0 (
0)
#518395930000
0!
0%
#518437595000
1!
1%
b1 (
#518479260000
0!
0%
#518520925000
1!
1%
b10 (
#518562590000
0!
b00001010 #
0%
b00001010 '
1*
#518604255000
1!
1%
b11 (
#518645920000
0!
0%
#518687585000
1!
1%
b100 (
#518729250000
0!
0%
#518770915000
1!
b00001101 #
1%
b00001101 '
b0 (
1)
#518812580000
0!
0%
#518854245000
1!
1%
b1 (
#518895910000
0!
0%
#518937575000
1!
1%
b10 (
#518979240000
0!
b00000101 #
0%
b00000101 '
0*
#519020905000
1!
1%
b11 (
#519062570000
0!
0%
#519104235000
1!
1%
b100 (
#519145900000
0!
0%
#519187565000
1!
b00000010 #
1%
b00000010 '
b0 (
0)
#519229230000
0!
0%
#519270895000
1!
1%
b1 (
#519312560000
0!
0%
#519354225000
1!
1%
b10 (
#519395890000
0!
b00001010 #
0%
b00001010 '
1*
#519437555000
1!
1%
b11 (
#519479220000
0!
0%
#519520885000
1!
1%
b100 (
#519562550000
0!
0%
#519604215000
1!
b00001101 #
1%
b00001101 '
b0 (
1)
#519645880000
0!
0%
#519687545000
1!
1%
b1 (
#519729210000
0!
0%
#519770875000
1!
1%
b10 (
#519812540000
0!
b00000101 #
0%
b00000101 '
0*
#519854205000
1!
1%
b11 (
#519895870000
0!
0%
#519937535000
1!
1%
b100 (
#519979200000
0!
0%
#520020865000
1!
b00000010 #
1%
b00000010 '
b0 (
0)
#520062530000
0!
0%
#520104195000
1!
1%
b1 (
#520145860000
0!
0%
#520187525000
1!
1%
b10 (
#520229190000
0!
b00001010 #
0%
b00001010 '
1*
#520270855000
1!
1%
b11 (
#520312520000
0!
0%
#520354185000
1!
1%
b100 (
#520395850000
0!
0%
#520437515000
1!
b00001101 #
1%
b00001101 '
b0 (
1)
#520479180000
0!
0%
#520520845000
1!
1%
b1 (
#520562510000
0!
0%
#520604175000
1!
1%
b10 (
#520645840000
0!
b00000101 #
0%
b00000101 '
0*
#520687505000
1!
1%
b11 (
#520729170000
0!
0%
#520770835000
1!
1%
b100 (
#520812500000
0!
0%
#520854165000
1!
b00000010 #
1%
b00000010 '
b0 (
0)
#520895830000
0!
0%
#520937495000
1!
1%
b1 (
#520979160000
0!
0%
#521020825000
1!
1%
b10 (
#521062490000
0!
b00001010 #
0%
b00001010 '
1*
#521104155000
1!
1%
b11 (
#521145820000
0!
0%
#521187485000
1!
1%
b100 (
#521229150000
0!
0%
#521270815000
1!
b00001101 #
1%
b00001101 '
b0 (
1)
#521312480000
0!
0%
#521354145000
1!
1%
b1 (
#521395810000
0!
0%
#521437475000
1!
1%
b10 (
#521479140000
0!
b00000101 #
0%
b00000101 '
0*
#521520805000
1!
1%
b11 (
#521562470000
0!
0%
#521604135000
1!
1%
b100 (
#521645800000
0!
0%
#521687465000
1!
b00000010 #
1%
b00000010 '
b0 (
0)
#521729130000
0!
0%
#521770795000
1!
1%
b1 (
#521812460000
0!
0%
#521854125000
1!
1%
b10 (
#521895790000
0!
b00001010 #
0%
b00001010 '
1*
#521937455000
1!
1%
b11 (
#521979120000
0!
0%
#522020785000
1!
1%
b100 (
#522062450000
0!
0%
#522104115000
1!
b00001101 #
1%
b00001101 '
b0 (
1)
#522145780000
0!
0%
#522187445000
1!
1%
b1 (
#522229110000
0!
0%
#522270775000
1!
1%
b10 (
#522312440000
0!
b00000101 #
0%
b00000101 '
0*
#522354105000
1!
1%
b11 (
#522395770000
0!
0%
#522437435000
1!
1%
b100 (
#522479100000
0!
0%
#522520765000
1!
b00000010 #
1%
b00000010 '
b0 (
0)
#522562430000
0!
0%
#522604095000
1!
1%
b1 (
#522645760000
0!
0%
#522687425000
1!
1%
b10 (
#522729090000
0!
b00001010 #
0%
b00001010 '
1*
#522770755000
1!
1%
b11 (
#522812420000
0!
0%
#522854085000
1!
1%
b100 (
#522895750000
0!
0%
#522937415000
1!
b00001101 #
1%
b00001101 '
b0 (
1)
#522979080000
0!
0%
#523020745000
1!
1%
b1 (
#523062410000
0!
0%
#523104075000
1!
1%
b10 (
#523145740000
0!
b00000101 #
0%
b00000101 '
0*
#523187405000
1!
1%
b11 (
#523229070000
0!
0%
#523270735000
1!
1%
b100 (
#523312400000
0!
0%
#523354065000
1!
b00000010 #
1%
b00000010 '
b0 (
0)
#523395730000
0!
0%
#523437395000
1!
1%
b1 (
#523479060000
0!
0%
#523520725000
1!
1%
b10 (
#523562390000
0!
b00001010 #
0%
b00001010 '
1*
#523604055000
1!
1%
b11 (
#523645720000
0!
0%
#523687385000
1!
1%
b100 (
#523729050000
0!
0%
#523770715000
1!
b00001101 #
1%
b00001101 '
b0 (
1)
#523812380000
0!
0%
#523854045000
1!
1%
b1 (
#523895710000
0!
0%
#523937375000
1!
1%
b10 (
#523979040000
0!
b00000101 #
0%
b00000101 '
0*
#524020705000
1!
1%
b11 (
#524062370000
0!
0%
#524104035000
1!
1%
b100 (
#524145700000
0!
0%
#524187365000
1!
b00000010 #
1%
b00000010 '
b0 (
0)
#524229030000
0!
0%
#524270695000
1!
1%
b1 (
#524312360000
0!
0%
#524354025000
1!
1%
b10 (
#524395690000
0!
b00001010 #
0%
b00001010 '
1*
#524437355000
1!
1%
b11 (
#524479020000
0!
0%
#524520685000
1!
1%
b100 (
#524562350000
0!
0%
#524604015000
1!
b00001101 #
1%
b00001101 '
b0 (
1)
#524645680000
0!
0%
#524687345000
1!
1%
b1 (
#524729010000
0!
0%
#524770675000
1!
1%
b10 (
#524812340000
0!
b00000101 #
0%
b00000101 '
0*
#524854005000
1!
1%
b11 (
#524895670000
0!
0%
#524937335000
1!
1%
b100 (
#524979000000
0!
0%
#525020665000
1!
b00000010 #
1%
b00000010 '
b0 (
0)
#525062330000
0!
0%
#525103995000
1!
1%
b1 (
#525145660000
0!
0%
#525187325000
1!
1%
b10 (
#525228990000
0!
b00001010 #
0%
b00001010 '
1*
#525270655000
1!
1%
b11 (
#525312320000
0!
0%
#525353985000
1!
1%
b100 (
#525395650000
0!
0%
#525437315000
1!
b00001101 #
1%
b00001101 '
b0 (
1)
#525478980000
0!
0%
#525520645000
1!
1%
b1 (
#525562310000
0!
0%
#525603975000
1!
1%
b10 (
#525645640000
0!
b00000101 #
0%
b00000101 '
0*
#525687305000
1!
1%
b11 (
#525728970000
0!
0%
#525770635000
1!
1%
b100 (
#525812300000
0!
0%
#525853965000
1!
b00000010 #
1%
b00000010 '
b0 (
0)
#525895630000
0!
0%
#525937295000
1!
1%
b1 (
#525978960000
0!
0%
#526020625000
1!
1%
b10 (
#526062290000
0!
b00001010 #
0%
b00001010 '
1*
#526103955000
1!
1%
b11 (
#526145620000
0!
0%
#526187285000
1!
1%
b100 (
#526228950000
0!
0%
#526270615000
1!
b00001101 #
1%
b00001101 '
b0 (
1)
#526312280000
0!
0%
#526353945000
1!
1%
b1 (
#526395610000
0!
0%
#526437275000
1!
1%
b10 (
#526478940000
0!
b00000101 #
0%
b00000101 '
0*
#526520605000
1!
1%
b11 (
#526562270000
0!
0%
#526603935000
1!
1%
b100 (
#526645600000
0!
0%
#526687265000
1!
b00000010 #
1%
b00000010 '
b0 (
0)
#526728930000
0!
0%
#526770595000
1!
1%
b1 (
#526812260000
0!
0%
#526853925000
1!
1%
b10 (
#526895590000
0!
b00001010 #
0%
b00001010 '
1*
#526937255000
1!
1%
b11 (
#526978920000
0!
0%
#527020585000
1!
1%
b100 (
#527062250000
0!
0%
#527103915000
1!
b00001101 #
1%
b00001101 '
b0 (
1)
#527145580000
0!
0%
#527187245000
1!
1%
b1 (
#527228910000
0!
0%
#527270575000
1!
1%
b10 (
#527312240000
0!
b00000101 #
0%
b00000101 '
0*
#527353905000
1!
1%
b11 (
#527395570000
0!
0%
#527437235000
1!
1%
b100 (
#527478900000
0!
0%
#527520565000
1!
b00000010 #
1%
b00000010 '
b0 (
0)
#527562230000
0!
0%
#527603895000
1!
1%
b1 (
#527645560000
0!
0%
#527687225000
1!
1%
b10 (
#527728890000
0!
b00001010 #
0%
b00001010 '
1*
#527770555000
1!
1%
b11 (
#527812220000
0!
0%
#527853885000
1!
1%
b100 (
#527895550000
0!
0%
#527937215000
1!
b00001101 #
1%
b00001101 '
b0 (
1)
#527978880000
0!
0%
#528020545000
1!
1%
b1 (
#528062210000
0!
0%
#528103875000
1!
1%
b10 (
#528145540000
0!
b00000101 #
0%
b00000101 '
0*
#528187205000
1!
1%
b11 (
#528228870000
0!
0%
#528270535000
1!
1%
b100 (
#528312200000
0!
0%
#528353865000
1!
b00000010 #
1%
b00000010 '
b0 (
0)
#528395530000
0!
0%
#528437195000
1!
1%
b1 (
#528478860000
0!
0%
#528520525000
1!
1%
b10 (
#528562190000
0!
b00001010 #
0%
b00001010 '
1*
#528603855000
1!
1%
b11 (
#528645520000
0!
0%
#528687185000
1!
1%
b100 (
#528728850000
0!
0%
#528770515000
1!
b00001101 #
1%
b00001101 '
b0 (
1)
#528812180000
0!
0%
#528853845000
1!
1%
b1 (
#528895510000
0!
0%
#528937175000
1!
1%
b10 (
#528978840000
0!
b00000101 #
0%
b00000101 '
0*
#529020505000
1!
1%
b11 (
#529062170000
0!
0%
#529103835000
1!
1%
b100 (
#529145500000
0!
0%
#529187165000
1!
b00000010 #
1%
b00000010 '
b0 (
0)
#529228830000
0!
0%
#529270495000
1!
1%
b1 (
#529312160000
0!
0%
#529353825000
1!
1%
b10 (
#529395490000
0!
b00001010 #
0%
b00001010 '
1*
#529437155000
1!
1%
b11 (
#529478820000
0!
0%
#529520485000
1!
1%
b100 (
#529562150000
0!
0%
#529603815000
1!
b00001101 #
1%
b00001101 '
b0 (
1)
#529645480000
0!
0%
#529687145000
1!
1%
b1 (
#529728810000
0!
0%
#529770475000
1!
1%
b10 (
#529812140000
0!
b00000101 #
0%
b00000101 '
0*
#529853805000
1!
1%
b11 (
#529895470000
0!
0%
#529937135000
1!
1%
b100 (
#529978800000
0!
0%
#530020465000
1!
b00000010 #
1%
b00000010 '
b0 (
0)
#530062130000
0!
0%
#530103795000
1!
1%
b1 (
#530145460000
0!
0%
#530187125000
1!
1%
b10 (
#530228790000
0!
b00001010 #
0%
b00001010 '
1*
#530270455000
1!
1%
b11 (
#530312120000
0!
0%
#530353785000
1!
1%
b100 (
#530395450000
0!
0%
#530437115000
1!
b00001101 #
1%
b00001101 '
b0 (
1)
#530478780000
0!
0%
#530520445000
1!
1%
b1 (
#530562110000
0!
0%
#530603775000
1!
1%
b10 (
#530645440000
0!
b00000101 #
0%
b00000101 '
0*
#530687105000
1!
1%
b11 (
#530728770000
0!
0%
#530770435000
1!
1%
b100 (
#530812100000
0!
0%
#530853765000
1!
b00000010 #
1%
b00000010 '
b0 (
0)
#530895430000
0!
0%
#530937095000
1!
1%
b1 (
#530978760000
0!
0%
#531020425000
1!
1%
b10 (
#531062090000
0!
b00001010 #
0%
b00001010 '
1*
#531103755000
1!
1%
b11 (
#531145420000
0!
0%
#531187085000
1!
1%
b100 (
#531228750000
0!
0%
#531270415000
1!
b00001101 #
1%
b00001101 '
b0 (
1)
#531312080000
0!
0%
#531353745000
1!
1%
b1 (
#531395410000
0!
0%
#531437075000
1!
1%
b10 (
#531478740000
0!
b00000101 #
0%
b00000101 '
0*
#531520405000
1!
1%
b11 (
#531562070000
0!
0%
#531603735000
1!
1%
b100 (
#531645400000
0!
0%
#531687065000
1!
b00000010 #
1%
b00000010 '
b0 (
0)
#531728730000
0!
0%
#531770395000
1!
1%
b1 (
#531812060000
0!
0%
#531853725000
1!
1%
b10 (
#531895390000
0!
b00001010 #
0%
b00001010 '
1*
#531937055000
1!
1%
b11 (
#531978720000
0!
0%
#532020385000
1!
1%
b100 (
#532062050000
0!
0%
#532103715000
1!
b00001101 #
1%
b00001101 '
b0 (
1)
#532145380000
0!
0%
#532187045000
1!
1%
b1 (
#532228710000
0!
0%
#532270375000
1!
1%
b10 (
#532312040000
0!
b00000101 #
0%
b00000101 '
0*
#532353705000
1!
1%
b11 (
#532395370000
0!
0%
#532437035000
1!
1%
b100 (
#532478700000
0!
0%
#532520365000
1!
b00000010 #
1%
b00000010 '
b0 (
0)
#532562030000
0!
0%
#532603695000
1!
1%
b1 (
#532645360000
0!
0%
#532687025000
1!
1%
b10 (
#532728690000
0!
b00001010 #
0%
b00001010 '
1*
#532770355000
1!
1%
b11 (
#532812020000
0!
0%
#532853685000
1!
1%
b100 (
#532895350000
0!
0%
#532937015000
1!
b00001101 #
1%
b00001101 '
b0 (
1)
#532978680000
0!
0%
#533020345000
1!
1%
b1 (
#533062010000
0!
0%
#533103675000
1!
1%
b10 (
#533145340000
0!
b00000101 #
0%
b00000101 '
0*
#533187005000
1!
1%
b11 (
#533228670000
0!
0%
#533270335000
1!
1%
b100 (
#533312000000
0!
0%
#533353665000
1!
b00000010 #
1%
b00000010 '
b0 (
0)
#533395330000
0!
0%
#533436995000
1!
1%
b1 (
#533478660000
0!
0%
#533520325000
1!
1%
b10 (
#533561990000
0!
b00001010 #
0%
b00001010 '
1*
#533603655000
1!
1%
b11 (
#533645320000
0!
0%
#533686985000
1!
1%
b100 (
#533728650000
0!
0%
#533770315000
1!
b00001101 #
1%
b00001101 '
b0 (
1)
#533811980000
0!
0%
#533853645000
1!
1%
b1 (
#533895310000
0!
0%
#533936975000
1!
1%
b10 (
#533978640000
0!
b00000101 #
0%
b00000101 '
0*
#534020305000
1!
1%
b11 (
#534061970000
0!
0%
#534103635000
1!
1%
b100 (
#534145300000
0!
0%
#534186965000
1!
b00000010 #
1%
b00000010 '
b0 (
0)
#534228630000
0!
0%
#534270295000
1!
1%
b1 (
#534311960000
0!
0%
#534353625000
1!
1%
b10 (
#534395290000
0!
b00001010 #
0%
b00001010 '
1*
#534436955000
1!
1%
b11 (
#534478620000
0!
0%
#534520285000
1!
1%
b100 (
#534561950000
0!
0%
#534603615000
1!
b00001101 #
1%
b00001101 '
b0 (
1)
#534645280000
0!
0%
#534686945000
1!
1%
b1 (
#534728610000
0!
0%
#534770275000
1!
1%
b10 (
#534811940000
0!
b00000101 #
0%
b00000101 '
0*
#534853605000
1!
1%
b11 (
#534895270000
0!
0%
#534936935000
1!
1%
b100 (
#534978600000
0!
0%
#535020265000
1!
b00000010 #
1%
b00000010 '
b0 (
0)
#535061930000
0!
0%
#535103595000
1!
1%
b1 (
#535145260000
0!
0%
#535186925000
1!
1%
b10 (
#535228590000
0!
b00001010 #
0%
b00001010 '
1*
#535270255000
1!
1%
b11 (
#535311920000
0!
0%
#535353585000
1!
1%
b100 (
#535395250000
0!
0%
#535436915000
1!
b00001101 #
1%
b00001101 '
b0 (
1)
#535478580000
0!
0%
#535520245000
1!
1%
b1 (
#535561910000
0!
0%
#535603575000
1!
1%
b10 (
#535645240000
0!
b00000101 #
0%
b00000101 '
0*
#535686905000
1!
1%
b11 (
#535728570000
0!
0%
#535770235000
1!
1%
b100 (
#535811900000
0!
0%
#535853565000
1!
b00000010 #
1%
b00000010 '
b0 (
0)
#535895230000
0!
0%
#535936895000
1!
1%
b1 (
#535978560000
0!
0%
#536020225000
1!
1%
b10 (
#536061890000
0!
b00001010 #
0%
b00001010 '
1*
#536103555000
1!
1%
b11 (
#536145220000
0!
0%
#536186885000
1!
1%
b100 (
#536228550000
0!
0%
#536270215000
1!
b00001101 #
1%
b00001101 '
b0 (
1)
#536311880000
0!
0%
#536353545000
1!
1%
b1 (
#536395210000
0!
0%
#536436875000
1!
1%
b10 (
#536478540000
0!
b00000101 #
0%
b00000101 '
0*
#536520205000
1!
1%
b11 (
#536561870000
0!
0%
#536603535000
1!
1%
b100 (
#536645200000
0!
0%
#536686865000
1!
b00000010 #
1%
b00000010 '
b0 (
0)
#536728530000
0!
0%
#536770195000
1!
1%
b1 (
#536811860000
0!
0%
#536853525000
1!
1%
b10 (
#536895190000
0!
b00001010 #
0%
b00001010 '
1*
#536936855000
1!
1%
b11 (
#536978520000
0!
0%
#537020185000
1!
1%
b100 (
#537061850000
0!
0%
#537103515000
1!
b00001101 #
1%
b00001101 '
b0 (
1)
#537145180000
0!
0%
#537186845000
1!
1%
b1 (
#537228510000
0!
0%
#537270175000
1!
1%
b10 (
#537311840000
0!
b00000101 #
0%
b00000101 '
0*
#537353505000
1!
1%
b11 (
#537395170000
0!
0%
#537436835000
1!
1%
b100 (
#537478500000
0!
0%
#537520165000
1!
b00000010 #
1%
b00000010 '
b0 (
0)
#537561830000
0!
0%
#537603495000
1!
1%
b1 (
#537645160000
0!
0%
#537686825000
1!
1%
b10 (
#537728490000
0!
b00001010 #
0%
b00001010 '
1*
#537770155000
1!
1%
b11 (
#537811820000
0!
0%
#537853485000
1!
1%
b100 (
#537895150000
0!
0%
#537936815000
1!
b00001101 #
1%
b00001101 '
b0 (
1)
#537978480000
0!
0%
#538020145000
1!
1%
b1 (
#538061810000
0!
0%
#538103475000
1!
1%
b10 (
#538145140000
0!
b00000101 #
0%
b00000101 '
0*
#538186805000
1!
1%
b11 (
#538228470000
0!
0%
#538270135000
1!
1%
b100 (
#538311800000
0!
0%
#538353465000
1!
b00000010 #
1%
b00000010 '
b0 (
0)
#538395130000
0!
0%
#538436795000
1!
1%
b1 (
#538478460000
0!
0%
#538520125000
1!
1%
b10 (
#538561790000
0!
b00001010 #
0%
b00001010 '
1*
#538603455000
1!
1%
b11 (
#538645120000
0!
0%
#538686785000
1!
1%
b100 (
#538728450000
0!
0%
#538770115000
1!
b00001101 #
1%
b00001101 '
b0 (
1)
#538811780000
0!
0%
#538853445000
1!
1%
b1 (
#538895110000
0!
0%
#538936775000
1!
1%
b10 (
#538978440000
0!
b00000101 #
0%
b00000101 '
0*
#539020105000
1!
1%
b11 (
#539061770000
0!
0%
#539103435000
1!
1%
b100 (
#539145100000
0!
0%
#539186765000
1!
b00000010 #
1%
b00000010 '
b0 (
0)
#539228430000
0!
0%
#539270095000
1!
1%
b1 (
#539311760000
0!
0%
#539353425000
1!
1%
b10 (
#539395090000
0!
b00001010 #
0%
b00001010 '
1*
#539436755000
1!
1%
b11 (
#539478420000
0!
0%
#539520085000
1!
1%
b100 (
#539561750000
0!
0%
#539603415000
1!
b00001101 #
1%
b00001101 '
b0 (
1)
#539645080000
0!
0%
#539686745000
1!
1%
b1 (
#539728410000
0!
0%
#539770075000
1!
1%
b10 (
#539811740000
0!
b00000101 #
0%
b00000101 '
0*
#539853405000
1!
1%
b11 (
#539895070000
0!
0%
#539936735000
1!
1%
b100 (
#539978400000
0!
0%
#540020065000
1!
b00000010 #
1%
b00000010 '
b0 (
0)
#540061730000
0!
0%
#540103395000
1!
1%
b1 (
#540145060000
0!
0%
#540186725000
1!
1%
b10 (
#540228390000
0!
b00001010 #
0%
b00001010 '
1*
#540270055000
1!
1%
b11 (
#540311720000
0!
0%
#540353385000
1!
1%
b100 (
#540395050000
0!
0%
#540436715000
1!
b00001101 #
1%
b00001101 '
b0 (
1)
#540478380000
0!
0%
#540520045000
1!
1%
b1 (
#540561710000
0!
0%
#540603375000
1!
1%
b10 (
#540645040000
0!
b00000101 #
0%
b00000101 '
0*
#540686705000
1!
1%
b11 (
#540728370000
0!
0%
#540770035000
1!
1%
b100 (
#540811700000
0!
0%
#540853365000
1!
b00000010 #
1%
b00000010 '
b0 (
0)
#540895030000
0!
0%
#540936695000
1!
1%
b1 (
#540978360000
0!
0%
#541020025000
1!
1%
b10 (
#541061690000
0!
b00001010 #
0%
b00001010 '
1*
#541103355000
1!
1%
b11 (
#541145020000
0!
0%
#541186685000
1!
1%
b100 (
#541228350000
0!
0%
#541270015000
1!
b00001101 #
1%
b00001101 '
b0 (
1)
#541311680000
0!
0%
#541353345000
1!
1%
b1 (
#541395010000
0!
0%
#541436675000
1!
1%
b10 (
#541478340000
0!
b00000101 #
0%
b00000101 '
0*
#541520005000
1!
1%
b11 (
#541561670000
0!
0%
#541603335000
1!
1%
b100 (
#541645000000
0!
0%
#541686665000
1!
b00000010 #
1%
b00000010 '
b0 (
0)
#541728330000
0!
0%
#541769995000
1!
1%
b1 (
#541811660000
0!
0%
#541853325000
1!
1%
b10 (
#541894990000
0!
b00001010 #
0%
b00001010 '
1*
#541936655000
1!
1%
b11 (
#541978320000
0!
0%
#542019985000
1!
1%
b100 (
#542061650000
0!
0%
#542103315000
1!
b00001101 #
1%
b00001101 '
b0 (
1)
#542144980000
0!
0%
#542186645000
1!
1%
b1 (
#542228310000
0!
0%
#542269975000
1!
1%
b10 (
#542311640000
0!
b00000101 #
0%
b00000101 '
0*
#542353305000
1!
1%
b11 (
#542394970000
0!
0%
#542436635000
1!
1%
b100 (
#542478300000
0!
0%
#542519965000
1!
b00000010 #
1%
b00000010 '
b0 (
0)
#542561630000
0!
0%
#542603295000
1!
1%
b1 (
#542644960000
0!
0%
#542686625000
1!
1%
b10 (
#542728290000
0!
b00001010 #
0%
b00001010 '
1*
#542769955000
1!
1%
b11 (
#542811620000
0!
0%
#542853285000
1!
1%
b100 (
#542894950000
0!
0%
#542936615000
1!
b00001101 #
1%
b00001101 '
b0 (
1)
#542978280000
0!
0%
#543019945000
1!
1%
b1 (
#543061610000
0!
0%
#543103275000
1!
1%
b10 (
#543144940000
0!
b00000101 #
0%
b00000101 '
0*
#543186605000
1!
1%
b11 (
#543228270000
0!
0%
#543269935000
1!
1%
b100 (
#543311600000
0!
0%
#543353265000
1!
b00000010 #
1%
b00000010 '
b0 (
0)
#543394930000
0!
0%
#543436595000
1!
1%
b1 (
#543478260000
0!
0%
#543519925000
1!
1%
b10 (
#543561590000
0!
b00001010 #
0%
b00001010 '
1*
#543603255000
1!
1%
b11 (
#543644920000
0!
0%
#543686585000
1!
1%
b100 (
#543728250000
0!
0%
#543769915000
1!
b00001101 #
1%
b00001101 '
b0 (
1)
#543811580000
0!
0%
#543853245000
1!
1%
b1 (
#543894910000
0!
0%
#543936575000
1!
1%
b10 (
#543978240000
0!
b00000101 #
0%
b00000101 '
0*
#544019905000
1!
1%
b11 (
#544061570000
0!
0%
#544103235000
1!
1%
b100 (
#544144900000
0!
0%
#544186565000
1!
b00000010 #
1%
b00000010 '
b0 (
0)
#544228230000
0!
0%
#544269895000
1!
1%
b1 (
#544311560000
0!
0%
#544353225000
1!
1%
b10 (
#544394890000
0!
b00001010 #
0%
b00001010 '
1*
#544436555000
1!
1%
b11 (
#544478220000
0!
0%
#544519885000
1!
1%
b100 (
#544561550000
0!
0%
#544603215000
1!
b00001101 #
1%
b00001101 '
b0 (
1)
#544644880000
0!
0%
#544686545000
1!
1%
b1 (
#544728210000
0!
0%
#544769875000
1!
1%
b10 (
#544811540000
0!
b00000101 #
0%
b00000101 '
0*
#544853205000
1!
1%
b11 (
#544894870000
0!
0%
#544936535000
1!
1%
b100 (
#544978200000
0!
0%
#545019865000
1!
b00000010 #
1%
b00000010 '
b0 (
0)
#545061530000
0!
0%
#545103195000
1!
1%
b1 (
#545144860000
0!
0%
#545186525000
1!
1%
b10 (
#545228190000
0!
b00001010 #
0%
b00001010 '
1*
#545269855000
1!
1%
b11 (
#545311520000
0!
0%
#545353185000
1!
1%
b100 (
#545394850000
0!
0%
#545436515000
1!
b00001101 #
1%
b00001101 '
b0 (
1)
#545478180000
0!
0%
#545519845000
1!
1%
b1 (
#545561510000
0!
0%
#545603175000
1!
1%
b10 (
#545644840000
0!
b00000101 #
0%
b00000101 '
0*
#545686505000
1!
1%
b11 (
#545728170000
0!
0%
#545769835000
1!
1%
b100 (
#545811500000
0!
0%
#545853165000
1!
b00000010 #
1%
b00000010 '
b0 (
0)
#545894830000
0!
0%
#545936495000
1!
1%
b1 (
#545978160000
0!
0%
#546019825000
1!
1%
b10 (
#546061490000
0!
b00001010 #
0%
b00001010 '
1*
#546103155000
1!
1%
b11 (
#546144820000
0!
0%
#546186485000
1!
1%
b100 (
#546228150000
0!
0%
#546269815000
1!
b00001101 #
1%
b00001101 '
b0 (
1)
#546311480000
0!
0%
#546353145000
1!
1%
b1 (
#546394810000
0!
0%
#546436475000
1!
1%
b10 (
#546478140000
0!
b00000101 #
0%
b00000101 '
0*
#546519805000
1!
1%
b11 (
#546561470000
0!
0%
#546603135000
1!
1%
b100 (
#546644800000
0!
0%
#546686465000
1!
b00000010 #
1%
b00000010 '
b0 (
0)
#546728130000
0!
0%
#546769795000
1!
1%
b1 (
#546811460000
0!
0%
#546853125000
1!
1%
b10 (
#546894790000
0!
b00001010 #
0%
b00001010 '
1*
#546936455000
1!
1%
b11 (
#546978120000
0!
0%
#547019785000
1!
1%
b100 (
#547061450000
0!
0%
#547103115000
1!
b00001101 #
1%
b00001101 '
b0 (
1)
#547144780000
0!
0%
#547186445000
1!
1%
b1 (
#547228110000
0!
0%
#547269775000
1!
1%
b10 (
#547311440000
0!
b00000101 #
0%
b00000101 '
0*
#547353105000
1!
1%
b11 (
#547394770000
0!
0%
#547436435000
1!
1%
b100 (
#547478100000
0!
0%
#547519765000
1!
b00000010 #
1%
b00000010 '
b0 (
0)
#547561430000
0!
0%
#547603095000
1!
1%
b1 (
#547644760000
0!
0%
#547686425000
1!
1%
b10 (
#547728090000
0!
b00001010 #
0%
b00001010 '
1*
#547769755000
1!
1%
b11 (
#547811420000
0!
0%
#547853085000
1!
1%
b100 (
#547894750000
0!
0%
#547936415000
1!
b00001101 #
1%
b00001101 '
b0 (
1)
#547978080000
0!
0%
#548019745000
1!
1%
b1 (
#548061410000
0!
0%
#548103075000
1!
1%
b10 (
#548144740000
0!
b00000101 #
0%
b00000101 '
0*
#548186405000
1!
1%
b11 (
#548228070000
0!
0%
#548269735000
1!
1%
b100 (
#548311400000
0!
0%
#548353065000
1!
b00000010 #
1%
b00000010 '
b0 (
0)
#548394730000
0!
0%
#548436395000
1!
1%
b1 (
#548478060000
0!
0%
#548519725000
1!
1%
b10 (
#548561390000
0!
b00001010 #
0%
b00001010 '
1*
#548603055000
1!
1%
b11 (
#548644720000
0!
0%
#548686385000
1!
1%
b100 (
#548728050000
0!
0%
#548769715000
1!
b00001101 #
1%
b00001101 '
b0 (
1)
#548811380000
0!
0%
#548853045000
1!
1%
b1 (
#548894710000
0!
0%
#548936375000
1!
1%
b10 (
#548978040000
0!
b00000101 #
0%
b00000101 '
0*
#549019705000
1!
1%
b11 (
#549061370000
0!
0%
#549103035000
1!
1%
b100 (
#549144700000
0!
0%
#549186365000
1!
b00000010 #
1%
b00000010 '
b0 (
0)
#549228030000
0!
0%
#549269695000
1!
1%
b1 (
#549311360000
0!
0%
#549353025000
1!
1%
b10 (
#549394690000
0!
b00001010 #
0%
b00001010 '
1*
#549436355000
1!
1%
b11 (
#549478020000
0!
0%
#549519685000
1!
1%
b100 (
#549561350000
0!
0%
#549603015000
1!
b00001101 #
1%
b00001101 '
b0 (
1)
#549644680000
0!
0%
#549686345000
1!
1%
b1 (
#549728010000
0!
0%
#549769675000
1!
1%
b10 (
#549811340000
0!
b00000101 #
0%
b00000101 '
0*
#549853005000
1!
1%
b11 (
#549894670000
0!
0%
#549936335000
1!
1%
b100 (
#549978000000
0!
0%
#550019665000
1!
b00000010 #
1%
b00000010 '
b0 (
0)
#550061330000
0!
0%
#550102995000
1!
1%
b1 (
#550144660000
0!
0%
#550186325000
1!
1%
b10 (
#550227990000
0!
b00001010 #
0%
b00001010 '
1*
#550269655000
1!
1%
b11 (
#550311320000
0!
0%
#550352985000
1!
1%
b100 (
#550394650000
0!
0%
#550436315000
1!
b00001101 #
1%
b00001101 '
b0 (
1)
#550477980000
0!
0%
#550519645000
1!
1%
b1 (
#550561310000
0!
0%
#550602975000
1!
1%
b10 (
#550644640000
0!
b00000101 #
0%
b00000101 '
0*
#550686305000
1!
1%
b11 (
#550727970000
0!
0%
#550769635000
1!
1%
b100 (
#550811300000
0!
0%
#550852965000
1!
b00000010 #
1%
b00000010 '
b0 (
0)
#550894630000
0!
0%
#550936295000
1!
1%
b1 (
#550977960000
0!
0%
#551019625000
1!
1%
b10 (
#551061290000
0!
b00001010 #
0%
b00001010 '
1*
#551102955000
1!
1%
b11 (
#551144620000
0!
0%
#551186285000
1!
1%
b100 (
#551227950000
0!
0%
#551269615000
1!
b00001101 #
1%
b00001101 '
b0 (
1)
#551311280000
0!
0%
#551352945000
1!
1%
b1 (
#551394610000
0!
0%
#551436275000
1!
1%
b10 (
#551477940000
0!
b00000101 #
0%
b00000101 '
0*
#551519605000
1!
1%
b11 (
#551561270000
0!
0%
#551602935000
1!
1%
b100 (
#551644600000
0!
0%
#551686265000
1!
b00000010 #
1%
b00000010 '
b0 (
0)
#551727930000
0!
0%
#551769595000
1!
1%
b1 (
#551811260000
0!
0%
#551852925000
1!
1%
b10 (
#551894590000
0!
b00001010 #
0%
b00001010 '
1*
#551936255000
1!
1%
b11 (
#551977920000
0!
0%
#552019585000
1!
1%
b100 (
#552061250000
0!
0%
#552102915000
1!
b00001101 #
1%
b00001101 '
b0 (
1)
#552144580000
0!
0%
#552186245000
1!
1%
b1 (
#552227910000
0!
0%
#552269575000
1!
1%
b10 (
#552311240000
0!
b00000101 #
0%
b00000101 '
0*
#552352905000
1!
1%
b11 (
#552394570000
0!
0%
#552436235000
1!
1%
b100 (
#552477900000
0!
0%
#552519565000
1!
b00000010 #
1%
b00000010 '
b0 (
0)
#552561230000
0!
0%
#552602895000
1!
1%
b1 (
#552644560000
0!
0%
#552686225000
1!
1%
b10 (
#552727890000
0!
b00001010 #
0%
b00001010 '
1*
#552769555000
1!
1%
b11 (
#552811220000
0!
0%
#552852885000
1!
1%
b100 (
#552894550000
0!
0%
#552936215000
1!
b00001101 #
1%
b00001101 '
b0 (
1)
#552977880000
0!
0%
#553019545000
1!
1%
b1 (
#553061210000
0!
0%
#553102875000
1!
1%
b10 (
#553144540000
0!
b00000101 #
0%
b00000101 '
0*
#553186205000
1!
1%
b11 (
#553227870000
0!
0%
#553269535000
1!
1%
b100 (
#553311200000
0!
0%
#553352865000
1!
b00000010 #
1%
b00000010 '
b0 (
0)
#553394530000
0!
0%
#553436195000
1!
1%
b1 (
#553477860000
0!
0%
#553519525000
1!
1%
b10 (
#553561190000
0!
b00001010 #
0%
b00001010 '
1*
#553602855000
1!
1%
b11 (
#553644520000
0!
0%
#553686185000
1!
1%
b100 (
#553727850000
0!
0%
#553769515000
1!
b00001101 #
1%
b00001101 '
b0 (
1)
#553811180000
0!
0%
#553852845000
1!
1%
b1 (
#553894510000
0!
0%
#553936175000
1!
1%
b10 (
#553977840000
0!
b00000101 #
0%
b00000101 '
0*
#554019505000
1!
1%
b11 (
#554061170000
0!
0%
#554102835000
1!
1%
b100 (
#554144500000
0!
0%
#554186165000
1!
b00000010 #
1%
b00000010 '
b0 (
0)
#554227830000
0!
0%
#554269495000
1!
1%
b1 (
#554311160000
0!
0%
#554352825000
1!
1%
b10 (
#554394490000
0!
b00001010 #
0%
b00001010 '
1*
#554436155000
1!
1%
b11 (
#554477820000
0!
0%
#554519485000
1!
1%
b100 (
#554561150000
0!
0%
#554602815000
1!
b00001101 #
1%
b00001101 '
b0 (
1)
#554644480000
0!
0%
#554686145000
1!
1%
b1 (
#554727810000
0!
0%
#554769475000
1!
1%
b10 (
#554811140000
0!
b00000101 #
0%
b00000101 '
0*
#554852805000
1!
1%
b11 (
#554894470000
0!
0%
#554936135000
1!
1%
b100 (
#554977800000
0!
0%
#555019465000
1!
b00000010 #
1%
b00000010 '
b0 (
0)
#555061130000
0!
0%
#555102795000
1!
1%
b1 (
#555144460000
0!
0%
#555186125000
1!
1%
b10 (
#555227790000
0!
b00001010 #
0%
b00001010 '
1*
#555269455000
1!
1%
b11 (
#555311120000
0!
0%
#555352785000
1!
1%
b100 (
#555394450000
0!
0%
#555436115000
1!
b00001101 #
1%
b00001101 '
b0 (
1)
#555477780000
0!
0%
#555519445000
1!
1%
b1 (
#555561110000
0!
0%
#555602775000
1!
1%
b10 (
#555644440000
0!
b00000101 #
0%
b00000101 '
0*
#555686105000
1!
1%
b11 (
#555727770000
0!
0%
#555769435000
1!
1%
b100 (
#555811100000
0!
0%
#555852765000
1!
b00000010 #
1%
b00000010 '
b0 (
0)
#555894430000
0!
0%
#555936095000
1!
1%
b1 (
#555977760000
0!
0%
#556019425000
1!
1%
b10 (
#556061090000
0!
b00001010 #
0%
b00001010 '
1*
#556102755000
1!
1%
b11 (
#556144420000
0!
0%
#556186085000
1!
1%
b100 (
#556227750000
0!
0%
#556269415000
1!
b00001101 #
1%
b00001101 '
b0 (
1)
#556311080000
0!
0%
#556352745000
1!
1%
b1 (
#556394410000
0!
0%
#556436075000
1!
1%
b10 (
#556477740000
0!
b00000101 #
0%
b00000101 '
0*
#556519405000
1!
1%
b11 (
#556561070000
0!
0%
#556602735000
1!
1%
b100 (
#556644400000
0!
0%
#556686065000
1!
b00000010 #
1%
b00000010 '
b0 (
0)
#556727730000
0!
0%
#556769395000
1!
1%
b1 (
#556811060000
0!
0%
#556852725000
1!
1%
b10 (
#556894390000
0!
b00001010 #
0%
b00001010 '
1*
#556936055000
1!
1%
b11 (
#556977720000
0!
0%
#557019385000
1!
1%
b100 (
#557061050000
0!
0%
#557102715000
1!
b00001101 #
1%
b00001101 '
b0 (
1)
#557144380000
0!
0%
#557186045000
1!
1%
b1 (
#557227710000
0!
0%
#557269375000
1!
1%
b10 (
#557311040000
0!
b00000101 #
0%
b00000101 '
0*
#557352705000
1!
1%
b11 (
#557394370000
0!
0%
#557436035000
1!
1%
b100 (
#557477700000
0!
0%
#557519365000
1!
b00000010 #
1%
b00000010 '
b0 (
0)
#557561030000
0!
0%
#557602695000
1!
1%
b1 (
#557644360000
0!
0%
#557686025000
1!
1%
b10 (
#557727690000
0!
b00001010 #
0%
b00001010 '
1*
#557769355000
1!
1%
b11 (
#557811020000
0!
0%
#557852685000
1!
1%
b100 (
#557894350000
0!
0%
#557936015000
1!
b00001101 #
1%
b00001101 '
b0 (
1)
#557977680000
0!
0%
#558019345000
1!
1%
b1 (
#558061010000
0!
0%
#558102675000
1!
1%
b10 (
#558144340000
0!
b00000101 #
0%
b00000101 '
0*
#558186005000
1!
1%
b11 (
#558227670000
0!
0%
#558269335000
1!
1%
b100 (
#558311000000
0!
0%
#558352665000
1!
b00000010 #
1%
b00000010 '
b0 (
0)
#558394330000
0!
0%
#558435995000
1!
1%
b1 (
#558477660000
0!
0%
#558519325000
1!
1%
b10 (
#558560990000
0!
b00001010 #
0%
b00001010 '
1*
#558602655000
1!
1%
b11 (
#558644320000
0!
0%
#558685985000
1!
1%
b100 (
#558727650000
0!
0%
#558769315000
1!
b00001101 #
1%
b00001101 '
b0 (
1)
#558810980000
0!
0%
#558852645000
1!
1%
b1 (
#558894310000
0!
0%
#558935975000
1!
1%
b10 (
#558977640000
0!
b00000101 #
0%
b00000101 '
0*
#559019305000
1!
1%
b11 (
#559060970000
0!
0%
#559102635000
1!
1%
b100 (
#559144300000
0!
0%
#559185965000
1!
b00000010 #
1%
b00000010 '
b0 (
0)
#559227630000
0!
0%
#559269295000
1!
1%
b1 (
#559310960000
0!
0%
#559352625000
1!
1%
b10 (
#559394290000
0!
b00001010 #
0%
b00001010 '
1*
#559435955000
1!
1%
b11 (
#559477620000
0!
0%
#559519285000
1!
1%
b100 (
#559560950000
0!
0%
#559602615000
1!
b00001101 #
1%
b00001101 '
b0 (
1)
#559644280000
0!
0%
#559685945000
1!
1%
b1 (
#559727610000
0!
0%
#559769275000
1!
1%
b10 (
#559810940000
0!
b00000101 #
0%
b00000101 '
0*
#559852605000
1!
1%
b11 (
#559894270000
0!
0%
#559935935000
1!
1%
b100 (
#559977600000
0!
0%
#560019265000
1!
b00000010 #
1%
b00000010 '
b0 (
0)
#560060930000
0!
0%
#560102595000
1!
1%
b1 (
#560144260000
0!
0%
#560185925000
1!
1%
b10 (
#560227590000
0!
b00001010 #
0%
b00001010 '
1*
#560269255000
1!
1%
b11 (
#560310920000
0!
0%
#560352585000
1!
1%
b100 (
#560394250000
0!
0%
#560435915000
1!
b00001101 #
1%
b00001101 '
b0 (
1)
#560477580000
0!
0%
#560519245000
1!
1%
b1 (
#560560910000
0!
0%
#560602575000
1!
1%
b10 (
#560644240000
0!
b00000101 #
0%
b00000101 '
0*
#560685905000
1!
1%
b11 (
#560727570000
0!
0%
#560769235000
1!
1%
b100 (
#560810900000
0!
0%
#560852565000
1!
b00000010 #
1%
b00000010 '
b0 (
0)
#560894230000
0!
0%
#560935895000
1!
1%
b1 (
#560977560000
0!
0%
#561019225000
1!
1%
b10 (
#561060890000
0!
b00001010 #
0%
b00001010 '
1*
#561102555000
1!
1%
b11 (
#561144220000
0!
0%
#561185885000
1!
1%
b100 (
#561227550000
0!
0%
#561269215000
1!
b00001101 #
1%
b00001101 '
b0 (
1)
#561310880000
0!
0%
#561352545000
1!
1%
b1 (
#561394210000
0!
0%
#561435875000
1!
1%
b10 (
#561477540000
0!
b00000101 #
0%
b00000101 '
0*
#561519205000
1!
1%
b11 (
#561560870000
0!
0%
#561602535000
1!
1%
b100 (
#561644200000
0!
0%
#561685865000
1!
b00000010 #
1%
b00000010 '
b0 (
0)
#561727530000
0!
0%
#561769195000
1!
1%
b1 (
#561810860000
0!
0%
#561852525000
1!
1%
b10 (
#561894190000
0!
b00001010 #
0%
b00001010 '
1*
#561935855000
1!
1%
b11 (
#561977520000
0!
0%
#562019185000
1!
1%
b100 (
#562060850000
0!
0%
#562102515000
1!
b00001101 #
1%
b00001101 '
b0 (
1)
#562144180000
0!
0%
#562185845000
1!
1%
b1 (
#562227510000
0!
0%
#562269175000
1!
1%
b10 (
#562310840000
0!
b00000101 #
0%
b00000101 '
0*
#562352505000
1!
1%
b11 (
#562394170000
0!
0%
#562435835000
1!
1%
b100 (
#562477500000
0!
0%
#562519165000
1!
b00000010 #
1%
b00000010 '
b0 (
0)
#562560830000
0!
0%
#562602495000
1!
1%
b1 (
#562644160000
0!
0%
#562685825000
1!
1%
b10 (
#562727490000
0!
b00001010 #
0%
b00001010 '
1*
#562769155000
1!
1%
b11 (
#562810820000
0!
0%
#562852485000
1!
1%
b100 (
#562894150000
0!
0%
#562935815000
1!
b00001101 #
1%
b00001101 '
b0 (
1)
#562977480000
0!
0%
#563019145000
1!
1%
b1 (
#563060810000
0!
0%
#563102475000
1!
1%
b10 (
#563144140000
0!
b00000101 #
0%
b00000101 '
0*
#563185805000
1!
1%
b11 (
#563227470000
0!
0%
#563269135000
1!
1%
b100 (
#563310800000
0!
0%
#563352465000
1!
b00000010 #
1%
b00000010 '
b0 (
0)
#563394130000
0!
0%
#563435795000
1!
1%
b1 (
#563477460000
0!
0%
#563519125000
1!
1%
b10 (
#563560790000
0!
b00001010 #
0%
b00001010 '
1*
#563602455000
1!
1%
b11 (
#563644120000
0!
0%
#563685785000
1!
1%
b100 (
#563727450000
0!
0%
#563769115000
1!
b00001101 #
1%
b00001101 '
b0 (
1)
#563810780000
0!
0%
#563852445000
1!
1%
b1 (
#563894110000
0!
0%
#563935775000
1!
1%
b10 (
#563977440000
0!
b00000101 #
0%
b00000101 '
0*
#564019105000
1!
1%
b11 (
#564060770000
0!
0%
#564102435000
1!
1%
b100 (
#564144100000
0!
0%
#564185765000
1!
b00000010 #
1%
b00000010 '
b0 (
0)
#564227430000
0!
0%
#564269095000
1!
1%
b1 (
#564310760000
0!
0%
#564352425000
1!
1%
b10 (
#564394090000
0!
b00001010 #
0%
b00001010 '
1*
#564435755000
1!
1%
b11 (
#564477420000
0!
0%
#564519085000
1!
1%
b100 (
#564560750000
0!
0%
#564602415000
1!
b00001101 #
1%
b00001101 '
b0 (
1)
#564644080000
0!
0%
#564685745000
1!
1%
b1 (
#564727410000
0!
0%
#564769075000
1!
1%
b10 (
#564810740000
0!
b00000101 #
0%
b00000101 '
0*
#564852405000
1!
1%
b11 (
#564894070000
0!
0%
#564935735000
1!
1%
b100 (
#564977400000
0!
0%
#565019065000
1!
b00000010 #
1%
b00000010 '
b0 (
0)
#565060730000
0!
0%
#565102395000
1!
1%
b1 (
#565144060000
0!
0%
#565185725000
1!
1%
b10 (
#565227390000
0!
b00001010 #
0%
b00001010 '
1*
#565269055000
1!
1%
b11 (
#565310720000
0!
0%
#565352385000
1!
1%
b100 (
#565394050000
0!
0%
#565435715000
1!
b00001101 #
1%
b00001101 '
b0 (
1)
#565477380000
0!
0%
#565519045000
1!
1%
b1 (
#565560710000
0!
0%
#565602375000
1!
1%
b10 (
#565644040000
0!
b00000101 #
0%
b00000101 '
0*
#565685705000
1!
1%
b11 (
#565727370000
0!
0%
#565769035000
1!
1%
b100 (
#565810700000
0!
0%
#565852365000
1!
b00000010 #
1%
b00000010 '
b0 (
0)
#565894030000
0!
0%
#565935695000
1!
1%
b1 (
#565977360000
0!
0%
#566019025000
1!
1%
b10 (
#566060690000
0!
b00001010 #
0%
b00001010 '
1*
#566102355000
1!
1%
b11 (
#566144020000
0!
0%
#566185685000
1!
1%
b100 (
#566227350000
0!
0%
#566269015000
1!
b00001101 #
1%
b00001101 '
b0 (
1)
#566310680000
0!
0%
#566352345000
1!
1%
b1 (
#566394010000
0!
0%
#566435675000
1!
1%
b10 (
#566477340000
0!
b00000101 #
0%
b00000101 '
0*
#566519005000
1!
1%
b11 (
#566560670000
0!
0%
#566602335000
1!
1%
b100 (
#566644000000
0!
0%
#566685665000
1!
b00000010 #
1%
b00000010 '
b0 (
0)
#566727330000
0!
0%
#566768995000
1!
1%
b1 (
#566810660000
0!
0%
#566852325000
1!
1%
b10 (
#566893990000
0!
b00001010 #
0%
b00001010 '
1*
#566935655000
1!
1%
b11 (
#566977320000
0!
0%
#567018985000
1!
1%
b100 (
#567060650000
0!
0%
#567102315000
1!
b00001101 #
1%
b00001101 '
b0 (
1)
#567143980000
0!
0%
#567185645000
1!
1%
b1 (
#567227310000
0!
0%
#567268975000
1!
1%
b10 (
#567310640000
0!
b00000101 #
0%
b00000101 '
0*
#567352305000
1!
1%
b11 (
#567393970000
0!
0%
#567435635000
1!
1%
b100 (
#567477300000
0!
0%
#567518965000
1!
b00000010 #
1%
b00000010 '
b0 (
0)
#567560630000
0!
0%
#567602295000
1!
1%
b1 (
#567643960000
0!
0%
#567685625000
1!
1%
b10 (
#567727290000
0!
b00001010 #
0%
b00001010 '
1*
#567768955000
1!
1%
b11 (
#567810620000
0!
0%
#567852285000
1!
1%
b100 (
#567893950000
0!
0%
#567935615000
1!
b00001101 #
1%
b00001101 '
b0 (
1)
#567977280000
0!
0%
#568018945000
1!
1%
b1 (
#568060610000
0!
0%
#568102275000
1!
1%
b10 (
#568143940000
0!
b00000101 #
0%
b00000101 '
0*
#568185605000
1!
1%
b11 (
#568227270000
0!
0%
#568268935000
1!
1%
b100 (
#568310600000
0!
0%
#568352265000
1!
b00000010 #
1%
b00000010 '
b0 (
0)
#568393930000
0!
0%
#568435595000
1!
1%
b1 (
#568477260000
0!
0%
#568518925000
1!
1%
b10 (
#568560590000
0!
b00001010 #
0%
b00001010 '
1*
#568602255000
1!
1%
b11 (
#568643920000
0!
0%
#568685585000
1!
1%
b100 (
#568727250000
0!
0%
#568768915000
1!
b00001101 #
1%
b00001101 '
b0 (
1)
#568810580000
0!
0%
#568852245000
1!
1%
b1 (
#568893910000
0!
0%
#568935575000
1!
1%
b10 (
#568977240000
0!
b00000101 #
0%
b00000101 '
0*
#569018905000
1!
1%
b11 (
#569060570000
0!
0%
#569102235000
1!
1%
b100 (
#569143900000
0!
0%
#569185565000
1!
b00000010 #
1%
b00000010 '
b0 (
0)
#569227230000
0!
0%
#569268895000
1!
1%
b1 (
#569310560000
0!
0%
#569352225000
1!
1%
b10 (
#569393890000
0!
b00001010 #
0%
b00001010 '
1*
#569435555000
1!
1%
b11 (
#569477220000
0!
0%
#569518885000
1!
1%
b100 (
#569560550000
0!
0%
#569602215000
1!
b00001101 #
1%
b00001101 '
b0 (
1)
#569643880000
0!
0%
#569685545000
1!
1%
b1 (
#569727210000
0!
0%
#569768875000
1!
1%
b10 (
#569810540000
0!
b00000101 #
0%
b00000101 '
0*
#569852205000
1!
1%
b11 (
#569893870000
0!
0%
#569935535000
1!
1%
b100 (
#569977200000
0!
0%
#570018865000
1!
b00000010 #
1%
b00000010 '
b0 (
0)
#570060530000
0!
0%
#570102195000
1!
1%
b1 (
#570143860000
0!
0%
#570185525000
1!
1%
b10 (
#570227190000
0!
b00001010 #
0%
b00001010 '
1*
#570268855000
1!
1%
b11 (
#570310520000
0!
0%
#570352185000
1!
1%
b100 (
#570393850000
0!
0%
#570435515000
1!
b00001101 #
1%
b00001101 '
b0 (
1)
#570477180000
0!
0%
#570518845000
1!
1%
b1 (
#570560510000
0!
0%
#570602175000
1!
1%
b10 (
#570643840000
0!
b00000101 #
0%
b00000101 '
0*
#570685505000
1!
1%
b11 (
#570727170000
0!
0%
#570768835000
1!
1%
b100 (
#570810500000
0!
0%
#570852165000
1!
b00000010 #
1%
b00000010 '
b0 (
0)
#570893830000
0!
0%
#570935495000
1!
1%
b1 (
#570977160000
0!
0%
#571018825000
1!
1%
b10 (
#571060490000
0!
b00001010 #
0%
b00001010 '
1*
#571102155000
1!
1%
b11 (
#571143820000
0!
0%
#571185485000
1!
1%
b100 (
#571227150000
0!
0%
#571268815000
1!
b00001101 #
1%
b00001101 '
b0 (
1)
#571310480000
0!
0%
#571352145000
1!
1%
b1 (
#571393810000
0!
0%
#571435475000
1!
1%
b10 (
#571477140000
0!
b00000101 #
0%
b00000101 '
0*
#571518805000
1!
1%
b11 (
#571560470000
0!
0%
#571602135000
1!
1%
b100 (
#571643800000
0!
0%
#571685465000
1!
b00000010 #
1%
b00000010 '
b0 (
0)
#571727130000
0!
0%
#571768795000
1!
1%
b1 (
#571810460000
0!
0%
#571852125000
1!
1%
b10 (
#571893790000
0!
b00001010 #
0%
b00001010 '
1*
#571935455000
1!
1%
b11 (
#571977120000
0!
0%
#572018785000
1!
1%
b100 (
#572060450000
0!
0%
#572102115000
1!
b00001101 #
1%
b00001101 '
b0 (
1)
#572143780000
0!
0%
#572185445000
1!
1%
b1 (
#572227110000
0!
0%
#572268775000
1!
1%
b10 (
#572310440000
0!
b00000101 #
0%
b00000101 '
0*
#572352105000
1!
1%
b11 (
#572393770000
0!
0%
#572435435000
1!
1%
b100 (
#572477100000
0!
0%
#572518765000
1!
b00000010 #
1%
b00000010 '
b0 (
0)
#572560430000
0!
0%
#572602095000
1!
1%
b1 (
#572643760000
0!
0%
#572685425000
1!
1%
b10 (
#572727090000
0!
b00001010 #
0%
b00001010 '
1*
#572768755000
1!
1%
b11 (
#572810420000
0!
0%
#572852085000
1!
1%
b100 (
#572893750000
0!
0%
#572935415000
1!
b00001101 #
1%
b00001101 '
b0 (
1)
#572977080000
0!
0%
#573018745000
1!
1%
b1 (
#573060410000
0!
0%
#573102075000
1!
1%
b10 (
#573143740000
0!
b00000101 #
0%
b00000101 '
0*
#573185405000
1!
1%
b11 (
#573227070000
0!
0%
#573268735000
1!
1%
b100 (
#573310400000
0!
0%
#573352065000
1!
b00000010 #
1%
b00000010 '
b0 (
0)
#573393730000
0!
0%
#573435395000
1!
1%
b1 (
#573477060000
0!
0%
#573518725000
1!
1%
b10 (
#573560390000
0!
b00001010 #
0%
b00001010 '
1*
#573602055000
1!
1%
b11 (
#573643720000
0!
0%
#573685385000
1!
1%
b100 (
#573727050000
0!
0%
#573768715000
1!
b00001101 #
1%
b00001101 '
b0 (
1)
#573810380000
0!
0%
#573852045000
1!
1%
b1 (
#573893710000
0!
0%
#573935375000
1!
1%
b10 (
#573977040000
0!
b00000101 #
0%
b00000101 '
0*
#574018705000
1!
1%
b11 (
#574060370000
0!
0%
#574102035000
1!
1%
b100 (
#574143700000
0!
0%
#574185365000
1!
b00000010 #
1%
b00000010 '
b0 (
0)
#574227030000
0!
0%
#574268695000
1!
1%
b1 (
#574310360000
0!
0%
#574352025000
1!
1%
b10 (
#574393690000
0!
b00001010 #
0%
b00001010 '
1*
#574435355000
1!
1%
b11 (
#574477020000
0!
0%
#574518685000
1!
1%
b100 (
#574560350000
0!
0%
#574602015000
1!
b00001101 #
1%
b00001101 '
b0 (
1)
#574643680000
0!
0%
#574685345000
1!
1%
b1 (
#574727010000
0!
0%
#574768675000
1!
1%
b10 (
#574810340000
0!
b00000101 #
0%
b00000101 '
0*
#574852005000
1!
1%
b11 (
#574893670000
0!
0%
#574935335000
1!
1%
b100 (
#574977000000
0!
0%
#575018665000
1!
b00000010 #
1%
b00000010 '
b0 (
0)
#575060330000
0!
0%
#575101995000
1!
1%
b1 (
#575143660000
0!
0%
#575185325000
1!
1%
b10 (
#575226990000
0!
b00001010 #
0%
b00001010 '
1*
#575268655000
1!
1%
b11 (
#575310320000
0!
0%
#575351985000
1!
1%
b100 (
#575393650000
0!
0%
#575435315000
1!
b00001101 #
1%
b00001101 '
b0 (
1)
#575476980000
0!
0%
#575518645000
1!
1%
b1 (
#575560310000
0!
0%
#575601975000
1!
1%
b10 (
#575643640000
0!
b00000101 #
0%
b00000101 '
0*
#575685305000
1!
1%
b11 (
#575726970000
0!
0%
#575768635000
1!
1%
b100 (
#575810300000
0!
0%
#575851965000
1!
b00000010 #
1%
b00000010 '
b0 (
0)
#575893630000
0!
0%
#575935295000
1!
1%
b1 (
#575976960000
0!
0%
#576018625000
1!
1%
b10 (
#576060290000
0!
b00001010 #
0%
b00001010 '
1*
#576101955000
1!
1%
b11 (
#576143620000
0!
0%
#576185285000
1!
1%
b100 (
#576226950000
0!
0%
#576268615000
1!
b00001101 #
1%
b00001101 '
b0 (
1)
#576310280000
0!
0%
#576351945000
1!
1%
b1 (
#576393610000
0!
0%
#576435275000
1!
1%
b10 (
#576476940000
0!
b00000101 #
0%
b00000101 '
0*
#576518605000
1!
1%
b11 (
#576560270000
0!
0%
#576601935000
1!
1%
b100 (
#576643600000
0!
0%
#576685265000
1!
b00000010 #
1%
b00000010 '
b0 (
0)
#576726930000
0!
0%
#576768595000
1!
1%
b1 (
#576810260000
0!
0%
#576851925000
1!
1%
b10 (
#576893590000
0!
b00001010 #
0%
b00001010 '
1*
#576935255000
1!
1%
b11 (
#576976920000
0!
0%
#577018585000
1!
1%
b100 (
#577060250000
0!
0%
#577101915000
1!
b00001101 #
1%
b00001101 '
b0 (
1)
#577143580000
0!
0%
#577185245000
1!
1%
b1 (
#577226910000
0!
0%
#577268575000
1!
1%
b10 (
#577310240000
0!
b00000101 #
0%
b00000101 '
0*
#577351905000
1!
1%
b11 (
#577393570000
0!
0%
#577435235000
1!
1%
b100 (
#577476900000
0!
0%
#577518565000
1!
b00000010 #
1%
b00000010 '
b0 (
0)
#577560230000
0!
0%
#577601895000
1!
1%
b1 (
#577643560000
0!
0%
#577685225000
1!
1%
b10 (
#577726890000
0!
b00001010 #
0%
b00001010 '
1*
#577768555000
1!
1%
b11 (
#577810220000
0!
0%
#577851885000
1!
1%
b100 (
#577893550000
0!
0%
#577935215000
1!
b00001101 #
1%
b00001101 '
b0 (
1)
#577976880000
0!
0%
#578018545000
1!
1%
b1 (
#578060210000
0!
0%
#578101875000
1!
1%
b10 (
#578143540000
0!
b00000101 #
0%
b00000101 '
0*
#578185205000
1!
1%
b11 (
#578226870000
0!
0%
#578268535000
1!
1%
b100 (
#578310200000
0!
0%
#578351865000
1!
b00000010 #
1%
b00000010 '
b0 (
0)
#578393530000
0!
0%
#578435195000
1!
1%
b1 (
#578476860000
0!
0%
#578518525000
1!
1%
b10 (
#578560190000
0!
b00001010 #
0%
b00001010 '
1*
#578601855000
1!
1%
b11 (
#578643520000
0!
0%
#578685185000
1!
1%
b100 (
#578726850000
0!
0%
#578768515000
1!
b00001101 #
1%
b00001101 '
b0 (
1)
#578810180000
0!
0%
#578851845000
1!
1%
b1 (
#578893510000
0!
0%
#578935175000
1!
1%
b10 (
#578976840000
0!
b00000101 #
0%
b00000101 '
0*
#579018505000
1!
1%
b11 (
#579060170000
0!
0%
#579101835000
1!
1%
b100 (
#579143500000
0!
0%
#579185165000
1!
b00000010 #
1%
b00000010 '
b0 (
0)
#579226830000
0!
0%
#579268495000
1!
1%
b1 (
#579310160000
0!
0%
#579351825000
1!
1%
b10 (
#579393490000
0!
b00001010 #
0%
b00001010 '
1*
#579435155000
1!
1%
b11 (
#579476820000
0!
0%
#579518485000
1!
1%
b100 (
#579560150000
0!
0%
#579601815000
1!
b00001101 #
1%
b00001101 '
b0 (
1)
#579643480000
0!
0%
#579685145000
1!
1%
b1 (
#579726810000
0!
0%
#579768475000
1!
1%
b10 (
#579810140000
0!
b00000101 #
0%
b00000101 '
0*
#579851805000
1!
1%
b11 (
#579893470000
0!
0%
#579935135000
1!
1%
b100 (
#579976800000
0!
0%
#580018465000
1!
b00000010 #
1%
b00000010 '
b0 (
0)
#580060130000
0!
0%
#580101795000
1!
1%
b1 (
#580143460000
0!
0%
#580185125000
1!
1%
b10 (
#580226790000
0!
b00001010 #
0%
b00001010 '
1*
#580268455000
1!
1%
b11 (
#580310120000
0!
0%
#580351785000
1!
1%
b100 (
#580393450000
0!
0%
#580435115000
1!
b00001101 #
1%
b00001101 '
b0 (
1)
#580476780000
0!
0%
#580518445000
1!
1%
b1 (
#580560110000
0!
0%
#580601775000
1!
1%
b10 (
#580643440000
0!
b00000101 #
0%
b00000101 '
0*
#580685105000
1!
1%
b11 (
#580726770000
0!
0%
#580768435000
1!
1%
b100 (
#580810100000
0!
0%
#580851765000
1!
b00000010 #
1%
b00000010 '
b0 (
0)
#580893430000
0!
0%
#580935095000
1!
1%
b1 (
#580976760000
0!
0%
#581018425000
1!
1%
b10 (
#581060090000
0!
b00001010 #
0%
b00001010 '
1*
#581101755000
1!
1%
b11 (
#581143420000
0!
0%
#581185085000
1!
1%
b100 (
#581226750000
0!
0%
#581268415000
1!
b00001101 #
1%
b00001101 '
b0 (
1)
#581310080000
0!
0%
#581351745000
1!
1%
b1 (
#581393410000
0!
0%
#581435075000
1!
1%
b10 (
#581476740000
0!
b00000101 #
0%
b00000101 '
0*
#581518405000
1!
1%
b11 (
#581560070000
0!
0%
#581601735000
1!
1%
b100 (
#581643400000
0!
0%
#581685065000
1!
b00000010 #
1%
b00000010 '
b0 (
0)
#581726730000
0!
0%
#581768395000
1!
1%
b1 (
#581810060000
0!
0%
#581851725000
1!
1%
b10 (
#581893390000
0!
b00001010 #
0%
b00001010 '
1*
#581935055000
1!
1%
b11 (
#581976720000
0!
0%
#582018385000
1!
1%
b100 (
#582060050000
0!
0%
#582101715000
1!
b00001101 #
1%
b00001101 '
b0 (
1)
#582143380000
0!
0%
#582185045000
1!
1%
b1 (
#582226710000
0!
0%
#582268375000
1!
1%
b10 (
#582310040000
0!
b00000101 #
0%
b00000101 '
0*
#582351705000
1!
1%
b11 (
#582393370000
0!
0%
#582435035000
1!
1%
b100 (
#582476700000
0!
0%
#582518365000
1!
b00000010 #
1%
b00000010 '
b0 (
0)
#582560030000
0!
0%
#582601695000
1!
1%
b1 (
#582643360000
0!
0%
#582685025000
1!
1%
b10 (
#582726690000
0!
b00001010 #
0%
b00001010 '
1*
#582768355000
1!
1%
b11 (
#582810020000
0!
0%
#582851685000
1!
1%
b100 (
#582893350000
0!
0%
#582935015000
1!
b00001101 #
1%
b00001101 '
b0 (
1)
#582976680000
0!
0%
#583018345000
1!
1%
b1 (
#583060010000
0!
0%
#583101675000
1!
1%
b10 (
#583143340000
0!
b00000101 #
0%
b00000101 '
0*
#583185005000
1!
1%
b11 (
#583226670000
0!
0%
#583268335000
1!
1%
b100 (
#583310000000
0!
0%
#583351665000
1!
b00000010 #
1%
b00000010 '
b0 (
0)
#583393330000
0!
0%
#583434995000
1!
1%
b1 (
#583476660000
0!
0%
#583518325000
1!
1%
b10 (
#583559990000
0!
b00001010 #
0%
b00001010 '
1*
#583601655000
1!
1%
b11 (
#583643320000
0!
0%
#583684985000
1!
1%
b100 (
#583726650000
0!
0%
#583768315000
1!
b00001101 #
1%
b00001101 '
b0 (
1)
#583809980000
0!
0%
#583851645000
1!
1%
b1 (
#583893310000
0!
0%
#583934975000
1!
1%
b10 (
#583976640000
0!
b00000101 #
0%
b00000101 '
0*
#584018305000
1!
1%
b11 (
#584059970000
0!
0%
#584101635000
1!
1%
b100 (
#584143300000
0!
0%
#584184965000
1!
b00000010 #
1%
b00000010 '
b0 (
0)
#584226630000
0!
0%
#584268295000
1!
1%
b1 (
#584309960000
0!
0%
#584351625000
1!
1%
b10 (
#584393290000
0!
b00001010 #
0%
b00001010 '
1*
#584434955000
1!
1%
b11 (
#584476620000
0!
0%
#584518285000
1!
1%
b100 (
#584559950000
0!
0%
#584601615000
1!
b00001101 #
1%
b00001101 '
b0 (
1)
#584643280000
0!
0%
#584684945000
1!
1%
b1 (
#584726610000
0!
0%
#584768275000
1!
1%
b10 (
#584809940000
0!
b00000101 #
0%
b00000101 '
0*
#584851605000
1!
1%
b11 (
#584893270000
0!
0%
#584934935000
1!
1%
b100 (
#584976600000
0!
0%
#585018265000
1!
b00000010 #
1%
b00000010 '
b0 (
0)
#585059930000
0!
0%
#585101595000
1!
1%
b1 (
#585143260000
0!
0%
#585184925000
1!
1%
b10 (
#585226590000
0!
b00001010 #
0%
b00001010 '
1*
#585268255000
1!
1%
b11 (
#585309920000
0!
0%
#585351585000
1!
1%
b100 (
#585393250000
0!
0%
#585434915000
1!
b00001101 #
1%
b00001101 '
b0 (
1)
#585476580000
0!
0%
#585518245000
1!
1%
b1 (
#585559910000
0!
0%
#585601575000
1!
1%
b10 (
#585643240000
0!
b00000101 #
0%
b00000101 '
0*
#585684905000
1!
1%
b11 (
#585726570000
0!
0%
#585768235000
1!
1%
b100 (
#585809900000
0!
0%
#585851565000
1!
b00000010 #
1%
b00000010 '
b0 (
0)
#585893230000
0!
0%
#585934895000
1!
1%
b1 (
#585976560000
0!
0%
#586018225000
1!
1%
b10 (
#586059890000
0!
b00001010 #
0%
b00001010 '
1*
#586101555000
1!
1%
b11 (
#586143220000
0!
0%
#586184885000
1!
1%
b100 (
#586226550000
0!
0%
#586268215000
1!
b00001101 #
1%
b00001101 '
b0 (
1)
#586309880000
0!
0%
#586351545000
1!
1%
b1 (
#586393210000
0!
0%
#586434875000
1!
1%
b10 (
#586476540000
0!
b00000101 #
0%
b00000101 '
0*
#586518205000
1!
1%
b11 (
#586559870000
0!
0%
#586601535000
1!
1%
b100 (
#586643200000
0!
0%
#586684865000
1!
b00000010 #
1%
b00000010 '
b0 (
0)
#586726530000
0!
0%
#586768195000
1!
1%
b1 (
#586809860000
0!
0%
#586851525000
1!
1%
b10 (
#586893190000
0!
b00001010 #
0%
b00001010 '
1*
#586934855000
1!
1%
b11 (
#586976520000
0!
0%
#587018185000
1!
1%
b100 (
#587059850000
0!
0%
#587101515000
1!
b00001101 #
1%
b00001101 '
b0 (
1)
#587143180000
0!
0%
#587184845000
1!
1%
b1 (
#587226510000
0!
0%
#587268175000
1!
1%
b10 (
#587309840000
0!
b00000101 #
0%
b00000101 '
0*
#587351505000
1!
1%
b11 (
#587393170000
0!
0%
#587434835000
1!
1%
b100 (
#587476500000
0!
0%
#587518165000
1!
b00000010 #
1%
b00000010 '
b0 (
0)
#587559830000
0!
0%
#587601495000
1!
1%
b1 (
#587643160000
0!
0%
#587684825000
1!
1%
b10 (
#587726490000
0!
b00001010 #
0%
b00001010 '
1*
#587768155000
1!
1%
b11 (
#587809820000
0!
0%
#587851485000
1!
1%
b100 (
#587893150000
0!
0%
#587934815000
1!
b00001101 #
1%
b00001101 '
b0 (
1)
#587976480000
0!
0%
#588018145000
1!
1%
b1 (
#588059810000
0!
0%
#588101475000
1!
1%
b10 (
#588143140000
0!
b00000101 #
0%
b00000101 '
0*
#588184805000
1!
1%
b11 (
#588226470000
0!
0%
#588268135000
1!
1%
b100 (
#588309800000
0!
0%
#588351465000
1!
b00000010 #
1%
b00000010 '
b0 (
0)
#588393130000
0!
0%
#588434795000
1!
1%
b1 (
#588476460000
0!
0%
#588518125000
1!
1%
b10 (
#588559790000
0!
b00001010 #
0%
b00001010 '
1*
#588601455000
1!
1%
b11 (
#588643120000
0!
0%
#588684785000
1!
1%
b100 (
#588726450000
0!
0%
#588768115000
1!
b00001101 #
1%
b00001101 '
b0 (
1)
#588809780000
0!
0%
#588851445000
1!
1%
b1 (
#588893110000
0!
0%
#588934775000
1!
1%
b10 (
#588976440000
0!
b00000101 #
0%
b00000101 '
0*
#589018105000
1!
1%
b11 (
#589059770000
0!
0%
#589101435000
1!
1%
b100 (
#589143100000
0!
0%
#589184765000
1!
b00000010 #
1%
b00000010 '
b0 (
0)
#589226430000
0!
0%
#589268095000
1!
1%
b1 (
#589309760000
0!
0%
#589351425000
1!
1%
b10 (
#589393090000
0!
b00001010 #
0%
b00001010 '
1*
#589434755000
1!
1%
b11 (
#589476420000
0!
0%
#589518085000
1!
1%
b100 (
#589559750000
0!
0%
#589601415000
1!
b00001101 #
1%
b00001101 '
b0 (
1)
#589643080000
0!
0%
#589684745000
1!
1%
b1 (
#589726410000
0!
0%
#589768075000
1!
1%
b10 (
#589809740000
0!
b00000101 #
0%
b00000101 '
0*
#589851405000
1!
1%
b11 (
#589893070000
0!
0%
#589934735000
1!
1%
b100 (
#589976400000
0!
0%
#590018065000
1!
b00000010 #
1%
b00000010 '
b0 (
0)
#590059730000
0!
0%
#590101395000
1!
1%
b1 (
#590143060000
0!
0%
#590184725000
1!
1%
b10 (
#590226390000
0!
b00001010 #
0%
b00001010 '
1*
#590268055000
1!
1%
b11 (
#590309720000
0!
0%
#590351385000
1!
1%
b100 (
#590393050000
0!
0%
#590434715000
1!
b00001101 #
1%
b00001101 '
b0 (
1)
#590476380000
0!
0%
#590518045000
1!
1%
b1 (
#590559710000
0!
0%
#590601375000
1!
1%
b10 (
#590643040000
0!
b00000101 #
0%
b00000101 '
0*
#590684705000
1!
1%
b11 (
#590726370000
0!
0%
#590768035000
1!
1%
b100 (
#590809700000
0!
0%
#590851365000
1!
b00000010 #
1%
b00000010 '
b0 (
0)
#590893030000
0!
0%
#590934695000
1!
1%
b1 (
#590976360000
0!
0%
#591018025000
1!
1%
b10 (
#591059690000
0!
b00001010 #
0%
b00001010 '
1*
#591101355000
1!
1%
b11 (
#591143020000
0!
0%
#591184685000
1!
1%
b100 (
#591226350000
0!
0%
#591268015000
1!
b00001101 #
1%
b00001101 '
b0 (
1)
#591309680000
0!
0%
#591351345000
1!
1%
b1 (
#591393010000
0!
0%
#591434675000
1!
1%
b10 (
#591476340000
0!
b00000101 #
0%
b00000101 '
0*
#591518005000
1!
1%
b11 (
#591559670000
0!
0%
#591601335000
1!
1%
b100 (
#591643000000
0!
0%
#591684665000
1!
b00000010 #
1%
b00000010 '
b0 (
0)
#591726330000
0!
0%
#591767995000
1!
1%
b1 (
#591809660000
0!
0%
#591851325000
1!
1%
b10 (
#591892990000
0!
b00001010 #
0%
b00001010 '
1*
#591934655000
1!
1%
b11 (
#591976320000
0!
0%
#592017985000
1!
1%
b100 (
#592059650000
0!
0%
#592101315000
1!
b00001101 #
1%
b00001101 '
b0 (
1)
#592142980000
0!
0%
#592184645000
1!
1%
b1 (
#592226310000
0!
0%
#592267975000
1!
1%
b10 (
#592309640000
0!
b00000101 #
0%
b00000101 '
0*
#592351305000
1!
1%
b11 (
#592392970000
0!
0%
#592434635000
1!
1%
b100 (
#592476300000
0!
0%
#592517965000
1!
b00000010 #
1%
b00000010 '
b0 (
0)
#592559630000
0!
0%
#592601295000
1!
1%
b1 (
#592642960000
0!
0%
#592684625000
1!
1%
b10 (
#592726290000
0!
b00001010 #
0%
b00001010 '
1*
#592767955000
1!
1%
b11 (
#592809620000
0!
0%
#592851285000
1!
1%
b100 (
#592892950000
0!
0%
#592934615000
1!
b00001101 #
1%
b00001101 '
b0 (
1)
#592976280000
0!
0%
#593017945000
1!
1%
b1 (
#593059610000
0!
0%
#593101275000
1!
1%
b10 (
#593142940000
0!
b00000101 #
0%
b00000101 '
0*
#593184605000
1!
1%
b11 (
#593226270000
0!
0%
#593267935000
1!
1%
b100 (
#593309600000
0!
0%
#593351265000
1!
b00000010 #
1%
b00000010 '
b0 (
0)
#593392930000
0!
0%
#593434595000
1!
1%
b1 (
#593476260000
0!
0%
#593517925000
1!
1%
b10 (
#593559590000
0!
b00001010 #
0%
b00001010 '
1*
#593601255000
1!
1%
b11 (
#593642920000
0!
0%
#593684585000
1!
1%
b100 (
#593726250000
0!
0%
#593767915000
1!
b00001101 #
1%
b00001101 '
b0 (
1)
#593809580000
0!
0%
#593851245000
1!
1%
b1 (
#593892910000
0!
0%
#593934575000
1!
1%
b10 (
#593976240000
0!
b00000101 #
0%
b00000101 '
0*
#594017905000
1!
1%
b11 (
#594059570000
0!
0%
#594101235000
1!
1%
b100 (
#594142900000
0!
0%
#594184565000
1!
b00000010 #
1%
b00000010 '
b0 (
0)
#594226230000
0!
0%
#594267895000
1!
1%
b1 (
#594309560000
0!
0%
#594351225000
1!
1%
b10 (
#594392890000
0!
b00001010 #
0%
b00001010 '
1*
#594434555000
1!
1%
b11 (
#594476220000
0!
0%
#594517885000
1!
1%
b100 (
#594559550000
0!
0%
#594601215000
1!
b00001101 #
1%
b00001101 '
b0 (
1)
#594642880000
0!
0%
#594684545000
1!
1%
b1 (
#594726210000
0!
0%
#594767875000
1!
1%
b10 (
#594809540000
0!
b00000101 #
0%
b00000101 '
0*
#594851205000
1!
1%
b11 (
#594892870000
0!
0%
#594934535000
1!
1%
b100 (
#594976200000
0!
0%
#595017865000
1!
b00000010 #
1%
b00000010 '
b0 (
0)
#595059530000
0!
0%
#595101195000
1!
1%
b1 (
#595142860000
0!
0%
#595184525000
1!
1%
b10 (
#595226190000
0!
b00001010 #
0%
b00001010 '
1*
#595267855000
1!
1%
b11 (
#595309520000
0!
0%
#595351185000
1!
1%
b100 (
#595392850000
0!
0%
#595434515000
1!
b00001101 #
1%
b00001101 '
b0 (
1)
#595476180000
0!
0%
#595517845000
1!
1%
b1 (
#595559510000
0!
0%
#595601175000
1!
1%
b10 (
#595642840000
0!
b00000101 #
0%
b00000101 '
0*
#595684505000
1!
1%
b11 (
#595726170000
0!
0%
#595767835000
1!
1%
b100 (
#595809500000
0!
0%
#595851165000
1!
b00000010 #
1%
b00000010 '
b0 (
0)
#595892830000
0!
0%
#595934495000
1!
1%
b1 (
#595976160000
0!
0%
#596017825000
1!
1%
b10 (
#596059490000
0!
b00001010 #
0%
b00001010 '
1*
#596101155000
1!
1%
b11 (
#596142820000
0!
0%
#596184485000
1!
1%
b100 (
#596226150000
0!
0%
#596267815000
1!
b00001101 #
1%
b00001101 '
b0 (
1)
#596309480000
0!
0%
#596351145000
1!
1%
b1 (
#596392810000
0!
0%
#596434475000
1!
1%
b10 (
#596476140000
0!
b00000101 #
0%
b00000101 '
0*
#596517805000
1!
1%
b11 (
#596559470000
0!
0%
#596601135000
1!
1%
b100 (
#596642800000
0!
0%
#596684465000
1!
b00000010 #
1%
b00000010 '
b0 (
0)
#596726130000
0!
0%
#596767795000
1!
1%
b1 (
#596809460000
0!
0%
#596851125000
1!
1%
b10 (
#596892790000
0!
b00001010 #
0%
b00001010 '
1*
#596934455000
1!
1%
b11 (
#596976120000
0!
0%
#597017785000
1!
1%
b100 (
#597059450000
0!
0%
#597101115000
1!
b00001101 #
1%
b00001101 '
b0 (
1)
#597142780000
0!
0%
#597184445000
1!
1%
b1 (
#597226110000
0!
0%
#597267775000
1!
1%
b10 (
#597309440000
0!
b00000101 #
0%
b00000101 '
0*
#597351105000
1!
1%
b11 (
#597392770000
0!
0%
#597434435000
1!
1%
b100 (
#597476100000
0!
0%
#597517765000
1!
b00000010 #
1%
b00000010 '
b0 (
0)
#597559430000
0!
0%
#597601095000
1!
1%
b1 (
#597642760000
0!
0%
#597684425000
1!
1%
b10 (
#597726090000
0!
b00001010 #
0%
b00001010 '
1*
#597767755000
1!
1%
b11 (
#597809420000
0!
0%
#597851085000
1!
1%
b100 (
#597892750000
0!
0%
#597934415000
1!
b00001101 #
1%
b00001101 '
b0 (
1)
#597976080000
0!
0%
#598017745000
1!
1%
b1 (
#598059410000
0!
0%
#598101075000
1!
1%
b10 (
#598142740000
0!
b00000101 #
0%
b00000101 '
0*
#598184405000
1!
1%
b11 (
#598226070000
0!
0%
#598267735000
1!
1%
b100 (
#598309400000
0!
0%
#598351065000
1!
b00000010 #
1%
b00000010 '
b0 (
0)
#598392730000
0!
0%
#598434395000
1!
1%
b1 (
#598476060000
0!
0%
#598517725000
1!
1%
b10 (
#598559390000
0!
b00001010 #
0%
b00001010 '
1*
#598601055000
1!
1%
b11 (
#598642720000
0!
0%
#598684385000
1!
1%
b100 (
#598726050000
0!
0%
#598767715000
1!
b00001101 #
1%
b00001101 '
b0 (
1)
#598809380000
0!
0%
#598851045000
1!
1%
b1 (
#598892710000
0!
0%
#598934375000
1!
1%
b10 (
#598976040000
0!
b00000101 #
0%
b00000101 '
0*
#599017705000
1!
1%
b11 (
#599059370000
0!
0%
#599101035000
1!
1%
b100 (
#599142700000
0!
0%
#599184365000
1!
b00000010 #
1%
b00000010 '
b0 (
0)
#599226030000
0!
0%
#599267695000
1!
1%
b1 (
#599309360000
0!
0%
#599351025000
1!
1%
b10 (
#599392690000
0!
b00001010 #
0%
b00001010 '
1*
#599434355000
1!
1%
b11 (
#599476020000
0!
0%
#599517685000
1!
1%
b100 (
#599559350000
0!
0%
#599601015000
1!
b00001101 #
1%
b00001101 '
b0 (
1)
#599642680000
0!
0%
#599684345000
1!
1%
b1 (
#599726010000
0!
0%
#599767675000
1!
1%
b10 (
#599809340000
0!
b00000101 #
0%
b00000101 '
0*
#599851005000
1!
1%
b11 (
#599892670000
0!
0%
#599934335000
1!
1%
b100 (
#599976000000
0!
0%
#600017665000
1!
b00000010 #
1%
b00000010 '
b0 (
0)
#600059330000
0!
0%
#600100995000
1!
1%
b1 (
#600142660000
0!
0%
#600184325000
1!
1%
b10 (
#600225990000
0!
b00001010 #
0%
b00001010 '
1*
#600267655000
1!
1%
b11 (
#600309320000
0!
0%
#600350985000
1!
1%
b100 (
#600392650000
0!
0%
#600434315000
1!
b00001101 #
1%
b00001101 '
b0 (
1)
#600475980000
0!
0%
#600517645000
1!
1%
b1 (
#600559310000
0!
0%
#600600975000
1!
1%
b10 (
#600642640000
0!
b00000101 #
0%
b00000101 '
0*
#600684305000
1!
1%
b11 (
#600725970000
0!
0%
#600767635000
1!
1%
b100 (
#600809300000
0!
0%
#600850965000
1!
b00000010 #
1%
b00000010 '
b0 (
0)
#600892630000
0!
0%
#600934295000
1!
1%
b1 (
#600975960000
0!
0%
#601017625000
1!
1%
b10 (
#601059290000
0!
b00001010 #
0%
b00001010 '
1*
#601100955000
1!
1%
b11 (
#601142620000
0!
0%
#601184285000
1!
1%
b100 (
#601225950000
0!
0%
#601267615000
1!
b00001101 #
1%
b00001101 '
b0 (
1)
#601309280000
0!
0%
#601350945000
1!
1%
b1 (
#601392610000
0!
0%
#601434275000
1!
1%
b10 (
#601475940000
0!
b00000101 #
0%
b00000101 '
0*
#601517605000
1!
1%
b11 (
#601559270000
0!
0%
#601600935000
1!
1%
b100 (
#601642600000
0!
0%
#601684265000
1!
b00000010 #
1%
b00000010 '
b0 (
0)
#601725930000
0!
0%
#601767595000
1!
1%
b1 (
#601809260000
0!
0%
#601850925000
1!
1%
b10 (
#601892590000
0!
b00001010 #
0%
b00001010 '
1*
#601934255000
1!
1%
b11 (
#601975920000
0!
0%
#602017585000
1!
1%
b100 (
#602059250000
0!
0%
#602100915000
1!
b00001101 #
1%
b00001101 '
b0 (
1)
#602142580000
0!
0%
#602184245000
1!
1%
b1 (
#602225910000
0!
0%
#602267575000
1!
1%
b10 (
#602309240000
0!
b00000101 #
0%
b00000101 '
0*
#602350905000
1!
1%
b11 (
#602392570000
0!
0%
#602434235000
1!
1%
b100 (
#602475900000
0!
0%
#602517565000
1!
b00000010 #
1%
b00000010 '
b0 (
0)
#602559230000
0!
0%
#602600895000
1!
1%
b1 (
#602642560000
0!
0%
#602684225000
1!
1%
b10 (
#602725890000
0!
b00001010 #
0%
b00001010 '
1*
#602767555000
1!
1%
b11 (
#602809220000
0!
0%
#602850885000
1!
1%
b100 (
#602892550000
0!
0%
#602934215000
1!
b00001101 #
1%
b00001101 '
b0 (
1)
#602975880000
0!
0%
#603017545000
1!
1%
b1 (
#603059210000
0!
0%
#603100875000
1!
1%
b10 (
#603142540000
0!
b00000101 #
0%
b00000101 '
0*
#603184205000
1!
1%
b11 (
#603225870000
0!
0%
#603267535000
1!
1%
b100 (
#603309200000
0!
0%
#603350865000
1!
b00000010 #
1%
b00000010 '
b0 (
0)
#603392530000
0!
0%
#603434195000
1!
1%
b1 (
#603475860000
0!
0%
#603517525000
1!
1%
b10 (
#603559190000
0!
b00001010 #
0%
b00001010 '
1*
#603600855000
1!
1%
b11 (
#603642520000
0!
0%
#603684185000
1!
1%
b100 (
#603725850000
0!
0%
#603767515000
1!
b00001101 #
1%
b00001101 '
b0 (
1)
#603809180000
0!
0%
#603850845000
1!
1%
b1 (
#603892510000
0!
0%
#603934175000
1!
1%
b10 (
#603975840000
0!
b00000101 #
0%
b00000101 '
0*
#604017505000
1!
1%
b11 (
#604059170000
0!
0%
#604100835000
1!
1%
b100 (
#604142500000
0!
0%
#604184165000
1!
b00000010 #
1%
b00000010 '
b0 (
0)
#604225830000
0!
0%
#604267495000
1!
1%
b1 (
#604309160000
0!
0%
#604350825000
1!
1%
b10 (
#604392490000
0!
b00001010 #
0%
b00001010 '
1*
#604434155000
1!
1%
b11 (
#604475820000
0!
0%
#604517485000
1!
1%
b100 (
#604559150000
0!
0%
#604600815000
1!
b00001101 #
1%
b00001101 '
b0 (
1)
#604642480000
0!
0%
#604684145000
1!
1%
b1 (
#604725810000
0!
0%
#604767475000
1!
1%
b10 (
#604809140000
0!
b00000101 #
0%
b00000101 '
0*
#604850805000
1!
1%
b11 (
#604892470000
0!
0%
#604934135000
1!
1%
b100 (
#604975800000
0!
0%
#605017465000
1!
b00000010 #
1%
b00000010 '
b0 (
0)
#605059130000
0!
0%
#605100795000
1!
1%
b1 (
#605142460000
0!
0%
#605184125000
1!
1%
b10 (
#605225790000
0!
b00001010 #
0%
b00001010 '
1*
#605267455000
1!
1%
b11 (
#605309120000
0!
0%
#605350785000
1!
1%
b100 (
#605392450000
0!
0%
#605434115000
1!
b00001101 #
1%
b00001101 '
b0 (
1)
#605475780000
0!
0%
#605517445000
1!
1%
b1 (
#605559110000
0!
0%
#605600775000
1!
1%
b10 (
#605642440000
0!
b00000101 #
0%
b00000101 '
0*
#605684105000
1!
1%
b11 (
#605725770000
0!
0%
#605767435000
1!
1%
b100 (
#605809100000
0!
0%
#605850765000
1!
b00000010 #
1%
b00000010 '
b0 (
0)
#605892430000
0!
0%
#605934095000
1!
1%
b1 (
#605975760000
0!
0%
#606017425000
1!
1%
b10 (
#606059090000
0!
b00001010 #
0%
b00001010 '
1*
#606100755000
1!
1%
b11 (
#606142420000
0!
0%
#606184085000
1!
1%
b100 (
#606225750000
0!
0%
#606267415000
1!
b00001101 #
1%
b00001101 '
b0 (
1)
#606309080000
0!
0%
#606350745000
1!
1%
b1 (
#606392410000
0!
0%
#606434075000
1!
1%
b10 (
#606475740000
0!
b00000101 #
0%
b00000101 '
0*
#606517405000
1!
1%
b11 (
#606559070000
0!
0%
#606600735000
1!
1%
b100 (
#606642400000
0!
0%
#606684065000
1!
b00000010 #
1%
b00000010 '
b0 (
0)
#606725730000
0!
0%
#606767395000
1!
1%
b1 (
#606809060000
0!
0%
#606850725000
1!
1%
b10 (
#606892390000
0!
b00001010 #
0%
b00001010 '
1*
#606934055000
1!
1%
b11 (
#606975720000
0!
0%
#607017385000
1!
1%
b100 (
#607059050000
0!
0%
#607100715000
1!
b00001101 #
1%
b00001101 '
b0 (
1)
#607142380000
0!
0%
#607184045000
1!
1%
b1 (
#607225710000
0!
0%
#607267375000
1!
1%
b10 (
#607309040000
0!
b00000101 #
0%
b00000101 '
0*
#607350705000
1!
1%
b11 (
#607392370000
0!
0%
#607434035000
1!
1%
b100 (
#607475700000
0!
0%
#607517365000
1!
b00000010 #
1%
b00000010 '
b0 (
0)
#607559030000
0!
0%
#607600695000
1!
1%
b1 (
#607642360000
0!
0%
#607684025000
1!
1%
b10 (
#607725690000
0!
b00001010 #
0%
b00001010 '
1*
#607767355000
1!
1%
b11 (
#607809020000
0!
0%
#607850685000
1!
1%
b100 (
#607892350000
0!
0%
#607934015000
1!
b00001101 #
1%
b00001101 '
b0 (
1)
#607975680000
0!
0%
#608017345000
1!
1%
b1 (
#608059010000
0!
0%
#608100675000
1!
1%
b10 (
#608142340000
0!
b00000101 #
0%
b00000101 '
0*
#608184005000
1!
1%
b11 (
#608225670000
0!
0%
#608267335000
1!
1%
b100 (
#608309000000
0!
0%
#608350665000
1!
b00000010 #
1%
b00000010 '
b0 (
0)
#608392330000
0!
0%
#608433995000
1!
1%
b1 (
#608475660000
0!
0%
#608517325000
1!
1%
b10 (
#608558990000
0!
b00001010 #
0%
b00001010 '
1*
#608600655000
1!
1%
b11 (
#608642320000
0!
0%
#608683985000
1!
1%
b100 (
#608725650000
0!
0%
#608767315000
1!
b00001101 #
1%
b00001101 '
b0 (
1)
#608808980000
0!
0%
#608850645000
1!
1%
b1 (
#608892310000
0!
0%
#608933975000
1!
1%
b10 (
#608975640000
0!
b00000101 #
0%
b00000101 '
0*
#609017305000
1!
1%
b11 (
#609058970000
0!
0%
#609100635000
1!
1%
b100 (
#609142300000
0!
0%
#609183965000
1!
b00000010 #
1%
b00000010 '
b0 (
0)
#609225630000
0!
0%
#609267295000
1!
1%
b1 (
#609308960000
0!
0%
#609350625000
1!
1%
b10 (
#609392290000
0!
b00001010 #
0%
b00001010 '
1*
#609433955000
1!
1%
b11 (
#609475620000
0!
0%
#609517285000
1!
1%
b100 (
#609558950000
0!
0%
#609600615000
1!
b00001101 #
1%
b00001101 '
b0 (
1)
#609642280000
0!
0%
#609683945000
1!
1%
b1 (
#609725610000
0!
0%
#609767275000
1!
1%
b10 (
#609808940000
0!
b00000101 #
0%
b00000101 '
0*
#609850605000
1!
1%
b11 (
#609892270000
0!
0%
#609933935000
1!
1%
b100 (
#609975600000
0!
0%
#610017265000
1!
b00000010 #
1%
b00000010 '
b0 (
0)
#610058930000
0!
0%
#610100595000
1!
1%
b1 (
#610142260000
0!
0%
#610183925000
1!
1%
b10 (
#610225590000
0!
b00001010 #
0%
b00001010 '
1*
#610267255000
1!
1%
b11 (
#610308920000
0!
0%
#610350585000
1!
1%
b100 (
#610392250000
0!
0%
#610433915000
1!
b00001101 #
1%
b00001101 '
b0 (
1)
#610475580000
0!
0%
#610517245000
1!
1%
b1 (
#610558910000
0!
0%
#610600575000
1!
1%
b10 (
#610642240000
0!
b00000101 #
0%
b00000101 '
0*
#610683905000
1!
1%
b11 (
#610725570000
0!
0%
#610767235000
1!
1%
b100 (
#610808900000
0!
0%
#610850565000
1!
b00000010 #
1%
b00000010 '
b0 (
0)
#610892230000
0!
0%
#610933895000
1!
1%
b1 (
#610975560000
0!
0%
#611017225000
1!
1%
b10 (
#611058890000
0!
b00001010 #
0%
b00001010 '
1*
#611100555000
1!
1%
b11 (
#611142220000
0!
0%
#611183885000
1!
1%
b100 (
#611225550000
0!
0%
#611267215000
1!
b00001101 #
1%
b00001101 '
b0 (
1)
#611308880000
0!
0%
#611350545000
1!
1%
b1 (
#611392210000
0!
0%
#611433875000
1!
1%
b10 (
#611475540000
0!
b00000101 #
0%
b00000101 '
0*
#611517205000
1!
1%
b11 (
#611558870000
0!
0%
#611600535000
1!
1%
b100 (
#611642200000
0!
0%
#611683865000
1!
b00000010 #
1%
b00000010 '
b0 (
0)
#611725530000
0!
0%
#611767195000
1!
1%
b1 (
#611808860000
0!
0%
#611850525000
1!
1%
b10 (
#611892190000
0!
b00001010 #
0%
b00001010 '
1*
#611933855000
1!
1%
b11 (
#611975520000
0!
0%
#612017185000
1!
1%
b100 (
#612058850000
0!
0%
#612100515000
1!
b00001101 #
1%
b00001101 '
b0 (
1)
#612142180000
0!
0%
#612183845000
1!
1%
b1 (
#612225510000
0!
0%
#612267175000
1!
1%
b10 (
#612308840000
0!
b00000101 #
0%
b00000101 '
0*
#612350505000
1!
1%
b11 (
#612392170000
0!
0%
#612433835000
1!
1%
b100 (
#612475500000
0!
0%
#612517165000
1!
b00000010 #
1%
b00000010 '
b0 (
0)
#612558830000
0!
0%
#612600495000
1!
1%
b1 (
#612642160000
0!
0%
#612683825000
1!
1%
b10 (
#612725490000
0!
b00001010 #
0%
b00001010 '
1*
#612767155000
1!
1%
b11 (
#612808820000
0!
0%
#612850485000
1!
1%
b100 (
#612892150000
0!
0%
#612933815000
1!
b00001101 #
1%
b00001101 '
b0 (
1)
#612975480000
0!
0%
#613017145000
1!
1%
b1 (
#613058810000
0!
0%
#613100475000
1!
1%
b10 (
#613142140000
0!
b00000101 #
0%
b00000101 '
0*
#613183805000
1!
1%
b11 (
#613225470000
0!
0%
#613267135000
1!
1%
b100 (
#613308800000
0!
0%
#613350465000
1!
b00000010 #
1%
b00000010 '
b0 (
0)
#613392130000
0!
0%
#613433795000
1!
1%
b1 (
#613475460000
0!
0%
#613517125000
1!
1%
b10 (
#613558790000
0!
b00001010 #
0%
b00001010 '
1*
#613600455000
1!
1%
b11 (
#613642120000
0!
0%
#613683785000
1!
1%
b100 (
#613725450000
0!
0%
#613767115000
1!
b00001101 #
1%
b00001101 '
b0 (
1)
#613808780000
0!
0%
#613850445000
1!
1%
b1 (
#613892110000
0!
0%
#613933775000
1!
1%
b10 (
#613975440000
0!
b00000101 #
0%
b00000101 '
0*
#614017105000
1!
1%
b11 (
#614058770000
0!
0%
#614100435000
1!
1%
b100 (
#614142100000
0!
0%
#614183765000
1!
b00000010 #
1%
b00000010 '
b0 (
0)
#614225430000
0!
0%
#614267095000
1!
1%
b1 (
#614308760000
0!
0%
#614350425000
1!
1%
b10 (
#614392090000
0!
b00001010 #
0%
b00001010 '
1*
#614433755000
1!
1%
b11 (
#614475420000
0!
0%
#614517085000
1!
1%
b100 (
#614558750000
0!
0%
#614600415000
1!
b00001101 #
1%
b00001101 '
b0 (
1)
#614642080000
0!
0%
#614683745000
1!
1%
b1 (
#614725410000
0!
0%
#614767075000
1!
1%
b10 (
#614808740000
0!
b00000101 #
0%
b00000101 '
0*
#614850405000
1!
1%
b11 (
#614892070000
0!
0%
#614933735000
1!
1%
b100 (
#614975400000
0!
0%
#615017065000
1!
b00000010 #
1%
b00000010 '
b0 (
0)
#615058730000
0!
0%
#615100395000
1!
1%
b1 (
#615142060000
0!
0%
#615183725000
1!
1%
b10 (
#615225390000
0!
b00001010 #
0%
b00001010 '
1*
#615267055000
1!
1%
b11 (
#615308720000
0!
0%
#615350385000
1!
1%
b100 (
#615392050000
0!
0%
#615433715000
1!
b00001101 #
1%
b00001101 '
b0 (
1)
#615475380000
0!
0%
#615517045000
1!
1%
b1 (
#615558710000
0!
0%
#615600375000
1!
1%
b10 (
#615642040000
0!
b00000101 #
0%
b00000101 '
0*
#615683705000
1!
1%
b11 (
#615725370000
0!
0%
#615767035000
1!
1%
b100 (
#615808700000
0!
0%
#615850365000
1!
b00000010 #
1%
b00000010 '
b0 (
0)
#615892030000
0!
0%
#615933695000
1!
1%
b1 (
#615975360000
0!
0%
#616017025000
1!
1%
b10 (
#616058690000
0!
b00001010 #
0%
b00001010 '
1*
#616100355000
1!
1%
b11 (
#616142020000
0!
0%
#616183685000
1!
1%
b100 (
#616225350000
0!
0%
#616267015000
1!
b00001101 #
1%
b00001101 '
b0 (
1)
#616308680000
0!
0%
#616350345000
1!
1%
b1 (
#616392010000
0!
0%
#616433675000
1!
1%
b10 (
#616475340000
0!
b00000101 #
0%
b00000101 '
0*
#616517005000
1!
1%
b11 (
#616558670000
0!
0%
#616600335000
1!
1%
b100 (
#616642000000
0!
0%
#616683665000
1!
b00000010 #
1%
b00000010 '
b0 (
0)
#616725330000
0!
0%
#616766995000
1!
1%
b1 (
#616808660000
0!
0%
#616850325000
1!
1%
b10 (
#616891990000
0!
b00001010 #
0%
b00001010 '
1*
#616933655000
1!
1%
b11 (
#616975320000
0!
0%
#617016985000
1!
1%
b100 (
#617058650000
0!
0%
#617100315000
1!
b00001101 #
1%
b00001101 '
b0 (
1)
#617141980000
0!
0%
#617183645000
1!
1%
b1 (
#617225310000
0!
0%
#617266975000
1!
1%
b10 (
#617308640000
0!
b00000101 #
0%
b00000101 '
0*
#617350305000
1!
1%
b11 (
#617391970000
0!
0%
#617433635000
1!
1%
b100 (
#617475300000
0!
0%
#617516965000
1!
b00000010 #
1%
b00000010 '
b0 (
0)
#617558630000
0!
0%
#617600295000
1!
1%
b1 (
#617641960000
0!
0%
#617683625000
1!
1%
b10 (
#617725290000
0!
b00001010 #
0%
b00001010 '
1*
#617766955000
1!
1%
b11 (
#617808620000
0!
0%
#617850285000
1!
1%
b100 (
#617891950000
0!
0%
#617933615000
1!
b00001101 #
1%
b00001101 '
b0 (
1)
#617975280000
0!
0%
#618016945000
1!
1%
b1 (
#618058610000
0!
0%
#618100275000
1!
1%
b10 (
#618141940000
0!
b00000101 #
0%
b00000101 '
0*
#618183605000
1!
1%
b11 (
#618225270000
0!
0%
#618266935000
1!
1%
b100 (
#618308600000
0!
0%
#618350265000
1!
b00000010 #
1%
b00000010 '
b0 (
0)
#618391930000
0!
0%
#618433595000
1!
1%
b1 (
#618475260000
0!
0%
#618516925000
1!
1%
b10 (
#618558590000
0!
b00001010 #
0%
b00001010 '
1*
#618600255000
1!
1%
b11 (
#618641920000
0!
0%
#618683585000
1!
1%
b100 (
#618725250000
0!
0%
#618766915000
1!
b00001101 #
1%
b00001101 '
b0 (
1)
#618808580000
0!
0%
#618850245000
1!
1%
b1 (
#618891910000
0!
0%
#618933575000
1!
1%
b10 (
#618975240000
0!
b00000101 #
0%
b00000101 '
0*
#619016905000
1!
1%
b11 (
#619058570000
0!
0%
#619100235000
1!
1%
b100 (
#619141900000
0!
0%
#619183565000
1!
b00000010 #
1%
b00000010 '
b0 (
0)
#619225230000
0!
0%
#619266895000
1!
1%
b1 (
#619308560000
0!
0%
#619350225000
1!
1%
b10 (
#619391890000
0!
b00001010 #
0%
b00001010 '
1*
#619433555000
1!
1%
b11 (
#619475220000
0!
0%
#619516885000
1!
1%
b100 (
#619558550000
0!
0%
#619600215000
1!
b00001101 #
1%
b00001101 '
b0 (
1)
#619641880000
0!
0%
#619683545000
1!
1%
b1 (
#619725210000
0!
0%
#619766875000
1!
1%
b10 (
#619808540000
0!
b00000101 #
0%
b00000101 '
0*
#619850205000
1!
1%
b11 (
#619891870000
0!
0%
#619933535000
1!
1%
b100 (
#619975200000
0!
0%
#620016865000
1!
b00000010 #
1%
b00000010 '
b0 (
0)
#620058530000
0!
0%
#620100195000
1!
1%
b1 (
#620141860000
0!
0%
#620183525000
1!
1%
b10 (
#620225190000
0!
b00001010 #
0%
b00001010 '
1*
#620266855000
1!
1%
b11 (
#620308520000
0!
0%
#620350185000
1!
1%
b100 (
#620391850000
0!
0%
#620433515000
1!
b00001101 #
1%
b00001101 '
b0 (
1)
#620475180000
0!
0%
#620516845000
1!
1%
b1 (
#620558510000
0!
0%
#620600175000
1!
1%
b10 (
#620641840000
0!
b00000101 #
0%
b00000101 '
0*
#620683505000
1!
1%
b11 (
#620725170000
0!
0%
#620766835000
1!
1%
b100 (
#620808500000
0!
0%
#620850165000
1!
b00000010 #
1%
b00000010 '
b0 (
0)
#620891830000
0!
0%
#620933495000
1!
1%
b1 (
#620975160000
0!
0%
#621016825000
1!
1%
b10 (
#621058490000
0!
b00001010 #
0%
b00001010 '
1*
#621100155000
1!
1%
b11 (
#621141820000
0!
0%
#621183485000
1!
1%
b100 (
#621225150000
0!
0%
#621266815000
1!
b00001101 #
1%
b00001101 '
b0 (
1)
#621308480000
0!
0%
#621350145000
1!
1%
b1 (
#621391810000
0!
0%
#621433475000
1!
1%
b10 (
#621475140000
0!
b00000101 #
0%
b00000101 '
0*
#621516805000
1!
1%
b11 (
#621558470000
0!
0%
#621600135000
1!
1%
b100 (
#621641800000
0!
0%
#621683465000
1!
b00000010 #
1%
b00000010 '
b0 (
0)
#621725130000
0!
0%
#621766795000
1!
1%
b1 (
#621808460000
0!
0%
#621850125000
1!
1%
b10 (
#621891790000
0!
b00001010 #
0%
b00001010 '
1*
#621933455000
1!
1%
b11 (
#621975120000
0!
0%
#622016785000
1!
1%
b100 (
#622058450000
0!
0%
#622100115000
1!
b00001101 #
1%
b00001101 '
b0 (
1)
#622141780000
0!
0%
#622183445000
1!
1%
b1 (
#622225110000
0!
0%
#622266775000
1!
1%
b10 (
#622308440000
0!
b00000101 #
0%
b00000101 '
0*
#622350105000
1!
1%
b11 (
#622391770000
0!
0%
#622433435000
1!
1%
b100 (
#622475100000
0!
0%
#622516765000
1!
b00000010 #
1%
b00000010 '
b0 (
0)
#622558430000
0!
0%
#622600095000
1!
1%
b1 (
#622641760000
0!
0%
#622683425000
1!
1%
b10 (
#622725090000
0!
b00001010 #
0%
b00001010 '
1*
#622766755000
1!
1%
b11 (
#622808420000
0!
0%
#622850085000
1!
1%
b100 (
#622891750000
0!
0%
#622933415000
1!
b00001101 #
1%
b00001101 '
b0 (
1)
#622975080000
0!
0%
#623016745000
1!
1%
b1 (
#623058410000
0!
0%
#623100075000
1!
1%
b10 (
#623141740000
0!
b00000101 #
0%
b00000101 '
0*
#623183405000
1!
1%
b11 (
#623225070000
0!
0%
#623266735000
1!
1%
b100 (
#623308400000
0!
0%
#623350065000
1!
b00000010 #
1%
b00000010 '
b0 (
0)
#623391730000
0!
0%
#623433395000
1!
1%
b1 (
#623475060000
0!
0%
#623516725000
1!
1%
b10 (
#623558390000
0!
b00001010 #
0%
b00001010 '
1*
#623600055000
1!
1%
b11 (
#623641720000
0!
0%
#623683385000
1!
1%
b100 (
#623725050000
0!
0%
#623766715000
1!
b00001101 #
1%
b00001101 '
b0 (
1)
#623808380000
0!
0%
#623850045000
1!
1%
b1 (
#623891710000
0!
0%
#623933375000
1!
1%
b10 (
#623975040000
0!
b00000101 #
0%
b00000101 '
0*
#624016705000
1!
1%
b11 (
#624058370000
0!
0%
#624100035000
1!
1%
b100 (
#624141700000
0!
0%
#624183365000
1!
b00000010 #
1%
b00000010 '
b0 (
0)
#624225030000
0!
0%
#624266695000
1!
1%
b1 (
#624308360000
0!
0%
#624350025000
1!
1%
b10 (
#624391690000
0!
b00001010 #
0%
b00001010 '
1*
#624433355000
1!
1%
b11 (
#624475020000
0!
0%
#624516685000
1!
1%
b100 (
#624558350000
0!
0%
#624600015000
1!
b00001101 #
1%
b00001101 '
b0 (
1)
#624641680000
0!
0%
#624683345000
1!
1%
b1 (
#624725010000
0!
0%
#624766675000
1!
1%
b10 (
#624808340000
0!
b00000101 #
0%
b00000101 '
0*
#624850005000
1!
1%
b11 (
#624891670000
0!
0%
#624933335000
1!
1%
b100 (
#624975000000
0!
0%
#625016665000
1!
b00000010 #
1%
b00000010 '
b0 (
0)
#625058330000
0!
0%
#625099995000
1!
1%
b1 (
#625141660000
0!
0%
#625183325000
1!
1%
b10 (
#625224990000
0!
b00001010 #
0%
b00001010 '
1*
#625266655000
1!
1%
b11 (
#625308320000
0!
0%
#625349985000
1!
1%
b100 (
#625391650000
0!
0%
#625433315000
1!
b00001101 #
1%
b00001101 '
b0 (
1)
#625474980000
0!
0%
#625516645000
1!
1%
b1 (
#625558310000
0!
0%
#625599975000
1!
1%
b10 (
#625641640000
0!
b00000101 #
0%
b00000101 '
0*
#625683305000
1!
1%
b11 (
#625724970000
0!
0%
#625766635000
1!
1%
b100 (
#625808300000
0!
0%
#625849965000
1!
b00000010 #
1%
b00000010 '
b0 (
0)
#625891630000
0!
0%
#625933295000
1!
1%
b1 (
#625974960000
0!
0%
#626016625000
1!
1%
b10 (
#626058290000
0!
b00001010 #
0%
b00001010 '
1*
#626099955000
1!
1%
b11 (
#626141620000
0!
0%
#626183285000
1!
1%
b100 (
#626224950000
0!
0%
#626266615000
1!
b00001101 #
1%
b00001101 '
b0 (
1)
#626308280000
0!
0%
#626349945000
1!
1%
b1 (
#626391610000
0!
0%
#626433275000
1!
1%
b10 (
#626474940000
0!
b00000101 #
0%
b00000101 '
0*
#626516605000
1!
1%
b11 (
#626558270000
0!
0%
#626599935000
1!
1%
b100 (
#626641600000
0!
0%
#626683265000
1!
b00000010 #
1%
b00000010 '
b0 (
0)
#626724930000
0!
0%
#626766595000
1!
1%
b1 (
#626808260000
0!
0%
#626849925000
1!
1%
b10 (
#626891590000
0!
b00001010 #
0%
b00001010 '
1*
#626933255000
1!
1%
b11 (
#626974920000
0!
0%
#627016585000
1!
1%
b100 (
#627058250000
0!
0%
#627099915000
1!
b00001101 #
1%
b00001101 '
b0 (
1)
#627141580000
0!
0%
#627183245000
1!
1%
b1 (
#627224910000
0!
0%
#627266575000
1!
1%
b10 (
#627308240000
0!
b00000101 #
0%
b00000101 '
0*
#627349905000
1!
1%
b11 (
#627391570000
0!
0%
#627433235000
1!
1%
b100 (
#627474900000
0!
0%
#627516565000
1!
b00000010 #
1%
b00000010 '
b0 (
0)
#627558230000
0!
0%
#627599895000
1!
1%
b1 (
#627641560000
0!
0%
#627683225000
1!
1%
b10 (
#627724890000
0!
b00001010 #
0%
b00001010 '
1*
#627766555000
1!
1%
b11 (
#627808220000
0!
0%
#627849885000
1!
1%
b100 (
#627891550000
0!
0%
#627933215000
1!
b00001101 #
1%
b00001101 '
b0 (
1)
#627974880000
0!
0%
#628016545000
1!
1%
b1 (
#628058210000
0!
0%
#628099875000
1!
1%
b10 (
#628141540000
0!
b00000101 #
0%
b00000101 '
0*
#628183205000
1!
1%
b11 (
#628224870000
0!
0%
#628266535000
1!
1%
b100 (
#628308200000
0!
0%
#628349865000
1!
b00000010 #
1%
b00000010 '
b0 (
0)
#628391530000
0!
0%
#628433195000
1!
1%
b1 (
#628474860000
0!
0%
#628516525000
1!
1%
b10 (
#628558190000
0!
b00001010 #
0%
b00001010 '
1*
#628599855000
1!
1%
b11 (
#628641520000
0!
0%
#628683185000
1!
1%
b100 (
#628724850000
0!
0%
#628766515000
1!
b00001101 #
1%
b00001101 '
b0 (
1)
#628808180000
0!
0%
#628849845000
1!
1%
b1 (
#628891510000
0!
0%
#628933175000
1!
1%
b10 (
#628974840000
0!
b00000101 #
0%
b00000101 '
0*
#629016505000
1!
1%
b11 (
#629058170000
0!
0%
#629099835000
1!
1%
b100 (
#629141500000
0!
0%
#629183165000
1!
b00000010 #
1%
b00000010 '
b0 (
0)
#629224830000
0!
0%
#629266495000
1!
1%
b1 (
#629308160000
0!
0%
#629349825000
1!
1%
b10 (
#629391490000
0!
b00001010 #
0%
b00001010 '
1*
#629433155000
1!
1%
b11 (
#629474820000
0!
0%
#629516485000
1!
1%
b100 (
#629558150000
0!
0%
#629599815000
1!
b00001101 #
1%
b00001101 '
b0 (
1)
#629641480000
0!
0%
#629683145000
1!
1%
b1 (
#629724810000
0!
0%
#629766475000
1!
1%
b10 (
#629808140000
0!
b00000101 #
0%
b00000101 '
0*
#629849805000
1!
1%
b11 (
#629891470000
0!
0%
#629933135000
1!
1%
b100 (
#629974800000
0!
0%
#630016465000
1!
b00000010 #
1%
b00000010 '
b0 (
0)
#630058130000
0!
0%
#630099795000
1!
1%
b1 (
#630141460000
0!
0%
#630183125000
1!
1%
b10 (
#630224790000
0!
b00001010 #
0%
b00001010 '
1*
#630266455000
1!
1%
b11 (
#630308120000
0!
0%
#630349785000
1!
1%
b100 (
#630391450000
0!
0%
#630433115000
1!
b00001101 #
1%
b00001101 '
b0 (
1)
#630474780000
0!
0%
#630516445000
1!
1%
b1 (
#630558110000
0!
0%
#630599775000
1!
1%
b10 (
#630641440000
0!
b00000101 #
0%
b00000101 '
0*
#630683105000
1!
1%
b11 (
#630724770000
0!
0%
#630766435000
1!
1%
b100 (
#630808100000
0!
0%
#630849765000
1!
b00000010 #
1%
b00000010 '
b0 (
0)
#630891430000
0!
0%
#630933095000
1!
1%
b1 (
#630974760000
0!
0%
#631016425000
1!
1%
b10 (
#631058090000
0!
b00001010 #
0%
b00001010 '
1*
#631099755000
1!
1%
b11 (
#631141420000
0!
0%
#631183085000
1!
1%
b100 (
#631224750000
0!
0%
#631266415000
1!
b00001101 #
1%
b00001101 '
b0 (
1)
#631308080000
0!
0%
#631349745000
1!
1%
b1 (
#631391410000
0!
0%
#631433075000
1!
1%
b10 (
#631474740000
0!
b00000101 #
0%
b00000101 '
0*
#631516405000
1!
1%
b11 (
#631558070000
0!
0%
#631599735000
1!
1%
b100 (
#631641400000
0!
0%
#631683065000
1!
b00000010 #
1%
b00000010 '
b0 (
0)
#631724730000
0!
0%
#631766395000
1!
1%
b1 (
#631808060000
0!
0%
#631849725000
1!
1%
b10 (
#631891390000
0!
b00001010 #
0%
b00001010 '
1*
#631933055000
1!
1%
b11 (
#631974720000
0!
0%
#632016385000
1!
1%
b100 (
#632058050000
0!
0%
#632099715000
1!
b00001101 #
1%
b00001101 '
b0 (
1)
#632141380000
0!
0%
#632183045000
1!
1%
b1 (
#632224710000
0!
0%
#632266375000
1!
1%
b10 (
#632308040000
0!
b00000101 #
0%
b00000101 '
0*
#632349705000
1!
1%
b11 (
#632391370000
0!
0%
#632433035000
1!
1%
b100 (
#632474700000
0!
0%
#632516365000
1!
b00000010 #
1%
b00000010 '
b0 (
0)
#632558030000
0!
0%
#632599695000
1!
1%
b1 (
#632641360000
0!
0%
#632683025000
1!
1%
b10 (
#632724690000
0!
b00001010 #
0%
b00001010 '
1*
#632766355000
1!
1%
b11 (
#632808020000
0!
0%
#632849685000
1!
1%
b100 (
#632891350000
0!
0%
#632933015000
1!
b00001101 #
1%
b00001101 '
b0 (
1)
#632974680000
0!
0%
#633016345000
1!
1%
b1 (
#633058010000
0!
0%
#633099675000
1!
1%
b10 (
#633141340000
0!
b00000101 #
0%
b00000101 '
0*
#633183005000
1!
1%
b11 (
#633224670000
0!
0%
#633266335000
1!
1%
b100 (
#633308000000
0!
0%
#633349665000
1!
b00000010 #
1%
b00000010 '
b0 (
0)
#633391330000
0!
0%
#633432995000
1!
1%
b1 (
#633474660000
0!
0%
#633516325000
1!
1%
b10 (
#633557990000
0!
b00001010 #
0%
b00001010 '
1*
#633599655000
1!
1%
b11 (
#633641320000
0!
0%
#633682985000
1!
1%
b100 (
#633724650000
0!
0%
#633766315000
1!
b00001101 #
1%
b00001101 '
b0 (
1)
#633807980000
0!
0%
#633849645000
1!
1%
b1 (
#633891310000
0!
0%
#633932975000
1!
1%
b10 (
#633974640000
0!
b00000101 #
0%
b00000101 '
0*
#634016305000
1!
1%
b11 (
#634057970000
0!
0%
#634099635000
1!
1%
b100 (
#634141300000
0!
0%
#634182965000
1!
b00000010 #
1%
b00000010 '
b0 (
0)
#634224630000
0!
0%
#634266295000
1!
1%
b1 (
#634307960000
0!
0%
#634349625000
1!
1%
b10 (
#634391290000
0!
b00001010 #
0%
b00001010 '
1*
#634432955000
1!
1%
b11 (
#634474620000
0!
0%
#634516285000
1!
1%
b100 (
#634557950000
0!
0%
#634599615000
1!
b00001101 #
1%
b00001101 '
b0 (
1)
#634641280000
0!
0%
#634682945000
1!
1%
b1 (
#634724610000
0!
0%
#634766275000
1!
1%
b10 (
#634807940000
0!
b00000101 #
0%
b00000101 '
0*
#634849605000
1!
1%
b11 (
#634891270000
0!
0%
#634932935000
1!
1%
b100 (
#634974600000
0!
0%
#635016265000
1!
b00000010 #
1%
b00000010 '
b0 (
0)
#635057930000
0!
0%
#635099595000
1!
1%
b1 (
#635141260000
0!
0%
#635182925000
1!
1%
b10 (
#635224590000
0!
b00001010 #
0%
b00001010 '
1*
#635266255000
1!
1%
b11 (
#635307920000
0!
0%
#635349585000
1!
1%
b100 (
#635391250000
0!
0%
#635432915000
1!
b00001101 #
1%
b00001101 '
b0 (
1)
#635474580000
0!
0%
#635516245000
1!
1%
b1 (
#635557910000
0!
0%
#635599575000
1!
1%
b10 (
#635641240000
0!
b00000101 #
0%
b00000101 '
0*
#635682905000
1!
1%
b11 (
#635724570000
0!
0%
#635766235000
1!
1%
b100 (
#635807900000
0!
0%
#635849565000
1!
b00000010 #
1%
b00000010 '
b0 (
0)
#635891230000
0!
0%
#635932895000
1!
1%
b1 (
#635974560000
0!
0%
#636016225000
1!
1%
b10 (
#636057890000
0!
b00001010 #
0%
b00001010 '
1*
#636099555000
1!
1%
b11 (
#636141220000
0!
0%
#636182885000
1!
1%
b100 (
#636224550000
0!
0%
#636266215000
1!
b00001101 #
1%
b00001101 '
b0 (
1)
#636307880000
0!
0%
#636349545000
1!
1%
b1 (
#636391210000
0!
0%
#636432875000
1!
1%
b10 (
#636474540000
0!
b00000101 #
0%
b00000101 '
0*
#636516205000
1!
1%
b11 (
#636557870000
0!
0%
#636599535000
1!
1%
b100 (
#636641200000
0!
0%
#636682865000
1!
b00000010 #
1%
b00000010 '
b0 (
0)
#636724530000
0!
0%
#636766195000
1!
1%
b1 (
#636807860000
0!
0%
#636849525000
1!
1%
b10 (
#636891190000
0!
b00001010 #
0%
b00001010 '
1*
#636932855000
1!
1%
b11 (
#636974520000
0!
0%
#637016185000
1!
1%
b100 (
#637057850000
0!
0%
#637099515000
1!
b00001101 #
1%
b00001101 '
b0 (
1)
#637141180000
0!
0%
#637182845000
1!
1%
b1 (
#637224510000
0!
0%
#637266175000
1!
1%
b10 (
#637307840000
0!
b00000101 #
0%
b00000101 '
0*
#637349505000
1!
1%
b11 (
#637391170000
0!
0%
#637432835000
1!
1%
b100 (
#637474500000
0!
0%
#637516165000
1!
b00000010 #
1%
b00000010 '
b0 (
0)
#637557830000
0!
0%
#637599495000
1!
1%
b1 (
#637641160000
0!
0%
#637682825000
1!
1%
b10 (
#637724490000
0!
b00001010 #
0%
b00001010 '
1*
#637766155000
1!
1%
b11 (
#637807820000
0!
0%
#637849485000
1!
1%
b100 (
#637891150000
0!
0%
#637932815000
1!
b00001101 #
1%
b00001101 '
b0 (
1)
#637974480000
0!
0%
#638016145000
1!
1%
b1 (
#638057810000
0!
0%
#638099475000
1!
1%
b10 (
#638141140000
0!
b00000101 #
0%
b00000101 '
0*
#638182805000
1!
1%
b11 (
#638224470000
0!
0%
#638266135000
1!
1%
b100 (
#638307800000
0!
0%
#638349465000
1!
b00000010 #
1%
b00000010 '
b0 (
0)
#638391130000
0!
0%
#638432795000
1!
1%
b1 (
#638474460000
0!
0%
#638516125000
1!
1%
b10 (
#638557790000
0!
b00001010 #
0%
b00001010 '
1*
#638599455000
1!
1%
b11 (
#638641120000
0!
0%
#638682785000
1!
1%
b100 (
#638724450000
0!
0%
#638766115000
1!
b00001101 #
1%
b00001101 '
b0 (
1)
#638807780000
0!
0%
#638849445000
1!
1%
b1 (
#638891110000
0!
0%
#638932775000
1!
1%
b10 (
#638974440000
0!
b00000101 #
0%
b00000101 '
0*
#639016105000
1!
1%
b11 (
#639057770000
0!
0%
#639099435000
1!
1%
b100 (
#639141100000
0!
0%
#639182765000
1!
b00000010 #
1%
b00000010 '
b0 (
0)
#639224430000
0!
0%
#639266095000
1!
1%
b1 (
#639307760000
0!
0%
#639349425000
1!
1%
b10 (
#639391090000
0!
b00001010 #
0%
b00001010 '
1*
#639432755000
1!
1%
b11 (
#639474420000
0!
0%
#639516085000
1!
1%
b100 (
#639557750000
0!
0%
#639599415000
1!
b00001101 #
1%
b00001101 '
b0 (
1)
#639641080000
0!
0%
#639682745000
1!
1%
b1 (
#639724410000
0!
0%
#639766075000
1!
1%
b10 (
#639807740000
0!
b00000101 #
0%
b00000101 '
0*
#639849405000
1!
1%
b11 (
#639891070000
0!
0%
#639932735000
1!
1%
b100 (
#639974400000
0!
0%
#640016065000
1!
b00000010 #
1%
b00000010 '
b0 (
0)
#640057730000
0!
0%
#640099395000
1!
1%
b1 (
#640141060000
0!
0%
#640182725000
1!
1%
b10 (
#640224390000
0!
b00001010 #
0%
b00001010 '
1*
#640266055000
1!
1%
b11 (
#640307720000
0!
0%
#640349385000
1!
1%
b100 (
#640391050000
0!
0%
#640432715000
1!
b00001101 #
1%
b00001101 '
b0 (
1)
#640474380000
0!
0%
#640516045000
1!
1%
b1 (
#640557710000
0!
0%
#640599375000
1!
1%
b10 (
#640641040000
0!
b00000101 #
0%
b00000101 '
0*
#640682705000
1!
1%
b11 (
#640724370000
0!
0%
#640766035000
1!
1%
b100 (
#640807700000
0!
0%
#640849365000
1!
b00000010 #
1%
b00000010 '
b0 (
0)
#640891030000
0!
0%
#640932695000
1!
1%
b1 (
#640974360000
0!
0%
#641016025000
1!
1%
b10 (
#641057690000
0!
b00001010 #
0%
b00001010 '
1*
#641099355000
1!
1%
b11 (
#641141020000
0!
0%
#641182685000
1!
1%
b100 (
#641224350000
0!
0%
#641266015000
1!
b00001101 #
1%
b00001101 '
b0 (
1)
#641307680000
0!
0%
#641349345000
1!
1%
b1 (
#641391010000
0!
0%
#641432675000
1!
1%
b10 (
#641474340000
0!
b00000101 #
0%
b00000101 '
0*
#641516005000
1!
1%
b11 (
#641557670000
0!
0%
#641599335000
1!
1%
b100 (
#641641000000
0!
0%
#641682665000
1!
b00000010 #
1%
b00000010 '
b0 (
0)
#641724330000
0!
0%
#641765995000
1!
1%
b1 (
#641807660000
0!
0%
#641849325000
1!
1%
b10 (
#641890990000
0!
b00001010 #
0%
b00001010 '
1*
#641932655000
1!
1%
b11 (
#641974320000
0!
0%
#642015985000
1!
1%
b100 (
#642057650000
0!
0%
#642099315000
1!
b00001101 #
1%
b00001101 '
b0 (
1)
#642140980000
0!
0%
#642182645000
1!
1%
b1 (
#642224310000
0!
0%
#642265975000
1!
1%
b10 (
#642307640000
0!
b00000101 #
0%
b00000101 '
0*
#642349305000
1!
1%
b11 (
#642390970000
0!
0%
#642432635000
1!
1%
b100 (
#642474300000
0!
0%
#642515965000
1!
b00000010 #
1%
b00000010 '
b0 (
0)
#642557630000
0!
0%
#642599295000
1!
1%
b1 (
#642640960000
0!
0%
#642682625000
1!
1%
b10 (
#642724290000
0!
b00001010 #
0%
b00001010 '
1*
#642765955000
1!
1%
b11 (
#642807620000
0!
0%
#642849285000
1!
1%
b100 (
#642890950000
0!
0%
#642932615000
1!
b00001101 #
1%
b00001101 '
b0 (
1)
#642974280000
0!
0%
#643015945000
1!
1%
b1 (
#643057610000
0!
0%
#643099275000
1!
1%
b10 (
#643140940000
0!
b00000101 #
0%
b00000101 '
0*
#643182605000
1!
1%
b11 (
#643224270000
0!
0%
#643265935000
1!
1%
b100 (
#643307600000
0!
0%
#643349265000
1!
b00000010 #
1%
b00000010 '
b0 (
0)
#643390930000
0!
0%
#643432595000
1!
1%
b1 (
#643474260000
0!
0%
#643515925000
1!
1%
b10 (
#643557590000
0!
b00001010 #
0%
b00001010 '
1*
#643599255000
1!
1%
b11 (
#643640920000
0!
0%
#643682585000
1!
1%
b100 (
#643724250000
0!
0%
#643765915000
1!
b00001101 #
1%
b00001101 '
b0 (
1)
#643807580000
0!
0%
#643849245000
1!
1%
b1 (
#643890910000
0!
0%
#643932575000
1!
1%
b10 (
#643974240000
0!
b00000101 #
0%
b00000101 '
0*
#644015905000
1!
1%
b11 (
#644057570000
0!
0%
#644099235000
1!
1%
b100 (
#644140900000
0!
0%
#644182565000
1!
b00000010 #
1%
b00000010 '
b0 (
0)
#644224230000
0!
0%
#644265895000
1!
1%
b1 (
#644307560000
0!
0%
#644349225000
1!
1%
b10 (
#644390890000
0!
b00001010 #
0%
b00001010 '
1*
#644432555000
1!
1%
b11 (
#644474220000
0!
0%
#644515885000
1!
1%
b100 (
#644557550000
0!
0%
#644599215000
1!
b00001101 #
1%
b00001101 '
b0 (
1)
#644640880000
0!
0%
#644682545000
1!
1%
b1 (
#644724210000
0!
0%
#644765875000
1!
1%
b10 (
#644807540000
0!
b00000101 #
0%
b00000101 '
0*
#644849205000
1!
1%
b11 (
#644890870000
0!
0%
#644932535000
1!
1%
b100 (
#644974200000
0!
0%
#645015865000
1!
b00000010 #
1%
b00000010 '
b0 (
0)
#645057530000
0!
0%
#645099195000
1!
1%
b1 (
#645140860000
0!
0%
#645182525000
1!
1%
b10 (
#645224190000
0!
b00001010 #
0%
b00001010 '
1*
#645265855000
1!
1%
b11 (
#645307520000
0!
0%
#645349185000
1!
1%
b100 (
#645390850000
0!
0%
#645432515000
1!
b00001101 #
1%
b00001101 '
b0 (
1)
#645474180000
0!
0%
#645515845000
1!
1%
b1 (
#645557510000
0!
0%
#645599175000
1!
1%
b10 (
#645640840000
0!
b00000101 #
0%
b00000101 '
0*
#645682505000
1!
1%
b11 (
#645724170000
0!
0%
#645765835000
1!
1%
b100 (
#645807500000
0!
0%
#645849165000
1!
b00000010 #
1%
b00000010 '
b0 (
0)
#645890830000
0!
0%
#645932495000
1!
1%
b1 (
#645974160000
0!
0%
#646015825000
1!
1%
b10 (
#646057490000
0!
b00001010 #
0%
b00001010 '
1*
#646099155000
1!
1%
b11 (
#646140820000
0!
0%
#646182485000
1!
1%
b100 (
#646224150000
0!
0%
#646265815000
1!
b00001101 #
1%
b00001101 '
b0 (
1)
#646307480000
0!
0%
#646349145000
1!
1%
b1 (
#646390810000
0!
0%
#646432475000
1!
1%
b10 (
#646474140000
0!
b00000101 #
0%
b00000101 '
0*
#646515805000
1!
1%
b11 (
#646557470000
0!
0%
#646599135000
1!
1%
b100 (
#646640800000
0!
0%
#646682465000
1!
b00000010 #
1%
b00000010 '
b0 (
0)
#646724130000
0!
0%
#646765795000
1!
1%
b1 (
#646807460000
0!
0%
#646849125000
1!
1%
b10 (
#646890790000
0!
b00001010 #
0%
b00001010 '
1*
#646932455000
1!
1%
b11 (
#646974120000
0!
0%
#647015785000
1!
1%
b100 (
#647057450000
0!
0%
#647099115000
1!
b00001101 #
1%
b00001101 '
b0 (
1)
#647140780000
0!
0%
#647182445000
1!
1%
b1 (
#647224110000
0!
0%
#647265775000
1!
1%
b10 (
#647307440000
0!
b00000101 #
0%
b00000101 '
0*
#647349105000
1!
1%
b11 (
#647390770000
0!
0%
#647432435000
1!
1%
b100 (
#647474100000
0!
0%
#647515765000
1!
b00000010 #
1%
b00000010 '
b0 (
0)
#647557430000
0!
0%
#647599095000
1!
1%
b1 (
#647640760000
0!
0%
#647682425000
1!
1%
b10 (
#647724090000
0!
b00001010 #
0%
b00001010 '
1*
#647765755000
1!
1%
b11 (
#647807420000
0!
0%
#647849085000
1!
1%
b100 (
#647890750000
0!
0%
#647932415000
1!
b00001101 #
1%
b00001101 '
b0 (
1)
#647974080000
0!
0%
#648015745000
1!
1%
b1 (
#648057410000
0!
0%
#648099075000
1!
1%
b10 (
#648140740000
0!
b00000101 #
0%
b00000101 '
0*
#648182405000
1!
1%
b11 (
#648224070000
0!
0%
#648265735000
1!
1%
b100 (
#648307400000
0!
0%
#648349065000
1!
b00000010 #
1%
b00000010 '
b0 (
0)
#648390730000
0!
0%
#648432395000
1!
1%
b1 (
#648474060000
0!
0%
#648515725000
1!
1%
b10 (
#648557390000
0!
b00001010 #
0%
b00001010 '
1*
#648599055000
1!
1%
b11 (
#648640720000
0!
0%
#648682385000
1!
1%
b100 (
#648724050000
0!
0%
#648765715000
1!
b00001101 #
1%
b00001101 '
b0 (
1)
#648807380000
0!
0%
#648849045000
1!
1%
b1 (
#648890710000
0!
0%
#648932375000
1!
1%
b10 (
#648974040000
0!
b00000101 #
0%
b00000101 '
0*
#649015705000
1!
1%
b11 (
#649057370000
0!
0%
#649099035000
1!
1%
b100 (
#649140700000
0!
0%
#649182365000
1!
b00000010 #
1%
b00000010 '
b0 (
0)
#649224030000
0!
0%
#649265695000
1!
1%
b1 (
#649307360000
0!
0%
#649349025000
1!
1%
b10 (
#649390690000
0!
b00001010 #
0%
b00001010 '
1*
#649432355000
1!
1%
b11 (
#649474020000
0!
0%
#649515685000
1!
1%
b100 (
#649557350000
0!
0%
#649599015000
1!
b00001101 #
1%
b00001101 '
b0 (
1)
#649640680000
0!
0%
#649682345000
1!
1%
b1 (
#649724010000
0!
0%
#649765675000
1!
1%
b10 (
#649807340000
0!
b00000101 #
0%
b00000101 '
0*
#649849005000
1!
1%
b11 (
#649890670000
0!
0%
#649932335000
1!
1%
b100 (
#649974000000
0!
0%
#650015665000
1!
b00000010 #
1%
b00000010 '
b0 (
0)
#650057330000
0!
0%
#650098995000
1!
1%
b1 (
#650140660000
0!
0%
#650182325000
1!
1%
b10 (
#650223990000
0!
b00001010 #
0%
b00001010 '
1*
#650265655000
1!
1%
b11 (
#650307320000
0!
0%
#650348985000
1!
1%
b100 (
#650390650000
0!
0%
#650432315000
1!
b00001101 #
1%
b00001101 '
b0 (
1)
#650473980000
0!
0%
#650515645000
1!
1%
b1 (
#650557310000
0!
0%
#650598975000
1!
1%
b10 (
#650640640000
0!
b00000101 #
0%
b00000101 '
0*
#650682305000
1!
1%
b11 (
#650723970000
0!
0%
#650765635000
1!
1%
b100 (
#650807300000
0!
0%
#650848965000
1!
b00000010 #
1%
b00000010 '
b0 (
0)
#650890630000
0!
0%
#650932295000
1!
1%
b1 (
#650973960000
0!
0%
#651015625000
1!
1%
b10 (
#651057290000
0!
b00001010 #
0%
b00001010 '
1*
#651098955000
1!
1%
b11 (
#651140620000
0!
0%
#651182285000
1!
1%
b100 (
#651223950000
0!
0%
#651265615000
1!
b00001101 #
1%
b00001101 '
b0 (
1)
#651307280000
0!
0%
#651348945000
1!
1%
b1 (
#651390610000
0!
0%
#651432275000
1!
1%
b10 (
#651473940000
0!
b00000101 #
0%
b00000101 '
0*
#651515605000
1!
1%
b11 (
#651557270000
0!
0%
#651598935000
1!
1%
b100 (
#651640600000
0!
0%
#651682265000
1!
b00000010 #
1%
b00000010 '
b0 (
0)
#651723930000
0!
0%
#651765595000
1!
1%
b1 (
#651807260000
0!
0%
#651848925000
1!
1%
b10 (
#651890590000
0!
b00001010 #
0%
b00001010 '
1*
#651932255000
1!
1%
b11 (
#651973920000
0!
0%
#652015585000
1!
1%
b100 (
#652057250000
0!
0%
#652098915000
1!
b00001101 #
1%
b00001101 '
b0 (
1)
#652140580000
0!
0%
#652182245000
1!
1%
b1 (
#652223910000
0!
0%
#652265575000
1!
1%
b10 (
#652307240000
0!
b00000101 #
0%
b00000101 '
0*
#652348905000
1!
1%
b11 (
#652390570000
0!
0%
#652432235000
1!
1%
b100 (
#652473900000
0!
0%
#652515565000
1!
b00000010 #
1%
b00000010 '
b0 (
0)
#652557230000
0!
0%
#652598895000
1!
1%
b1 (
#652640560000
0!
0%
#652682225000
1!
1%
b10 (
#652723890000
0!
b00001010 #
0%
b00001010 '
1*
#652765555000
1!
1%
b11 (
#652807220000
0!
0%
#652848885000
1!
1%
b100 (
#652890550000
0!
0%
#652932215000
1!
b00001101 #
1%
b00001101 '
b0 (
1)
#652973880000
0!
0%
#653015545000
1!
1%
b1 (
#653057210000
0!
0%
#653098875000
1!
1%
b10 (
#653140540000
0!
b00000101 #
0%
b00000101 '
0*
#653182205000
1!
1%
b11 (
#653223870000
0!
0%
#653265535000
1!
1%
b100 (
#653307200000
0!
0%
#653348865000
1!
b00000010 #
1%
b00000010 '
b0 (
0)
#653390530000
0!
0%
#653432195000
1!
1%
b1 (
#653473860000
0!
0%
#653515525000
1!
1%
b10 (
#653557190000
0!
b00001010 #
0%
b00001010 '
1*
#653598855000
1!
1%
b11 (
#653640520000
0!
0%
#653682185000
1!
1%
b100 (
#653723850000
0!
0%
#653765515000
1!
b00001101 #
1%
b00001101 '
b0 (
1)
#653807180000
0!
0%
#653848845000
1!
1%
b1 (
#653890510000
0!
0%
#653932175000
1!
1%
b10 (
#653973840000
0!
b00000101 #
0%
b00000101 '
0*
#654015505000
1!
1%
b11 (
#654057170000
0!
0%
#654098835000
1!
1%
b100 (
#654140500000
0!
0%
#654182165000
1!
b00000010 #
1%
b00000010 '
b0 (
0)
#654223830000
0!
0%
#654265495000
1!
1%
b1 (
#654307160000
0!
0%
#654348825000
1!
1%
b10 (
#654390490000
0!
b00001010 #
0%
b00001010 '
1*
#654432155000
1!
1%
b11 (
#654473820000
0!
0%
#654515485000
1!
1%
b100 (
#654557150000
0!
0%
#654598815000
1!
b00001101 #
1%
b00001101 '
b0 (
1)
#654640480000
0!
0%
#654682145000
1!
1%
b1 (
#654723810000
0!
0%
#654765475000
1!
1%
b10 (
#654807140000
0!
b00000101 #
0%
b00000101 '
0*
#654848805000
1!
1%
b11 (
#654890470000
0!
0%
#654932135000
1!
1%
b100 (
#654973800000
0!
0%
#655015465000
1!
b00000010 #
1%
b00000010 '
b0 (
0)
#655057130000
0!
0%
#655098795000
1!
1%
b1 (
#655140460000
0!
0%
#655182125000
1!
1%
b10 (
#655223790000
0!
b00001010 #
0%
b00001010 '
1*
#655265455000
1!
1%
b11 (
#655307120000
0!
0%
#655348785000
1!
1%
b100 (
#655390450000
0!
0%
#655432115000
1!
b00001101 #
1%
b00001101 '
b0 (
1)
#655473780000
0!
0%
#655515445000
1!
1%
b1 (
#655557110000
0!
0%
#655598775000
1!
1%
b10 (
#655640440000
0!
b00000101 #
0%
b00000101 '
0*
#655682105000
1!
1%
b11 (
#655723770000
0!
0%
#655765435000
1!
1%
b100 (
#655807100000
0!
0%
#655848765000
1!
b00000010 #
1%
b00000010 '
b0 (
0)
#655890430000
0!
0%
#655932095000
1!
1%
b1 (
#655973760000
0!
0%
#656015425000
1!
1%
b10 (
#656057090000
0!
b00001010 #
0%
b00001010 '
1*
#656098755000
1!
1%
b11 (
#656140420000
0!
0%
#656182085000
1!
1%
b100 (
#656223750000
0!
0%
#656265415000
1!
b00001101 #
1%
b00001101 '
b0 (
1)
#656307080000
0!
0%
#656348745000
1!
1%
b1 (
#656390410000
0!
0%
#656432075000
1!
1%
b10 (
#656473740000
0!
b00000101 #
0%
b00000101 '
0*
#656515405000
1!
1%
b11 (
#656557070000
0!
0%
#656598735000
1!
1%
b100 (
#656640400000
0!
0%
#656682065000
1!
b00000010 #
1%
b00000010 '
b0 (
0)
#656723730000
0!
0%
#656765395000
1!
1%
b1 (
#656807060000
0!
0%
#656848725000
1!
1%
b10 (
#656890390000
0!
b00001010 #
0%
b00001010 '
1*
#656932055000
1!
1%
b11 (
#656973720000
0!
0%
#657015385000
1!
1%
b100 (
#657057050000
0!
0%
#657098715000
1!
b00001101 #
1%
b00001101 '
b0 (
1)
#657140380000
0!
0%
#657182045000
1!
1%
b1 (
#657223710000
0!
0%
#657265375000
1!
1%
b10 (
#657307040000
0!
b00000101 #
0%
b00000101 '
0*
#657348705000
1!
1%
b11 (
#657390370000
0!
0%
#657432035000
1!
1%
b100 (
#657473700000
0!
0%
#657515365000
1!
b00000010 #
1%
b00000010 '
b0 (
0)
#657557030000
0!
0%
#657598695000
1!
1%
b1 (
#657640360000
0!
0%
#657682025000
1!
1%
b10 (
#657723690000
0!
b00001010 #
0%
b00001010 '
1*
#657765355000
1!
1%
b11 (
#657807020000
0!
0%
#657848685000
1!
1%
b100 (
#657890350000
0!
0%
#657932015000
1!
b00001101 #
1%
b00001101 '
b0 (
1)
#657973680000
0!
0%
#658015345000
1!
1%
b1 (
#658057010000
0!
0%
#658098675000
1!
1%
b10 (
#658140340000
0!
b00000101 #
0%
b00000101 '
0*
#658182005000
1!
1%
b11 (
#658223670000
0!
0%
#658265335000
1!
1%
b100 (
#658307000000
0!
0%
#658348665000
1!
b00000010 #
1%
b00000010 '
b0 (
0)
#658390330000
0!
0%
#658431995000
1!
1%
b1 (
#658473660000
0!
0%
#658515325000
1!
1%
b10 (
#658556990000
0!
b00001010 #
0%
b00001010 '
1*
#658598655000
1!
1%
b11 (
#658640320000
0!
0%
#658681985000
1!
1%
b100 (
#658723650000
0!
0%
#658765315000
1!
b00001101 #
1%
b00001101 '
b0 (
1)
#658806980000
0!
0%
#658848645000
1!
1%
b1 (
#658890310000
0!
0%
#658931975000
1!
1%
b10 (
#658973640000
0!
b00000101 #
0%
b00000101 '
0*
#659015305000
1!
1%
b11 (
#659056970000
0!
0%
#659098635000
1!
1%
b100 (
#659140300000
0!
0%
#659181965000
1!
b00000010 #
1%
b00000010 '
b0 (
0)
#659223630000
0!
0%
#659265295000
1!
1%
b1 (
#659306960000
0!
0%
#659348625000
1!
1%
b10 (
#659390290000
0!
b00001010 #
0%
b00001010 '
1*
#659431955000
1!
1%
b11 (
#659473620000
0!
0%
#659515285000
1!
1%
b100 (
#659556950000
0!
0%
#659598615000
1!
b00001101 #
1%
b00001101 '
b0 (
1)
#659640280000
0!
0%
#659681945000
1!
1%
b1 (
#659723610000
0!
0%
#659765275000
1!
1%
b10 (
#659806940000
0!
b00000101 #
0%
b00000101 '
0*
#659848605000
1!
1%
b11 (
#659890270000
0!
0%
#659931935000
1!
1%
b100 (
#659973600000
0!
0%
#660015265000
1!
b00000010 #
1%
b00000010 '
b0 (
0)
#660056930000
0!
0%
#660098595000
1!
1%
b1 (
#660140260000
0!
0%
#660181925000
1!
1%
b10 (
#660223590000
0!
b00001010 #
0%
b00001010 '
1*
#660265255000
1!
1%
b11 (
#660306920000
0!
0%
#660348585000
1!
1%
b100 (
#660390250000
0!
0%
#660431915000
1!
b00001101 #
1%
b00001101 '
b0 (
1)
#660473580000
0!
0%
#660515245000
1!
1%
b1 (
#660556910000
0!
0%
#660598575000
1!
1%
b10 (
#660640240000
0!
b00000101 #
0%
b00000101 '
0*
#660681905000
1!
1%
b11 (
#660723570000
0!
0%
#660765235000
1!
1%
b100 (
#660806900000
0!
0%
#660848565000
1!
b00000010 #
1%
b00000010 '
b0 (
0)
#660890230000
0!
0%
#660931895000
1!
1%
b1 (
#660973560000
0!
0%
#661015225000
1!
1%
b10 (
#661056890000
0!
b00001010 #
0%
b00001010 '
1*
#661098555000
1!
1%
b11 (
#661140220000
0!
0%
#661181885000
1!
1%
b100 (
#661223550000
0!
0%
#661265215000
1!
b00001101 #
1%
b00001101 '
b0 (
1)
#661306880000
0!
0%
#661348545000
1!
1%
b1 (
#661390210000
0!
0%
#661431875000
1!
1%
b10 (
#661473540000
0!
b00000101 #
0%
b00000101 '
0*
#661515205000
1!
1%
b11 (
#661556870000
0!
0%
#661598535000
1!
1%
b100 (
#661640200000
0!
0%
#661681865000
1!
b00000010 #
1%
b00000010 '
b0 (
0)
#661723530000
0!
0%
#661765195000
1!
1%
b1 (
#661806860000
0!
0%
#661848525000
1!
1%
b10 (
#661890190000
0!
b00001010 #
0%
b00001010 '
1*
#661931855000
1!
1%
b11 (
#661973520000
0!
0%
#662015185000
1!
1%
b100 (
#662056850000
0!
0%
#662098515000
1!
b00001101 #
1%
b00001101 '
b0 (
1)
#662140180000
0!
0%
#662181845000
1!
1%
b1 (
#662223510000
0!
0%
#662265175000
1!
1%
b10 (
#662306840000
0!
b00000101 #
0%
b00000101 '
0*
#662348505000
1!
1%
b11 (
#662390170000
0!
0%
#662431835000
1!
1%
b100 (
#662473500000
0!
0%
#662515165000
1!
b00000010 #
1%
b00000010 '
b0 (
0)
#662556830000
0!
0%
#662598495000
1!
1%
b1 (
#662640160000
0!
0%
#662681825000
1!
1%
b10 (
#662723490000
0!
b00001010 #
0%
b00001010 '
1*
#662765155000
1!
1%
b11 (
#662806820000
0!
0%
#662848485000
1!
1%
b100 (
#662890150000
0!
0%
#662931815000
1!
b00001101 #
1%
b00001101 '
b0 (
1)
#662973480000
0!
0%
#663015145000
1!
1%
b1 (
#663056810000
0!
0%
#663098475000
1!
1%
b10 (
#663140140000
0!
b00000101 #
0%
b00000101 '
0*
#663181805000
1!
1%
b11 (
#663223470000
0!
0%
#663265135000
1!
1%
b100 (
#663306800000
0!
0%
#663348465000
1!
b00000010 #
1%
b00000010 '
b0 (
0)
#663390130000
0!
0%
#663431795000
1!
1%
b1 (
#663473460000
0!
0%
#663515125000
1!
1%
b10 (
#663556790000
0!
b00001010 #
0%
b00001010 '
1*
#663598455000
1!
1%
b11 (
#663640120000
0!
0%
#663681785000
1!
1%
b100 (
#663723450000
0!
0%
#663765115000
1!
b00001101 #
1%
b00001101 '
b0 (
1)
#663806780000
0!
0%
#663848445000
1!
1%
b1 (
#663890110000
0!
0%
#663931775000
1!
1%
b10 (
#663973440000
0!
b00000101 #
0%
b00000101 '
0*
#664015105000
1!
1%
b11 (
#664056770000
0!
0%
#664098435000
1!
1%
b100 (
#664140100000
0!
0%
#664181765000
1!
b00000010 #
1%
b00000010 '
b0 (
0)
#664223430000
0!
0%
#664265095000
1!
1%
b1 (
#664306760000
0!
0%
#664348425000
1!
1%
b10 (
#664390090000
0!
b00001010 #
0%
b00001010 '
1*
#664431755000
1!
1%
b11 (
#664473420000
0!
0%
#664515085000
1!
1%
b100 (
#664556750000
0!
0%
#664598415000
1!
b00001101 #
1%
b00001101 '
b0 (
1)
#664640080000
0!
0%
#664681745000
1!
1%
b1 (
#664723410000
0!
0%
#664765075000
1!
1%
b10 (
#664806740000
0!
b00000101 #
0%
b00000101 '
0*
#664848405000
1!
1%
b11 (
#664890070000
0!
0%
#664931735000
1!
1%
b100 (
#664973400000
0!
0%
#665015065000
1!
b00000010 #
1%
b00000010 '
b0 (
0)
#665056730000
0!
0%
#665098395000
1!
1%
b1 (
#665140060000
0!
0%
#665181725000
1!
1%
b10 (
#665223390000
0!
b00001010 #
0%
b00001010 '
1*
#665265055000
1!
1%
b11 (
#665306720000
0!
0%
#665348385000
1!
1%
b100 (
#665390050000
0!
0%
#665431715000
1!
b00001101 #
1%
b00001101 '
b0 (
1)
#665473380000
0!
0%
#665515045000
1!
1%
b1 (
#665556710000
0!
0%
#665598375000
1!
1%
b10 (
#665640040000
0!
b00000101 #
0%
b00000101 '
0*
#665681705000
1!
1%
b11 (
#665723370000
0!
0%
#665765035000
1!
1%
b100 (
#665806700000
0!
0%
#665848365000
1!
b00000010 #
1%
b00000010 '
b0 (
0)
#665890030000
0!
0%
#665931695000
1!
1%
b1 (
#665973360000
0!
0%
#666015025000
1!
1%
b10 (
#666056690000
0!
b00001010 #
0%
b00001010 '
1*
#666098355000
1!
1%
b11 (
#666140020000
0!
0%
#666181685000
1!
1%
b100 (
#666223350000
0!
0%
#666265015000
1!
b00001101 #
1%
b00001101 '
b0 (
1)
#666306680000
0!
0%
#666348345000
1!
1%
b1 (
#666390010000
0!
0%
#666431675000
1!
1%
b10 (
#666473340000
0!
b00000101 #
0%
b00000101 '
0*
#666515005000
1!
1%
b11 (
#666556670000
0!
0%
#666598335000
1!
1%
b100 (
#666640000000
0!
0%
#666681665000
1!
b00000010 #
1%
b00000010 '
b0 (
0)
#666723330000
0!
0%
#666764995000
1!
1%
b1 (
#666806660000
0!
0%
#666848325000
1!
1%
b10 (
#666889990000
0!
b00001010 #
0%
b00001010 '
1*
#666931655000
1!
1%
b11 (
#666973320000
0!
0%
#667014985000
1!
1%
b100 (
#667056650000
0!
0%
#667098315000
1!
b00001101 #
1%
b00001101 '
b0 (
1)
#667139980000
0!
0%
#667181645000
1!
1%
b1 (
#667223310000
0!
0%
#667264975000
1!
1%
b10 (
#667306640000
0!
b00000101 #
0%
b00000101 '
0*
#667348305000
1!
1%
b11 (
#667389970000
0!
0%
#667431635000
1!
1%
b100 (
#667473300000
0!
0%
#667514965000
1!
b00000010 #
1%
b00000010 '
b0 (
0)
#667556630000
0!
0%
#667598295000
1!
1%
b1 (
#667639960000
0!
0%
#667681625000
1!
1%
b10 (
#667723290000
0!
b00001010 #
0%
b00001010 '
1*
#667764955000
1!
1%
b11 (
#667806620000
0!
0%
#667848285000
1!
1%
b100 (
#667889950000
0!
0%
#667931615000
1!
b00001101 #
1%
b00001101 '
b0 (
1)
#667973280000
0!
0%
#668014945000
1!
1%
b1 (
#668056610000
0!
0%
#668098275000
1!
1%
b10 (
#668139940000
0!
b00000101 #
0%
b00000101 '
0*
#668181605000
1!
1%
b11 (
#668223270000
0!
0%
#668264935000
1!
1%
b100 (
#668306600000
0!
0%
#668348265000
1!
b00000010 #
1%
b00000010 '
b0 (
0)
#668389930000
0!
0%
#668431595000
1!
1%
b1 (
#668473260000
0!
0%
#668514925000
1!
1%
b10 (
#668556590000
0!
b00001010 #
0%
b00001010 '
1*
#668598255000
1!
1%
b11 (
#668639920000
0!
0%
#668681585000
1!
1%
b100 (
#668723250000
0!
0%
#668764915000
1!
b00001101 #
1%
b00001101 '
b0 (
1)
#668806580000
0!
0%
#668848245000
1!
1%
b1 (
#668889910000
0!
0%
#668931575000
1!
1%
b10 (
#668973240000
0!
b00000101 #
0%
b00000101 '
0*
#669014905000
1!
1%
b11 (
#669056570000
0!
0%
#669098235000
1!
1%
b100 (
#669139900000
0!
0%
#669181565000
1!
b00000010 #
1%
b00000010 '
b0 (
0)
#669223230000
0!
0%
#669264895000
1!
1%
b1 (
#669306560000
0!
0%
#669348225000
1!
1%
b10 (
#669389890000
0!
b00001010 #
0%
b00001010 '
1*
#669431555000
1!
1%
b11 (
#669473220000
0!
0%
#669514885000
1!
1%
b100 (
#669556550000
0!
0%
#669598215000
1!
b00001101 #
1%
b00001101 '
b0 (
1)
#669639880000
0!
0%
#669681545000
1!
1%
b1 (
#669723210000
0!
0%
#669764875000
1!
1%
b10 (
#669806540000
0!
b00000101 #
0%
b00000101 '
0*
#669848205000
1!
1%
b11 (
#669889870000
0!
0%
#669931535000
1!
1%
b100 (
#669973200000
0!
0%
#670014865000
1!
b00000010 #
1%
b00000010 '
b0 (
0)
#670056530000
0!
0%
#670098195000
1!
1%
b1 (
#670139860000
0!
0%
#670181525000
1!
1%
b10 (
#670223190000
0!
b00001010 #
0%
b00001010 '
1*
#670264855000
1!
1%
b11 (
#670306520000
0!
0%
#670348185000
1!
1%
b100 (
#670389850000
0!
0%
#670431515000
1!
b00001101 #
1%
b00001101 '
b0 (
1)
#670473180000
0!
0%
#670514845000
1!
1%
b1 (
#670556510000
0!
0%
#670598175000
1!
1%
b10 (
#670639840000
0!
b00000101 #
0%
b00000101 '
0*
#670681505000
1!
1%
b11 (
#670723170000
0!
0%
#670764835000
1!
1%
b100 (
#670806500000
0!
0%
#670848165000
1!
b00000010 #
1%
b00000010 '
b0 (
0)
#670889830000
0!
0%
#670931495000
1!
1%
b1 (
#670973160000
0!
0%
#671014825000
1!
1%
b10 (
#671056490000
0!
b00001010 #
0%
b00001010 '
1*
#671098155000
1!
1%
b11 (
#671139820000
0!
0%
#671181485000
1!
1%
b100 (
#671223150000
0!
0%
#671264815000
1!
b00001101 #
1%
b00001101 '
b0 (
1)
#671306480000
0!
0%
#671348145000
1!
1%
b1 (
#671389810000
0!
0%
#671431475000
1!
1%
b10 (
#671473140000
0!
b00000101 #
0%
b00000101 '
0*
#671514805000
1!
1%
b11 (
#671556470000
0!
0%
#671598135000
1!
1%
b100 (
#671639800000
0!
0%
#671681465000
1!
b00000010 #
1%
b00000010 '
b0 (
0)
#671723130000
0!
0%
#671764795000
1!
1%
b1 (
#671806460000
0!
0%
#671848125000
1!
1%
b10 (
#671889790000
0!
b00001010 #
0%
b00001010 '
1*
#671931455000
1!
1%
b11 (
#671973120000
0!
0%
#672014785000
1!
1%
b100 (
#672056450000
0!
0%
#672098115000
1!
b00001101 #
1%
b00001101 '
b0 (
1)
#672139780000
0!
0%
#672181445000
1!
1%
b1 (
#672223110000
0!
0%
#672264775000
1!
1%
b10 (
#672306440000
0!
b00000101 #
0%
b00000101 '
0*
#672348105000
1!
1%
b11 (
#672389770000
0!
0%
#672431435000
1!
1%
b100 (
#672473100000
0!
0%
#672514765000
1!
b00000010 #
1%
b00000010 '
b0 (
0)
#672556430000
0!
0%
#672598095000
1!
1%
b1 (
#672639760000
0!
0%
#672681425000
1!
1%
b10 (
#672723090000
0!
b00001010 #
0%
b00001010 '
1*
#672764755000
1!
1%
b11 (
#672806420000
0!
0%
#672848085000
1!
1%
b100 (
#672889750000
0!
0%
#672931415000
1!
b00001101 #
1%
b00001101 '
b0 (
1)
#672973080000
0!
0%
#673014745000
1!
1%
b1 (
#673056410000
0!
0%
#673098075000
1!
1%
b10 (
#673139740000
0!
b00000101 #
0%
b00000101 '
0*
#673181405000
1!
1%
b11 (
#673223070000
0!
0%
#673264735000
1!
1%
b100 (
#673306400000
0!
0%
#673348065000
1!
b00000010 #
1%
b00000010 '
b0 (
0)
#673389730000
0!
0%
#673431395000
1!
1%
b1 (
#673473060000
0!
0%
#673514725000
1!
1%
b10 (
#673556390000
0!
b00001010 #
0%
b00001010 '
1*
#673598055000
1!
1%
b11 (
#673639720000
0!
0%
#673681385000
1!
1%
b100 (
#673723050000
0!
0%
#673764715000
1!
b00001101 #
1%
b00001101 '
b0 (
1)
#673806380000
0!
0%
#673848045000
1!
1%
b1 (
#673889710000
0!
0%
#673931375000
1!
1%
b10 (
#673973040000
0!
b00000101 #
0%
b00000101 '
0*
#674014705000
1!
1%
b11 (
#674056370000
0!
0%
#674098035000
1!
1%
b100 (
#674139700000
0!
0%
#674181365000
1!
b00000010 #
1%
b00000010 '
b0 (
0)
#674223030000
0!
0%
#674264695000
1!
1%
b1 (
#674306360000
0!
0%
#674348025000
1!
1%
b10 (
#674389690000
0!
b00001010 #
0%
b00001010 '
1*
#674431355000
1!
1%
b11 (
#674473020000
0!
0%
#674514685000
1!
1%
b100 (
#674556350000
0!
0%
#674598015000
1!
b00001101 #
1%
b00001101 '
b0 (
1)
#674639680000
0!
0%
#674681345000
1!
1%
b1 (
#674723010000
0!
0%
#674764675000
1!
1%
b10 (
#674806340000
0!
b00000101 #
0%
b00000101 '
0*
#674848005000
1!
1%
b11 (
#674889670000
0!
0%
#674931335000
1!
1%
b100 (
#674973000000
0!
0%
#675014665000
1!
b00000010 #
1%
b00000010 '
b0 (
0)
#675056330000
0!
0%
#675097995000
1!
1%
b1 (
#675139660000
0!
0%
#675181325000
1!
1%
b10 (
#675222990000
0!
b00001010 #
0%
b00001010 '
1*
#675264655000
1!
1%
b11 (
#675306320000
0!
0%
#675347985000
1!
1%
b100 (
#675389650000
0!
0%
#675431315000
1!
b00001101 #
1%
b00001101 '
b0 (
1)
#675472980000
0!
0%
#675514645000
1!
1%
b1 (
#675556310000
0!
0%
#675597975000
1!
1%
b10 (
#675639640000
0!
b00000101 #
0%
b00000101 '
0*
#675681305000
1!
1%
b11 (
#675722970000
0!
0%
#675764635000
1!
1%
b100 (
#675806300000
0!
0%
#675847965000
1!
b00000010 #
1%
b00000010 '
b0 (
0)
#675889630000
0!
0%
#675931295000
1!
1%
b1 (
#675972960000
0!
0%
#676014625000
1!
1%
b10 (
#676056290000
0!
b00001010 #
0%
b00001010 '
1*
#676097955000
1!
1%
b11 (
#676139620000
0!
0%
#676181285000
1!
1%
b100 (
#676222950000
0!
0%
#676264615000
1!
b00001101 #
1%
b00001101 '
b0 (
1)
#676306280000
0!
0%
#676347945000
1!
1%
b1 (
#676389610000
0!
0%
#676431275000
1!
1%
b10 (
#676472940000
0!
b00000101 #
0%
b00000101 '
0*
#676514605000
1!
1%
b11 (
#676556270000
0!
0%
#676597935000
1!
1%
b100 (
#676639600000
0!
0%
#676681265000
1!
b00000010 #
1%
b00000010 '
b0 (
0)
#676722930000
0!
0%
#676764595000
1!
1%
b1 (
#676806260000
0!
0%
#676847925000
1!
1%
b10 (
#676889590000
0!
b00001010 #
0%
b00001010 '
1*
#676931255000
1!
1%
b11 (
#676972920000
0!
0%
#677014585000
1!
1%
b100 (
#677056250000
0!
0%
#677097915000
1!
b00001101 #
1%
b00001101 '
b0 (
1)
#677139580000
0!
0%
#677181245000
1!
1%
b1 (
#677222910000
0!
0%
#677264575000
1!
1%
b10 (
#677306240000
0!
b00000101 #
0%
b00000101 '
0*
#677347905000
1!
1%
b11 (
#677389570000
0!
0%
#677431235000
1!
1%
b100 (
#677472900000
0!
0%
#677514565000
1!
b00000010 #
1%
b00000010 '
b0 (
0)
#677556230000
0!
0%
#677597895000
1!
1%
b1 (
#677639560000
0!
0%
#677681225000
1!
1%
b10 (
#677722890000
0!
b00001010 #
0%
b00001010 '
1*
#677764555000
1!
1%
b11 (
#677806220000
0!
0%
#677847885000
1!
1%
b100 (
#677889550000
0!
0%
#677931215000
1!
b00001101 #
1%
b00001101 '
b0 (
1)
#677972880000
0!
0%
#678014545000
1!
1%
b1 (
#678056210000
0!
0%
#678097875000
1!
1%
b10 (
#678139540000
0!
b00000101 #
0%
b00000101 '
0*
#678181205000
1!
1%
b11 (
#678222870000
0!
0%
#678264535000
1!
1%
b100 (
#678306200000
0!
0%
#678347865000
1!
b00000010 #
1%
b00000010 '
b0 (
0)
#678389530000
0!
0%
#678431195000
1!
1%
b1 (
#678472860000
0!
0%
#678514525000
1!
1%
b10 (
#678556190000
0!
b00001010 #
0%
b00001010 '
1*
#678597855000
1!
1%
b11 (
#678639520000
0!
0%
#678681185000
1!
1%
b100 (
#678722850000
0!
0%
#678764515000
1!
b00001101 #
1%
b00001101 '
b0 (
1)
#678806180000
0!
0%
#678847845000
1!
1%
b1 (
#678889510000
0!
0%
#678931175000
1!
1%
b10 (
#678972840000
0!
b00000101 #
0%
b00000101 '
0*
#679014505000
1!
1%
b11 (
#679056170000
0!
0%
#679097835000
1!
1%
b100 (
#679139500000
0!
0%
#679181165000
1!
b00000010 #
1%
b00000010 '
b0 (
0)
#679222830000
0!
0%
#679264495000
1!
1%
b1 (
#679306160000
0!
0%
#679347825000
1!
1%
b10 (
#679389490000
0!
b00001010 #
0%
b00001010 '
1*
#679431155000
1!
1%
b11 (
#679472820000
0!
0%
#679514485000
1!
1%
b100 (
#679556150000
0!
0%
#679597815000
1!
b00001101 #
1%
b00001101 '
b0 (
1)
#679639480000
0!
0%
#679681145000
1!
1%
b1 (
#679722810000
0!
0%
#679764475000
1!
1%
b10 (
#679806140000
0!
b00000101 #
0%
b00000101 '
0*
#679847805000
1!
1%
b11 (
#679889470000
0!
0%
#679931135000
1!
1%
b100 (
#679972800000
0!
0%
#680014465000
1!
b00000010 #
1%
b00000010 '
b0 (
0)
#680056130000
0!
0%
#680097795000
1!
1%
b1 (
#680139460000
0!
0%
#680181125000
1!
1%
b10 (
#680222790000
0!
b00001010 #
0%
b00001010 '
1*
#680264455000
1!
1%
b11 (
#680306120000
0!
0%
#680347785000
1!
1%
b100 (
#680389450000
0!
0%
#680431115000
1!
b00001101 #
1%
b00001101 '
b0 (
1)
#680472780000
0!
0%
#680514445000
1!
1%
b1 (
#680556110000
0!
0%
#680597775000
1!
1%
b10 (
#680639440000
0!
b00000101 #
0%
b00000101 '
0*
#680681105000
1!
1%
b11 (
#680722770000
0!
0%
#680764435000
1!
1%
b100 (
#680806100000
0!
0%
#680847765000
1!
b00000010 #
1%
b00000010 '
b0 (
0)
#680889430000
0!
0%
#680931095000
1!
1%
b1 (
#680972760000
0!
0%
#681014425000
1!
1%
b10 (
#681056090000
0!
b00001010 #
0%
b00001010 '
1*
#681097755000
1!
1%
b11 (
#681139420000
0!
0%
#681181085000
1!
1%
b100 (
#681222750000
0!
0%
#681264415000
1!
b00001101 #
1%
b00001101 '
b0 (
1)
#681306080000
0!
0%
#681347745000
1!
1%
b1 (
#681389410000
0!
0%
#681431075000
1!
1%
b10 (
#681472740000
0!
b00000101 #
0%
b00000101 '
0*
#681514405000
1!
1%
b11 (
#681556070000
0!
0%
#681597735000
1!
1%
b100 (
#681639400000
0!
0%
#681681065000
1!
b00000010 #
1%
b00000010 '
b0 (
0)
#681722730000
0!
0%
#681764395000
1!
1%
b1 (
#681806060000
0!
0%
#681847725000
1!
1%
b10 (
#681889390000
0!
b00001010 #
0%
b00001010 '
1*
#681931055000
1!
1%
b11 (
#681972720000
0!
0%
#682014385000
1!
1%
b100 (
#682056050000
0!
0%
#682097715000
1!
b00001101 #
1%
b00001101 '
b0 (
1)
#682139380000
0!
0%
#682181045000
1!
1%
b1 (
#682222710000
0!
0%
#682264375000
1!
1%
b10 (
#682306040000
0!
b00000101 #
0%
b00000101 '
0*
#682347705000
1!
1%
b11 (
#682389370000
0!
0%
#682431035000
1!
1%
b100 (
#682472700000
0!
0%
#682514365000
1!
b00000010 #
1%
b00000010 '
b0 (
0)
#682556030000
0!
0%
#682597695000
1!
1%
b1 (
#682639360000
0!
0%
#682681025000
1!
1%
b10 (
#682722690000
0!
b00001010 #
0%
b00001010 '
1*
#682764355000
1!
1%
b11 (
#682806020000
0!
0%
#682847685000
1!
1%
b100 (
#682889350000
0!
0%
#682931015000
1!
b00001101 #
1%
b00001101 '
b0 (
1)
#682972680000
0!
0%
#683014345000
1!
1%
b1 (
#683056010000
0!
0%
#683097675000
1!
1%
b10 (
#683139340000
0!
b00000101 #
0%
b00000101 '
0*
#683181005000
1!
1%
b11 (
#683222670000
0!
0%
#683264335000
1!
1%
b100 (
#683306000000
0!
0%
#683347665000
1!
b00000010 #
1%
b00000010 '
b0 (
0)
#683389330000
0!
0%
#683430995000
1!
1%
b1 (
#683472660000
0!
0%
#683514325000
1!
1%
b10 (
#683555990000
0!
b00001010 #
0%
b00001010 '
1*
#683597655000
1!
1%
b11 (
#683639320000
0!
0%
#683680985000
1!
1%
b100 (
#683722650000
0!
0%
#683764315000
1!
b00001101 #
1%
b00001101 '
b0 (
1)
#683805980000
0!
0%
#683847645000
1!
1%
b1 (
#683889310000
0!
0%
#683930975000
1!
1%
b10 (
#683972640000
0!
b00000101 #
0%
b00000101 '
0*
#684014305000
1!
1%
b11 (
#684055970000
0!
0%
#684097635000
1!
1%
b100 (
#684139300000
0!
0%
#684180965000
1!
b00000010 #
1%
b00000010 '
b0 (
0)
#684222630000
0!
0%
#684264295000
1!
1%
b1 (
#684305960000
0!
0%
#684347625000
1!
1%
b10 (
#684389290000
0!
b00001010 #
0%
b00001010 '
1*
#684430955000
1!
1%
b11 (
#684472620000
0!
0%
#684514285000
1!
1%
b100 (
#684555950000
0!
0%
#684597615000
1!
b00001101 #
1%
b00001101 '
b0 (
1)
#684639280000
0!
0%
#684680945000
1!
1%
b1 (
#684722610000
0!
0%
#684764275000
1!
1%
b10 (
#684805940000
0!
b00000101 #
0%
b00000101 '
0*
#684847605000
1!
1%
b11 (
#684889270000
0!
0%
#684930935000
1!
1%
b100 (
#684972600000
0!
0%
#685014265000
1!
b00000010 #
1%
b00000010 '
b0 (
0)
#685055930000
0!
0%
#685097595000
1!
1%
b1 (
#685139260000
0!
0%
#685180925000
1!
1%
b10 (
#685222590000
0!
b00001010 #
0%
b00001010 '
1*
#685264255000
1!
1%
b11 (
#685305920000
0!
0%
#685347585000
1!
1%
b100 (
#685389250000
0!
0%
#685430915000
1!
b00001101 #
1%
b00001101 '
b0 (
1)
#685472580000
0!
0%
#685514245000
1!
1%
b1 (
#685555910000
0!
0%
#685597575000
1!
1%
b10 (
#685639240000
0!
b00000101 #
0%
b00000101 '
0*
#685680905000
1!
1%
b11 (
#685722570000
0!
0%
#685764235000
1!
1%
b100 (
#685805900000
0!
0%
#685847565000
1!
b00000010 #
1%
b00000010 '
b0 (
0)
#685889230000
0!
0%
#685930895000
1!
1%
b1 (
#685972560000
0!
0%
#686014225000
1!
1%
b10 (
#686055890000
0!
b00001010 #
0%
b00001010 '
1*
#686097555000
1!
1%
b11 (
#686139220000
0!
0%
#686180885000
1!
1%
b100 (
#686222550000
0!
0%
#686264215000
1!
b00001101 #
1%
b00001101 '
b0 (
1)
#686305880000
0!
0%
#686347545000
1!
1%
b1 (
#686389210000
0!
0%
#686430875000
1!
1%
b10 (
#686472540000
0!
b00000101 #
0%
b00000101 '
0*
#686514205000
1!
1%
b11 (
#686555870000
0!
0%
#686597535000
1!
1%
b100 (
#686639200000
0!
0%
#686680865000
1!
b00000010 #
1%
b00000010 '
b0 (
0)
#686722530000
0!
0%
#686764195000
1!
1%
b1 (
#686805860000
0!
0%
#686847525000
1!
1%
b10 (
#686889190000
0!
b00001010 #
0%
b00001010 '
1*
#686930855000
1!
1%
b11 (
#686972520000
0!
0%
#687014185000
1!
1%
b100 (
#687055850000
0!
0%
#687097515000
1!
b00001101 #
1%
b00001101 '
b0 (
1)
#687139180000
0!
0%
#687180845000
1!
1%
b1 (
#687222510000
0!
0%
#687264175000
1!
1%
b10 (
#687305840000
0!
b00000101 #
0%
b00000101 '
0*
#687347505000
1!
1%
b11 (
#687389170000
0!
0%
#687430835000
1!
1%
b100 (
#687472500000
0!
0%
#687514165000
1!
b00000010 #
1%
b00000010 '
b0 (
0)
#687555830000
0!
0%
#687597495000
1!
1%
b1 (
#687639160000
0!
0%
#687680825000
1!
1%
b10 (
#687722490000
0!
b00001010 #
0%
b00001010 '
1*
#687764155000
1!
1%
b11 (
#687805820000
0!
0%
#687847485000
1!
1%
b100 (
#687889150000
0!
0%
#687930815000
1!
b00001101 #
1%
b00001101 '
b0 (
1)
#687972480000
0!
0%
#688014145000
1!
1%
b1 (
#688055810000
0!
0%
#688097475000
1!
1%
b10 (
#688139140000
0!
b00000101 #
0%
b00000101 '
0*
#688180805000
1!
1%
b11 (
#688222470000
0!
0%
#688264135000
1!
1%
b100 (
#688305800000
0!
0%
#688347465000
1!
b00000010 #
1%
b00000010 '
b0 (
0)
#688389130000
0!
0%
#688430795000
1!
1%
b1 (
#688472460000
0!
0%
#688514125000
1!
1%
b10 (
#688555790000
0!
b00001010 #
0%
b00001010 '
1*
#688597455000
1!
1%
b11 (
#688639120000
0!
0%
#688680785000
1!
1%
b100 (
#688722450000
0!
0%
#688764115000
1!
b00001101 #
1%
b00001101 '
b0 (
1)
#688805780000
0!
0%
#688847445000
1!
1%
b1 (
#688889110000
0!
0%
#688930775000
1!
1%
b10 (
#688972440000
0!
b00000101 #
0%
b00000101 '
0*
#689014105000
1!
1%
b11 (
#689055770000
0!
0%
#689097435000
1!
1%
b100 (
#689139100000
0!
0%
#689180765000
1!
b00000010 #
1%
b00000010 '
b0 (
0)
#689222430000
0!
0%
#689264095000
1!
1%
b1 (
#689305760000
0!
0%
#689347425000
1!
1%
b10 (
#689389090000
0!
b00001010 #
0%
b00001010 '
1*
#689430755000
1!
1%
b11 (
#689472420000
0!
0%
#689514085000
1!
1%
b100 (
#689555750000
0!
0%
#689597415000
1!
b00001101 #
1%
b00001101 '
b0 (
1)
#689639080000
0!
0%
#689680745000
1!
1%
b1 (
#689722410000
0!
0%
#689764075000
1!
1%
b10 (
#689805740000
0!
b00000101 #
0%
b00000101 '
0*
#689847405000
1!
1%
b11 (
#689889070000
0!
0%
#689930735000
1!
1%
b100 (
#689972400000
0!
0%
#690014065000
1!
b00000010 #
1%
b00000010 '
b0 (
0)
#690055730000
0!
0%
#690097395000
1!
1%
b1 (
#690139060000
0!
0%
#690180725000
1!
1%
b10 (
#690222390000
0!
b00001010 #
0%
b00001010 '
1*
#690264055000
1!
1%
b11 (
#690305720000
0!
0%
#690347385000
1!
1%
b100 (
#690389050000
0!
0%
#690430715000
1!
b00001101 #
1%
b00001101 '
b0 (
1)
#690472380000
0!
0%
#690514045000
1!
1%
b1 (
#690555710000
0!
0%
#690597375000
1!
1%
b10 (
#690639040000
0!
b00000101 #
0%
b00000101 '
0*
#690680705000
1!
1%
b11 (
#690722370000
0!
0%
#690764035000
1!
1%
b100 (
#690805700000
0!
0%
#690847365000
1!
b00000010 #
1%
b00000010 '
b0 (
0)
#690889030000
0!
0%
#690930695000
1!
1%
b1 (
#690972360000
0!
0%
#691014025000
1!
1%
b10 (
#691055690000
0!
b00001010 #
0%
b00001010 '
1*
#691097355000
1!
1%
b11 (
#691139020000
0!
0%
#691180685000
1!
1%
b100 (
#691222350000
0!
0%
#691264015000
1!
b00001101 #
1%
b00001101 '
b0 (
1)
#691305680000
0!
0%
#691347345000
1!
1%
b1 (
#691389010000
0!
0%
#691430675000
1!
1%
b10 (
#691472340000
0!
b00000101 #
0%
b00000101 '
0*
#691514005000
1!
1%
b11 (
#691555670000
0!
0%
#691597335000
1!
1%
b100 (
#691639000000
0!
0%
#691680665000
1!
b00000010 #
1%
b00000010 '
b0 (
0)
#691722330000
0!
0%
#691763995000
1!
1%
b1 (
#691805660000
0!
0%
#691847325000
1!
1%
b10 (
#691888990000
0!
b00001010 #
0%
b00001010 '
1*
#691930655000
1!
1%
b11 (
#691972320000
0!
0%
#692013985000
1!
1%
b100 (
#692055650000
0!
0%
#692097315000
1!
b00001101 #
1%
b00001101 '
b0 (
1)
#692138980000
0!
0%
#692180645000
1!
1%
b1 (
#692222310000
0!
0%
#692263975000
1!
1%
b10 (
#692305640000
0!
b00000101 #
0%
b00000101 '
0*
#692347305000
1!
1%
b11 (
#692388970000
0!
0%
#692430635000
1!
1%
b100 (
#692472300000
0!
0%
#692513965000
1!
b00000010 #
1%
b00000010 '
b0 (
0)
#692555630000
0!
0%
#692597295000
1!
1%
b1 (
#692638960000
0!
0%
#692680625000
1!
1%
b10 (
#692722290000
0!
b00001010 #
0%
b00001010 '
1*
#692763955000
1!
1%
b11 (
#692805620000
0!
0%
#692847285000
1!
1%
b100 (
#692888950000
0!
0%
#692930615000
1!
b00001101 #
1%
b00001101 '
b0 (
1)
#692972280000
0!
0%
#693013945000
1!
1%
b1 (
#693055610000
0!
0%
#693097275000
1!
1%
b10 (
#693138940000
0!
b00000101 #
0%
b00000101 '
0*
#693180605000
1!
1%
b11 (
#693222270000
0!
0%
#693263935000
1!
1%
b100 (
#693305600000
0!
0%
#693347265000
1!
b00000010 #
1%
b00000010 '
b0 (
0)
#693388930000
0!
0%
#693430595000
1!
1%
b1 (
#693472260000
0!
0%
#693513925000
1!
1%
b10 (
#693555590000
0!
b00001010 #
0%
b00001010 '
1*
#693597255000
1!
1%
b11 (
#693638920000
0!
0%
#693680585000
1!
1%
b100 (
#693722250000
0!
0%
#693763915000
1!
b00001101 #
1%
b00001101 '
b0 (
1)
#693805580000
0!
0%
#693847245000
1!
1%
b1 (
#693888910000
0!
0%
#693930575000
1!
1%
b10 (
#693972240000
0!
b00000101 #
0%
b00000101 '
0*
#694013905000
1!
1%
b11 (
#694055570000
0!
0%
#694097235000
1!
1%
b100 (
#694138900000
0!
0%
#694180565000
1!
b00000010 #
1%
b00000010 '
b0 (
0)
#694222230000
0!
0%
#694263895000
1!
1%
b1 (
#694305560000
0!
0%
#694347225000
1!
1%
b10 (
#694388890000
0!
b00001010 #
0%
b00001010 '
1*
#694430555000
1!
1%
b11 (
#694472220000
0!
0%
#694513885000
1!
1%
b100 (
#694555550000
0!
0%
#694597215000
1!
b00001101 #
1%
b00001101 '
b0 (
1)
#694638880000
0!
0%
#694680545000
1!
1%
b1 (
#694722210000
0!
0%
#694763875000
1!
1%
b10 (
#694805540000
0!
b00000101 #
0%
b00000101 '
0*
#694847205000
1!
1%
b11 (
#694888870000
0!
0%
#694930535000
1!
1%
b100 (
#694972200000
0!
0%
#695013865000
1!
b00000010 #
1%
b00000010 '
b0 (
0)
#695055530000
0!
0%
#695097195000
1!
1%
b1 (
#695138860000
0!
0%
#695180525000
1!
1%
b10 (
#695222190000
0!
b00001010 #
0%
b00001010 '
1*
#695263855000
1!
1%
b11 (
#695305520000
0!
0%
#695347185000
1!
1%
b100 (
#695388850000
0!
0%
#695430515000
1!
b00001101 #
1%
b00001101 '
b0 (
1)
#695472180000
0!
0%
#695513845000
1!
1%
b1 (
#695555510000
0!
0%
#695597175000
1!
1%
b10 (
#695638840000
0!
b00000101 #
0%
b00000101 '
0*
#695680505000
1!
1%
b11 (
#695722170000
0!
0%
#695763835000
1!
1%
b100 (
#695805500000
0!
0%
#695847165000
1!
b00000010 #
1%
b00000010 '
b0 (
0)
#695888830000
0!
0%
#695930495000
1!
1%
b1 (
#695972160000
0!
0%
#696013825000
1!
1%
b10 (
#696055490000
0!
b00001010 #
0%
b00001010 '
1*
#696097155000
1!
1%
b11 (
#696138820000
0!
0%
#696180485000
1!
1%
b100 (
#696222150000
0!
0%
#696263815000
1!
b00001101 #
1%
b00001101 '
b0 (
1)
#696305480000
0!
0%
#696347145000
1!
1%
b1 (
#696388810000
0!
0%
#696430475000
1!
1%
b10 (
#696472140000
0!
b00000101 #
0%
b00000101 '
0*
#696513805000
1!
1%
b11 (
#696555470000
0!
0%
#696597135000
1!
1%
b100 (
#696638800000
0!
0%
#696680465000
1!
b00000010 #
1%
b00000010 '
b0 (
0)
#696722130000
0!
0%
#696763795000
1!
1%
b1 (
#696805460000
0!
0%
#696847125000
1!
1%
b10 (
#696888790000
0!
b00001010 #
0%
b00001010 '
1*
#696930455000
1!
1%
b11 (
#696972120000
0!
0%
#697013785000
1!
1%
b100 (
#697055450000
0!
0%
#697097115000
1!
b00001101 #
1%
b00001101 '
b0 (
1)
#697138780000
0!
0%
#697180445000
1!
1%
b1 (
#697222110000
0!
0%
#697263775000
1!
1%
b10 (
#697305440000
0!
b00000101 #
0%
b00000101 '
0*
#697347105000
1!
1%
b11 (
#697388770000
0!
0%
#697430435000
1!
1%
b100 (
#697472100000
0!
0%
#697513765000
1!
b00000010 #
1%
b00000010 '
b0 (
0)
#697555430000
0!
0%
#697597095000
1!
1%
b1 (
#697638760000
0!
0%
#697680425000
1!
1%
b10 (
#697722090000
0!
b00001010 #
0%
b00001010 '
1*
#697763755000
1!
1%
b11 (
#697805420000
0!
0%
#697847085000
1!
1%
b100 (
#697888750000
0!
0%
#697930415000
1!
b00001101 #
1%
b00001101 '
b0 (
1)
#697972080000
0!
0%
#698013745000
1!
1%
b1 (
#698055410000
0!
0%
#698097075000
1!
1%
b10 (
#698138740000
0!
b00000101 #
0%
b00000101 '
0*
#698180405000
1!
1%
b11 (
#698222070000
0!
0%
#698263735000
1!
1%
b100 (
#698305400000
0!
0%
#698347065000
1!
b00000010 #
1%
b00000010 '
b0 (
0)
#698388730000
0!
0%
#698430395000
1!
1%
b1 (
#698472060000
0!
0%
#698513725000
1!
1%
b10 (
#698555390000
0!
b00001010 #
0%
b00001010 '
1*
#698597055000
1!
1%
b11 (
#698638720000
0!
0%
#698680385000
1!
1%
b100 (
#698722050000
0!
0%
#698763715000
1!
b00001101 #
1%
b00001101 '
b0 (
1)
#698805380000
0!
0%
#698847045000
1!
1%
b1 (
#698888710000
0!
0%
#698930375000
1!
1%
b10 (
#698972040000
0!
b00000101 #
0%
b00000101 '
0*
#699013705000
1!
1%
b11 (
#699055370000
0!
0%
#699097035000
1!
1%
b100 (
#699138700000
0!
0%
#699180365000
1!
b00000010 #
1%
b00000010 '
b0 (
0)
#699222030000
0!
0%
#699263695000
1!
1%
b1 (
#699305360000
0!
0%
#699347025000
1!
1%
b10 (
#699388690000
0!
b00001010 #
0%
b00001010 '
1*
#699430355000
1!
1%
b11 (
#699472020000
0!
0%
#699513685000
1!
1%
b100 (
#699555350000
0!
0%
#699597015000
1!
b00001101 #
1%
b00001101 '
b0 (
1)
#699638680000
0!
0%
#699680345000
1!
1%
b1 (
#699722010000
0!
0%
#699763675000
1!
1%
b10 (
#699805340000
0!
b00000101 #
0%
b00000101 '
0*
#699847005000
1!
1%
b11 (
#699888670000
0!
0%
#699930335000
1!
1%
b100 (
#699972000000
0!
0%
#700013665000
1!
b00000010 #
1%
b00000010 '
b0 (
0)
#700055330000
0!
0%
#700096995000
1!
1%
b1 (
#700138660000
0!
0%
#700180325000
1!
1%
b10 (
#700221990000
0!
b00001010 #
0%
b00001010 '
1*
#700263655000
1!
1%
b11 (
#700305320000
0!
0%
#700346985000
1!
1%
b100 (
#700388650000
0!
0%
#700430315000
1!
b00001101 #
1%
b00001101 '
b0 (
1)
#700471980000
0!
0%
#700513645000
1!
1%
b1 (
#700555310000
0!
0%
#700596975000
1!
1%
b10 (
#700638640000
0!
b00000101 #
0%
b00000101 '
0*
#700680305000
1!
1%
b11 (
#700721970000
0!
0%
#700763635000
1!
1%
b100 (
#700805300000
0!
0%
#700846965000
1!
b00000010 #
1%
b00000010 '
b0 (
0)
#700888630000
0!
0%
#700930295000
1!
1%
b1 (
#700971960000
0!
0%
#701013625000
1!
1%
b10 (
#701055290000
0!
b00001010 #
0%
b00001010 '
1*
#701096955000
1!
1%
b11 (
#701138620000
0!
0%
#701180285000
1!
1%
b100 (
#701221950000
0!
0%
#701263615000
1!
b00001101 #
1%
b00001101 '
b0 (
1)
#701305280000
0!
0%
#701346945000
1!
1%
b1 (
#701388610000
0!
0%
#701430275000
1!
1%
b10 (
#701471940000
0!
b00000101 #
0%
b00000101 '
0*
#701513605000
1!
1%
b11 (
#701555270000
0!
0%
#701596935000
1!
1%
b100 (
#701638600000
0!
0%
#701680265000
1!
b00000010 #
1%
b00000010 '
b0 (
0)
#701721930000
0!
0%
#701763595000
1!
1%
b1 (
#701805260000
0!
0%
#701846925000
1!
1%
b10 (
#701888590000
0!
b00001010 #
0%
b00001010 '
1*
#701930255000
1!
1%
b11 (
#701971920000
0!
0%
#702013585000
1!
1%
b100 (
#702055250000
0!
0%
#702096915000
1!
b00001101 #
1%
b00001101 '
b0 (
1)
#702138580000
0!
0%
#702180245000
1!
1%
b1 (
#702221910000
0!
0%
#702263575000
1!
1%
b10 (
#702305240000
0!
b00000101 #
0%
b00000101 '
0*
#702346905000
1!
1%
b11 (
#702388570000
0!
0%
#702430235000
1!
1%
b100 (
#702471900000
0!
0%
#702513565000
1!
b00000010 #
1%
b00000010 '
b0 (
0)
#702555230000
0!
0%
#702596895000
1!
1%
b1 (
#702638560000
0!
0%
#702680225000
1!
1%
b10 (
#702721890000
0!
b00001010 #
0%
b00001010 '
1*
#702763555000
1!
1%
b11 (
#702805220000
0!
0%
#702846885000
1!
1%
b100 (
#702888550000
0!
0%
#702930215000
1!
b00001101 #
1%
b00001101 '
b0 (
1)
#702971880000
0!
0%
#703013545000
1!
1%
b1 (
#703055210000
0!
0%
#703096875000
1!
1%
b10 (
#703138540000
0!
b00000101 #
0%
b00000101 '
0*
#703180205000
1!
1%
b11 (
#703221870000
0!
0%
#703263535000
1!
1%
b100 (
#703305200000
0!
0%
#703346865000
1!
b00000010 #
1%
b00000010 '
b0 (
0)
#703388530000
0!
0%
#703430195000
1!
1%
b1 (
#703471860000
0!
0%
#703513525000
1!
1%
b10 (
#703555190000
0!
b00001010 #
0%
b00001010 '
1*
#703596855000
1!
1%
b11 (
#703638520000
0!
0%
#703680185000
1!
1%
b100 (
#703721850000
0!
0%
#703763515000
1!
b00001101 #
1%
b00001101 '
b0 (
1)
#703805180000
0!
0%
#703846845000
1!
1%
b1 (
#703888510000
0!
0%
#703930175000
1!
1%
b10 (
#703971840000
0!
b00000101 #
0%
b00000101 '
0*
#704013505000
1!
1%
b11 (
#704055170000
0!
0%
#704096835000
1!
1%
b100 (
#704138500000
0!
0%
#704180165000
1!
b00000010 #
1%
b00000010 '
b0 (
0)
#704221830000
0!
0%
#704263495000
1!
1%
b1 (
#704305160000
0!
0%
#704346825000
1!
1%
b10 (
#704388490000
0!
b00001010 #
0%
b00001010 '
1*
#704430155000
1!
1%
b11 (
#704471820000
0!
0%
#704513485000
1!
1%
b100 (
#704555150000
0!
0%
#704596815000
1!
b00001101 #
1%
b00001101 '
b0 (
1)
#704638480000
0!
0%
#704680145000
1!
1%
b1 (
#704721810000
0!
0%
#704763475000
1!
1%
b10 (
#704805140000
0!
b00000101 #
0%
b00000101 '
0*
#704846805000
1!
1%
b11 (
#704888470000
0!
0%
#704930135000
1!
1%
b100 (
#704971800000
0!
0%
#705013465000
1!
b00000010 #
1%
b00000010 '
b0 (
0)
#705055130000
0!
0%
#705096795000
1!
1%
b1 (
#705138460000
0!
0%
#705180125000
1!
1%
b10 (
#705221790000
0!
b00001010 #
0%
b00001010 '
1*
#705263455000
1!
1%
b11 (
#705305120000
0!
0%
#705346785000
1!
1%
b100 (
#705388450000
0!
0%
#705430115000
1!
b00001101 #
1%
b00001101 '
b0 (
1)
#705471780000
0!
0%
#705513445000
1!
1%
b1 (
#705555110000
0!
0%
#705596775000
1!
1%
b10 (
#705638440000
0!
b00000101 #
0%
b00000101 '
0*
#705680105000
1!
1%
b11 (
#705721770000
0!
0%
#705763435000
1!
1%
b100 (
#705805100000
0!
0%
#705846765000
1!
b00000010 #
1%
b00000010 '
b0 (
0)
#705888430000
0!
0%
#705930095000
1!
1%
b1 (
#705971760000
0!
0%
#706013425000
1!
1%
b10 (
#706055090000
0!
b00001010 #
0%
b00001010 '
1*
#706096755000
1!
1%
b11 (
#706138420000
0!
0%
#706180085000
1!
1%
b100 (
#706221750000
0!
0%
#706263415000
1!
b00001101 #
1%
b00001101 '
b0 (
1)
#706305080000
0!
0%
#706346745000
1!
1%
b1 (
#706388410000
0!
0%
#706430075000
1!
1%
b10 (
#706471740000
0!
b00000101 #
0%
b00000101 '
0*
#706513405000
1!
1%
b11 (
#706555070000
0!
0%
#706596735000
1!
1%
b100 (
#706638400000
0!
0%
#706680065000
1!
b00000010 #
1%
b00000010 '
b0 (
0)
#706721730000
0!
0%
#706763395000
1!
1%
b1 (
#706805060000
0!
0%
#706846725000
1!
1%
b10 (
#706888390000
0!
b00001010 #
0%
b00001010 '
1*
#706930055000
1!
1%
b11 (
#706971720000
0!
0%
#707013385000
1!
1%
b100 (
#707055050000
0!
0%
#707096715000
1!
b00001101 #
1%
b00001101 '
b0 (
1)
#707138380000
0!
0%
#707180045000
1!
1%
b1 (
#707221710000
0!
0%
#707263375000
1!
1%
b10 (
#707305040000
0!
b00000101 #
0%
b00000101 '
0*
#707346705000
1!
1%
b11 (
#707388370000
0!
0%
#707430035000
1!
1%
b100 (
#707471700000
0!
0%
#707513365000
1!
b00000010 #
1%
b00000010 '
b0 (
0)
#707555030000
0!
0%
#707596695000
1!
1%
b1 (
#707638360000
0!
0%
#707680025000
1!
1%
b10 (
#707721690000
0!
b00001010 #
0%
b00001010 '
1*
#707763355000
1!
1%
b11 (
#707805020000
0!
0%
#707846685000
1!
1%
b100 (
#707888350000
0!
0%
#707930015000
1!
b00001101 #
1%
b00001101 '
b0 (
1)
#707971680000
0!
0%
#708013345000
1!
1%
b1 (
#708055010000
0!
0%
#708096675000
1!
1%
b10 (
#708138340000
0!
b00000101 #
0%
b00000101 '
0*
#708180005000
1!
1%
b11 (
#708221670000
0!
0%
#708263335000
1!
1%
b100 (
#708305000000
0!
0%
#708346665000
1!
b00000010 #
1%
b00000010 '
b0 (
0)
#708388330000
0!
0%
#708429995000
1!
1%
b1 (
#708471660000
0!
0%
#708513325000
1!
1%
b10 (
#708554990000
0!
b00001010 #
0%
b00001010 '
1*
#708596655000
1!
1%
b11 (
#708638320000
0!
0%
#708679985000
1!
1%
b100 (
#708721650000
0!
0%
#708763315000
1!
b00001101 #
1%
b00001101 '
b0 (
1)
#708804980000
0!
0%
#708846645000
1!
1%
b1 (
#708888310000
0!
0%
#708929975000
1!
1%
b10 (
#708971640000
0!
b00000101 #
0%
b00000101 '
0*
#709013305000
1!
1%
b11 (
#709054970000
0!
0%
#709096635000
1!
1%
b100 (
#709138300000
0!
0%
#709179965000
1!
b00000010 #
1%
b00000010 '
b0 (
0)
#709221630000
0!
0%
#709263295000
1!
1%
b1 (
#709304960000
0!
0%
#709346625000
1!
1%
b10 (
#709388290000
0!
b00001010 #
0%
b00001010 '
1*
#709429955000
1!
1%
b11 (
#709471620000
0!
0%
#709513285000
1!
1%
b100 (
#709554950000
0!
0%
#709596615000
1!
b00001101 #
1%
b00001101 '
b0 (
1)
#709638280000
0!
0%
#709679945000
1!
1%
b1 (
#709721610000
0!
0%
#709763275000
1!
1%
b10 (
#709804940000
0!
b00000101 #
0%
b00000101 '
0*
#709846605000
1!
1%
b11 (
#709888270000
0!
0%
#709929935000
1!
1%
b100 (
#709971600000
0!
0%
#710013265000
1!
b00000010 #
1%
b00000010 '
b0 (
0)
#710054930000
0!
0%
#710096595000
1!
1%
b1 (
#710138260000
0!
0%
#710179925000
1!
1%
b10 (
#710221590000
0!
b00001010 #
0%
b00001010 '
1*
#710263255000
1!
1%
b11 (
#710304920000
0!
0%
#710346585000
1!
1%
b100 (
#710388250000
0!
0%
#710429915000
1!
b00001101 #
1%
b00001101 '
b0 (
1)
#710471580000
0!
0%
#710513245000
1!
1%
b1 (
#710554910000
0!
0%
#710596575000
1!
1%
b10 (
#710638240000
0!
b00000101 #
0%
b00000101 '
0*
#710679905000
1!
1%
b11 (
#710721570000
0!
0%
#710763235000
1!
1%
b100 (
#710804900000
0!
0%
#710846565000
1!
b00000010 #
1%
b00000010 '
b0 (
0)
#710888230000
0!
0%
#710929895000
1!
1%
b1 (
#710971560000
0!
0%
#711013225000
1!
1%
b10 (
#711054890000
0!
b00001010 #
0%
b00001010 '
1*
#711096555000
1!
1%
b11 (
#711138220000
0!
0%
#711179885000
1!
1%
b100 (
#711221550000
0!
0%
#711263215000
1!
b00001101 #
1%
b00001101 '
b0 (
1)
#711304880000
0!
0%
#711346545000
1!
1%
b1 (
#711388210000
0!
0%
#711429875000
1!
1%
b10 (
#711471540000
0!
b00000101 #
0%
b00000101 '
0*
#711513205000
1!
1%
b11 (
#711554870000
0!
0%
#711596535000
1!
1%
b100 (
#711638200000
0!
0%
#711679865000
1!
b00000010 #
1%
b00000010 '
b0 (
0)
#711721530000
0!
0%
#711763195000
1!
1%
b1 (
#711804860000
0!
0%
#711846525000
1!
1%
b10 (
#711888190000
0!
b00001010 #
0%
b00001010 '
1*
#711929855000
1!
1%
b11 (
#711971520000
0!
0%
#712013185000
1!
1%
b100 (
#712054850000
0!
0%
#712096515000
1!
b00001101 #
1%
b00001101 '
b0 (
1)
#712138180000
0!
0%
#712179845000
1!
1%
b1 (
#712221510000
0!
0%
#712263175000
1!
1%
b10 (
#712304840000
0!
b00000101 #
0%
b00000101 '
0*
#712346505000
1!
1%
b11 (
#712388170000
0!
0%
#712429835000
1!
1%
b100 (
#712471500000
0!
0%
#712513165000
1!
b00000010 #
1%
b00000010 '
b0 (
0)
#712554830000
0!
0%
#712596495000
1!
1%
b1 (
#712638160000
0!
0%
#712679825000
1!
1%
b10 (
#712721490000
0!
b00001010 #
0%
b00001010 '
1*
#712763155000
1!
1%
b11 (
#712804820000
0!
0%
#712846485000
1!
1%
b100 (
#712888150000
0!
0%
#712929815000
1!
b00001101 #
1%
b00001101 '
b0 (
1)
#712971480000
0!
0%
#713013145000
1!
1%
b1 (
#713054810000
0!
0%
#713096475000
1!
1%
b10 (
#713138140000
0!
b00000101 #
0%
b00000101 '
0*
#713179805000
1!
1%
b11 (
#713221470000
0!
0%
#713263135000
1!
1%
b100 (
#713304800000
0!
0%
#713346465000
1!
b00000010 #
1%
b00000010 '
b0 (
0)
#713388130000
0!
0%
#713429795000
1!
1%
b1 (
#713471460000
0!
0%
#713513125000
1!
1%
b10 (
#713554790000
0!
b00001010 #
0%
b00001010 '
1*
#713596455000
1!
1%
b11 (
#713638120000
0!
0%
#713679785000
1!
1%
b100 (
#713721450000
0!
0%
#713763115000
1!
b00001101 #
1%
b00001101 '
b0 (
1)
#713804780000
0!
0%
#713846445000
1!
1%
b1 (
#713888110000
0!
0%
#713929775000
1!
1%
b10 (
#713971440000
0!
b00000101 #
0%
b00000101 '
0*
#714013105000
1!
1%
b11 (
#714054770000
0!
0%
#714096435000
1!
1%
b100 (
#714138100000
0!
0%
#714179765000
1!
b00000010 #
1%
b00000010 '
b0 (
0)
#714221430000
0!
0%
#714263095000
1!
1%
b1 (
#714304760000
0!
0%
#714346425000
1!
1%
b10 (
#714388090000
0!
b00001010 #
0%
b00001010 '
1*
#714429755000
1!
1%
b11 (
#714471420000
0!
0%
#714513085000
1!
1%
b100 (
#714554750000
0!
0%
#714596415000
1!
b00001101 #
1%
b00001101 '
b0 (
1)
#714638080000
0!
0%
#714679745000
1!
1%
b1 (
#714721410000
0!
0%
#714763075000
1!
1%
b10 (
#714804740000
0!
b00000101 #
0%
b00000101 '
0*
#714846405000
1!
1%
b11 (
#714888070000
0!
0%
#714929735000
1!
1%
b100 (
#714971400000
0!
0%
#715013065000
1!
b00000010 #
1%
b00000010 '
b0 (
0)
#715054730000
0!
0%
#715096395000
1!
1%
b1 (
#715138060000
0!
0%
#715179725000
1!
1%
b10 (
#715221390000
0!
b00001010 #
0%
b00001010 '
1*
#715263055000
1!
1%
b11 (
#715304720000
0!
0%
#715346385000
1!
1%
b100 (
#715388050000
0!
0%
#715429715000
1!
b00001101 #
1%
b00001101 '
b0 (
1)
#715471380000
0!
0%
#715513045000
1!
1%
b1 (
#715554710000
0!
0%
#715596375000
1!
1%
b10 (
#715638040000
0!
b00000101 #
0%
b00000101 '
0*
#715679705000
1!
1%
b11 (
#715721370000
0!
0%
#715763035000
1!
1%
b100 (
#715804700000
0!
0%
#715846365000
1!
b00000010 #
1%
b00000010 '
b0 (
0)
#715888030000
0!
0%
#715929695000
1!
1%
b1 (
#715971360000
0!
0%
#716013025000
1!
1%
b10 (
#716054690000
0!
b00001010 #
0%
b00001010 '
1*
#716096355000
1!
1%
b11 (
#716138020000
0!
0%
#716179685000
1!
1%
b100 (
#716221350000
0!
0%
#716263015000
1!
b00001101 #
1%
b00001101 '
b0 (
1)
#716304680000
0!
0%
#716346345000
1!
1%
b1 (
#716388010000
0!
0%
#716429675000
1!
1%
b10 (
#716471340000
0!
b00000101 #
0%
b00000101 '
0*
#716513005000
1!
1%
b11 (
#716554670000
0!
0%
#716596335000
1!
1%
b100 (
#716638000000
0!
0%
#716679665000
1!
b00000010 #
1%
b00000010 '
b0 (
0)
#716721330000
0!
0%
#716762995000
1!
1%
b1 (
#716804660000
0!
0%
#716846325000
1!
1%
b10 (
#716887990000
0!
b00001010 #
0%
b00001010 '
1*
#716929655000
1!
1%
b11 (
#716971320000
0!
0%
#717012985000
1!
1%
b100 (
#717054650000
0!
0%
#717096315000
1!
b00001101 #
1%
b00001101 '
b0 (
1)
#717137980000
0!
0%
#717179645000
1!
1%
b1 (
#717221310000
0!
0%
#717262975000
1!
1%
b10 (
#717304640000
0!
b00000101 #
0%
b00000101 '
0*
#717346305000
1!
1%
b11 (
#717387970000
0!
0%
#717429635000
1!
1%
b100 (
#717471300000
0!
0%
#717512965000
1!
b00000010 #
1%
b00000010 '
b0 (
0)
#717554630000
0!
0%
#717596295000
1!
1%
b1 (
#717637960000
0!
0%
#717679625000
1!
1%
b10 (
#717721290000
0!
b00001010 #
0%
b00001010 '
1*
#717762955000
1!
1%
b11 (
#717804620000
0!
0%
#717846285000
1!
1%
b100 (
#717887950000
0!
0%
#717929615000
1!
b00001101 #
1%
b00001101 '
b0 (
1)
#717971280000
0!
0%
#718012945000
1!
1%
b1 (
#718054610000
0!
0%
#718096275000
1!
1%
b10 (
#718137940000
0!
b00000101 #
0%
b00000101 '
0*
#718179605000
1!
1%
b11 (
#718221270000
0!
0%
#718262935000
1!
1%
b100 (
#718304600000
0!
0%
#718346265000
1!
b00000010 #
1%
b00000010 '
b0 (
0)
#718387930000
0!
0%
#718429595000
1!
1%
b1 (
#718471260000
0!
0%
#718512925000
1!
1%
b10 (
#718554590000
0!
b00001010 #
0%
b00001010 '
1*
#718596255000
1!
1%
b11 (
#718637920000
0!
0%
#718679585000
1!
1%
b100 (
#718721250000
0!
0%
#718762915000
1!
b00001101 #
1%
b00001101 '
b0 (
1)
#718804580000
0!
0%
#718846245000
1!
1%
b1 (
#718887910000
0!
0%
#718929575000
1!
1%
b10 (
#718971240000
0!
b00000101 #
0%
b00000101 '
0*
#719012905000
1!
1%
b11 (
#719054570000
0!
0%
#719096235000
1!
1%
b100 (
#719137900000
0!
0%
#719179565000
1!
b00000010 #
1%
b00000010 '
b0 (
0)
#719221230000
0!
0%
#719262895000
1!
1%
b1 (
#719304560000
0!
0%
#719346225000
1!
1%
b10 (
#719387890000
0!
b00001010 #
0%
b00001010 '
1*
#719429555000
1!
1%
b11 (
#719471220000
0!
0%
#719512885000
1!
1%
b100 (
#719554550000
0!
0%
#719596215000
1!
b00001101 #
1%
b00001101 '
b0 (
1)
#719637880000
0!
0%
#719679545000
1!
1%
b1 (
#719721210000
0!
0%
#719762875000
1!
1%
b10 (
#719804540000
0!
b00000101 #
0%
b00000101 '
0*
#719846205000
1!
1%
b11 (
#719887870000
0!
0%
#719929535000
1!
1%
b100 (
#719971200000
0!
0%
#720012865000
1!
b00000010 #
1%
b00000010 '
b0 (
0)
#720054530000
0!
0%
#720096195000
1!
1%
b1 (
#720137860000
0!
0%
#720179525000
1!
1%
b10 (
#720221190000
0!
b00001010 #
0%
b00001010 '
1*
#720262855000
1!
1%
b11 (
#720304520000
0!
0%
#720346185000
1!
1%
b100 (
#720387850000
0!
0%
#720429515000
1!
b00001101 #
1%
b00001101 '
b0 (
1)
#720471180000
0!
0%
#720512845000
1!
1%
b1 (
#720554510000
0!
0%
#720596175000
1!
1%
b10 (
#720637840000
0!
b00000101 #
0%
b00000101 '
0*
#720679505000
1!
1%
b11 (
#720721170000
0!
0%
#720762835000
1!
1%
b100 (
#720804500000
0!
0%
#720846165000
1!
b00000010 #
1%
b00000010 '
b0 (
0)
#720887830000
0!
0%
#720929495000
1!
1%
b1 (
#720971160000
0!
0%
#721012825000
1!
1%
b10 (
#721054490000
0!
b00001010 #
0%
b00001010 '
1*
#721096155000
1!
1%
b11 (
#721137820000
0!
0%
#721179485000
1!
1%
b100 (
#721221150000
0!
0%
#721262815000
1!
b00001101 #
1%
b00001101 '
b0 (
1)
#721304480000
0!
0%
#721346145000
1!
1%
b1 (
#721387810000
0!
0%
#721429475000
1!
1%
b10 (
#721471140000
0!
b00000101 #
0%
b00000101 '
0*
#721512805000
1!
1%
b11 (
#721554470000
0!
0%
#721596135000
1!
1%
b100 (
#721637800000
0!
0%
#721679465000
1!
b00000010 #
1%
b00000010 '
b0 (
0)
#721721130000
0!
0%
#721762795000
1!
1%
b1 (
#721804460000
0!
0%
#721846125000
1!
1%
b10 (
#721887790000
0!
b00001010 #
0%
b00001010 '
1*
#721929455000
1!
1%
b11 (
#721971120000
0!
0%
#722012785000
1!
1%
b100 (
#722054450000
0!
0%
#722096115000
1!
b00001101 #
1%
b00001101 '
b0 (
1)
#722137780000
0!
0%
#722179445000
1!
1%
b1 (
#722221110000
0!
0%
#722262775000
1!
1%
b10 (
#722304440000
0!
b00000101 #
0%
b00000101 '
0*
#722346105000
1!
1%
b11 (
#722387770000
0!
0%
#722429435000
1!
1%
b100 (
#722471100000
0!
0%
#722512765000
1!
b00000010 #
1%
b00000010 '
b0 (
0)
#722554430000
0!
0%
#722596095000
1!
1%
b1 (
#722637760000
0!
0%
#722679425000
1!
1%
b10 (
#722721090000
0!
b00001010 #
0%
b00001010 '
1*
#722762755000
1!
1%
b11 (
#722804420000
0!
0%
#722846085000
1!
1%
b100 (
#722887750000
0!
0%
#722929415000
1!
b00001101 #
1%
b00001101 '
b0 (
1)
#722971080000
0!
0%
#723012745000
1!
1%
b1 (
#723054410000
0!
0%
#723096075000
1!
1%
b10 (
#723137740000
0!
b00000101 #
0%
b00000101 '
0*
#723179405000
1!
1%
b11 (
#723221070000
0!
0%
#723262735000
1!
1%
b100 (
#723304400000
0!
0%
#723346065000
1!
b00000010 #
1%
b00000010 '
b0 (
0)
#723387730000
0!
0%
#723429395000
1!
1%
b1 (
#723471060000
0!
0%
#723512725000
1!
1%
b10 (
#723554390000
0!
b00001010 #
0%
b00001010 '
1*
#723596055000
1!
1%
b11 (
#723637720000
0!
0%
#723679385000
1!
1%
b100 (
#723721050000
0!
0%
#723762715000
1!
b00001101 #
1%
b00001101 '
b0 (
1)
#723804380000
0!
0%
#723846045000
1!
1%
b1 (
#723887710000
0!
0%
#723929375000
1!
1%
b10 (
#723971040000
0!
b00000101 #
0%
b00000101 '
0*
#724012705000
1!
1%
b11 (
#724054370000
0!
0%
#724096035000
1!
1%
b100 (
#724137700000
0!
0%
#724179365000
1!
b00000010 #
1%
b00000010 '
b0 (
0)
#724221030000
0!
0%
#724262695000
1!
1%
b1 (
#724304360000
0!
0%
#724346025000
1!
1%
b10 (
#724387690000
0!
b00001010 #
0%
b00001010 '
1*
#724429355000
1!
1%
b11 (
#724471020000
0!
0%
#724512685000
1!
1%
b100 (
#724554350000
0!
0%
#724596015000
1!
b00001101 #
1%
b00001101 '
b0 (
1)
#724637680000
0!
0%
#724679345000
1!
1%
b1 (
#724721010000
0!
0%
#724762675000
1!
1%
b10 (
#724804340000
0!
b00000101 #
0%
b00000101 '
0*
#724846005000
1!
1%
b11 (
#724887670000
0!
0%
#724929335000
1!
1%
b100 (
#724971000000
0!
0%
#725012665000
1!
b00000010 #
1%
b00000010 '
b0 (
0)
#725054330000
0!
0%
#725095995000
1!
1%
b1 (
#725137660000
0!
0%
#725179325000
1!
1%
b10 (
#725220990000
0!
b00001010 #
0%
b00001010 '
1*
#725262655000
1!
1%
b11 (
#725304320000
0!
0%
#725345985000
1!
1%
b100 (
#725387650000
0!
0%
#725429315000
1!
b00001101 #
1%
b00001101 '
b0 (
1)
#725470980000
0!
0%
#725512645000
1!
1%
b1 (
#725554310000
0!
0%
#725595975000
1!
1%
b10 (
#725637640000
0!
b00000101 #
0%
b00000101 '
0*
#725679305000
1!
1%
b11 (
#725720970000
0!
0%
#725762635000
1!
1%
b100 (
#725804300000
0!
0%
#725845965000
1!
b00000010 #
1%
b00000010 '
b0 (
0)
#725887630000
0!
0%
#725929295000
1!
1%
b1 (
#725970960000
0!
0%
#726012625000
1!
1%
b10 (
#726054290000
0!
b00001010 #
0%
b00001010 '
1*
#726095955000
1!
1%
b11 (
#726137620000
0!
0%
#726179285000
1!
1%
b100 (
#726220950000
0!
0%
#726262615000
1!
b00001101 #
1%
b00001101 '
b0 (
1)
#726304280000
0!
0%
#726345945000
1!
1%
b1 (
#726387610000
0!
0%
#726429275000
1!
1%
b10 (
#726470940000
0!
b00000101 #
0%
b00000101 '
0*
#726512605000
1!
1%
b11 (
#726554270000
0!
0%
#726595935000
1!
1%
b100 (
#726637600000
0!
0%
#726679265000
1!
b00000010 #
1%
b00000010 '
b0 (
0)
#726720930000
0!
0%
#726762595000
1!
1%
b1 (
#726804260000
0!
0%
#726845925000
1!
1%
b10 (
#726887590000
0!
b00001010 #
0%
b00001010 '
1*
#726929255000
1!
1%
b11 (
#726970920000
0!
0%
#727012585000
1!
1%
b100 (
#727054250000
0!
0%
#727095915000
1!
b00001101 #
1%
b00001101 '
b0 (
1)
#727137580000
0!
0%
#727179245000
1!
1%
b1 (
#727220910000
0!
0%
#727262575000
1!
1%
b10 (
#727304240000
0!
b00000101 #
0%
b00000101 '
0*
#727345905000
1!
1%
b11 (
#727387570000
0!
0%
#727429235000
1!
1%
b100 (
#727470900000
0!
0%
#727512565000
1!
b00000010 #
1%
b00000010 '
b0 (
0)
#727554230000
0!
0%
#727595895000
1!
1%
b1 (
#727637560000
0!
0%
#727679225000
1!
1%
b10 (
#727720890000
0!
b00001010 #
0%
b00001010 '
1*
#727762555000
1!
1%
b11 (
#727804220000
0!
0%
#727845885000
1!
1%
b100 (
#727887550000
0!
0%
#727929215000
1!
b00001101 #
1%
b00001101 '
b0 (
1)
#727970880000
0!
0%
#728012545000
1!
1%
b1 (
#728054210000
0!
0%
#728095875000
1!
1%
b10 (
#728137540000
0!
b00000101 #
0%
b00000101 '
0*
#728179205000
1!
1%
b11 (
#728220870000
0!
0%
#728262535000
1!
1%
b100 (
#728304200000
0!
0%
#728345865000
1!
b00000010 #
1%
b00000010 '
b0 (
0)
#728387530000
0!
0%
#728429195000
1!
1%
b1 (
#728470860000
0!
0%
#728512525000
1!
1%
b10 (
#728554190000
0!
b00001010 #
0%
b00001010 '
1*
#728595855000
1!
1%
b11 (
#728637520000
0!
0%
#728679185000
1!
1%
b100 (
#728720850000
0!
0%
#728762515000
1!
b00001101 #
1%
b00001101 '
b0 (
1)
#728804180000
0!
0%
#728845845000
1!
1%
b1 (
#728887510000
0!
0%
#728929175000
1!
1%
b10 (
#728970840000
0!
b00000101 #
0%
b00000101 '
0*
#729012505000
1!
1%
b11 (
#729054170000
0!
0%
#729095835000
1!
1%
b100 (
#729137500000
0!
0%
#729179165000
1!
b00000010 #
1%
b00000010 '
b0 (
0)
#729220830000
0!
0%
#729262495000
1!
1%
b1 (
#729304160000
0!
0%
#729345825000
1!
1%
b10 (
#729387490000
0!
b00001010 #
0%
b00001010 '
1*
#729429155000
1!
1%
b11 (
#729470820000
0!
0%
#729512485000
1!
1%
b100 (
#729554150000
0!
0%
#729595815000
1!
b00001101 #
1%
b00001101 '
b0 (
1)
#729637480000
0!
0%
#729679145000
1!
1%
b1 (
#729720810000
0!
0%
#729762475000
1!
1%
b10 (
#729804140000
0!
b00000101 #
0%
b00000101 '
0*
#729845805000
1!
1%
b11 (
#729887470000
0!
0%
#729929135000
1!
1%
b100 (
#729970800000
0!
0%
#730012465000
1!
b00000010 #
1%
b00000010 '
b0 (
0)
#730054130000
0!
0%
#730095795000
1!
1%
b1 (
#730137460000
0!
0%
#730179125000
1!
1%
b10 (
#730220790000
0!
b00001010 #
0%
b00001010 '
1*
#730262455000
1!
1%
b11 (
#730304120000
0!
0%
#730345785000
1!
1%
b100 (
#730387450000
0!
0%
#730429115000
1!
b00001101 #
1%
b00001101 '
b0 (
1)
#730470780000
0!
0%
#730512445000
1!
1%
b1 (
#730554110000
0!
0%
#730595775000
1!
1%
b10 (
#730637440000
0!
b00000101 #
0%
b00000101 '
0*
#730679105000
1!
1%
b11 (
#730720770000
0!
0%
#730762435000
1!
1%
b100 (
#730804100000
0!
0%
#730845765000
1!
b00000010 #
1%
b00000010 '
b0 (
0)
#730887430000
0!
0%
#730929095000
1!
1%
b1 (
#730970760000
0!
0%
#731012425000
1!
1%
b10 (
#731054090000
0!
b00001010 #
0%
b00001010 '
1*
#731095755000
1!
1%
b11 (
#731137420000
0!
0%
#731179085000
1!
1%
b100 (
#731220750000
0!
0%
#731262415000
1!
b00001101 #
1%
b00001101 '
b0 (
1)
#731304080000
0!
0%
#731345745000
1!
1%
b1 (
#731387410000
0!
0%
#731429075000
1!
1%
b10 (
#731470740000
0!
b00000101 #
0%
b00000101 '
0*
#731512405000
1!
1%
b11 (
#731554070000
0!
0%
#731595735000
1!
1%
b100 (
#731637400000
0!
0%
#731679065000
1!
b00000010 #
1%
b00000010 '
b0 (
0)
#731720730000
0!
0%
#731762395000
1!
1%
b1 (
#731804060000
0!
0%
#731845725000
1!
1%
b10 (
#731887390000
0!
b00001010 #
0%
b00001010 '
1*
#731929055000
1!
1%
b11 (
#731970720000
0!
0%
#732012385000
1!
1%
b100 (
#732054050000
0!
0%
#732095715000
1!
b00001101 #
1%
b00001101 '
b0 (
1)
#732137380000
0!
0%
#732179045000
1!
1%
b1 (
#732220710000
0!
0%
#732262375000
1!
1%
b10 (
#732304040000
0!
b00000101 #
0%
b00000101 '
0*
#732345705000
1!
1%
b11 (
#732387370000
0!
0%
#732429035000
1!
1%
b100 (
#732470700000
0!
0%
#732512365000
1!
b00000010 #
1%
b00000010 '
b0 (
0)
#732554030000
0!
0%
#732595695000
1!
1%
b1 (
#732637360000
0!
0%
#732679025000
1!
1%
b10 (
#732720690000
0!
b00001010 #
0%
b00001010 '
1*
#732762355000
1!
1%
b11 (
#732804020000
0!
0%
#732845685000
1!
1%
b100 (
#732887350000
0!
0%
#732929015000
1!
b00001101 #
1%
b00001101 '
b0 (
1)
#732970680000
0!
0%
#733012345000
1!
1%
b1 (
#733054010000
0!
0%
#733095675000
1!
1%
b10 (
#733137340000
0!
b00000101 #
0%
b00000101 '
0*
#733179005000
1!
1%
b11 (
#733220670000
0!
0%
#733262335000
1!
1%
b100 (
#733304000000
0!
0%
#733345665000
1!
b00000010 #
1%
b00000010 '
b0 (
0)
#733387330000
0!
0%
#733428995000
1!
1%
b1 (
#733470660000
0!
0%
#733512325000
1!
1%
b10 (
#733553990000
0!
b00001010 #
0%
b00001010 '
1*
#733595655000
1!
1%
b11 (
#733637320000
0!
0%
#733678985000
1!
1%
b100 (
#733720650000
0!
0%
#733762315000
1!
b00001101 #
1%
b00001101 '
b0 (
1)
#733803980000
0!
0%
#733845645000
1!
1%
b1 (
#733887310000
0!
0%
#733928975000
1!
1%
b10 (
#733970640000
0!
b00000101 #
0%
b00000101 '
0*
#734012305000
1!
1%
b11 (
#734053970000
0!
0%
#734095635000
1!
1%
b100 (
#734137300000
0!
0%
#734178965000
1!
b00000010 #
1%
b00000010 '
b0 (
0)
#734220630000
0!
0%
#734262295000
1!
1%
b1 (
#734303960000
0!
0%
#734345625000
1!
1%
b10 (
#734387290000
0!
b00001010 #
0%
b00001010 '
1*
#734428955000
1!
1%
b11 (
#734470620000
0!
0%
#734512285000
1!
1%
b100 (
#734553950000
0!
0%
#734595615000
1!
b00001101 #
1%
b00001101 '
b0 (
1)
#734637280000
0!
0%
#734678945000
1!
1%
b1 (
#734720610000
0!
0%
#734762275000
1!
1%
b10 (
#734803940000
0!
b00000101 #
0%
b00000101 '
0*
#734845605000
1!
1%
b11 (
#734887270000
0!
0%
#734928935000
1!
1%
b100 (
#734970600000
0!
0%
#735012265000
1!
b00000010 #
1%
b00000010 '
b0 (
0)
#735053930000
0!
0%
#735095595000
1!
1%
b1 (
#735137260000
0!
0%
#735178925000
1!
1%
b10 (
#735220590000
0!
b00001010 #
0%
b00001010 '
1*
#735262255000
1!
1%
b11 (
#735303920000
0!
0%
#735345585000
1!
1%
b100 (
#735387250000
0!
0%
#735428915000
1!
b00001101 #
1%
b00001101 '
b0 (
1)
#735470580000
0!
0%
#735512245000
1!
1%
b1 (
#735553910000
0!
0%
#735595575000
1!
1%
b10 (
#735637240000
0!
b00000101 #
0%
b00000101 '
0*
#735678905000
1!
1%
b11 (
#735720570000
0!
0%
#735762235000
1!
1%
b100 (
#735803900000
0!
0%
#735845565000
1!
b00000010 #
1%
b00000010 '
b0 (
0)
#735887230000
0!
0%
#735928895000
1!
1%
b1 (
#735970560000
0!
0%
#736012225000
1!
1%
b10 (
#736053890000
0!
b00001010 #
0%
b00001010 '
1*
#736095555000
1!
1%
b11 (
#736137220000
0!
0%
#736178885000
1!
1%
b100 (
#736220550000
0!
0%
#736262215000
1!
b00001101 #
1%
b00001101 '
b0 (
1)
#736303880000
0!
0%
#736345545000
1!
1%
b1 (
#736387210000
0!
0%
#736428875000
1!
1%
b10 (
#736470540000
0!
b00000101 #
0%
b00000101 '
0*
#736512205000
1!
1%
b11 (
#736553870000
0!
0%
#736595535000
1!
1%
b100 (
#736637200000
0!
0%
#736678865000
1!
b00000010 #
1%
b00000010 '
b0 (
0)
#736720530000
0!
0%
#736762195000
1!
1%
b1 (
#736803860000
0!
0%
#736845525000
1!
1%
b10 (
#736887190000
0!
b00001010 #
0%
b00001010 '
1*
#736928855000
1!
1%
b11 (
#736970520000
0!
0%
#737012185000
1!
1%
b100 (
#737053850000
0!
0%
#737095515000
1!
b00001101 #
1%
b00001101 '
b0 (
1)
#737137180000
0!
0%
#737178845000
1!
1%
b1 (
#737220510000
0!
0%
#737262175000
1!
1%
b10 (
#737303840000
0!
b00000101 #
0%
b00000101 '
0*
#737345505000
1!
1%
b11 (
#737387170000
0!
0%
#737428835000
1!
1%
b100 (
#737470500000
0!
0%
#737512165000
1!
b00000010 #
1%
b00000010 '
b0 (
0)
#737553830000
0!
0%
#737595495000
1!
1%
b1 (
#737637160000
0!
0%
#737678825000
1!
1%
b10 (
#737720490000
0!
b00001010 #
0%
b00001010 '
1*
#737762155000
1!
1%
b11 (
#737803820000
0!
0%
#737845485000
1!
1%
b100 (
#737887150000
0!
0%
#737928815000
1!
b00001101 #
1%
b00001101 '
b0 (
1)
#737970480000
0!
0%
#738012145000
1!
1%
b1 (
#738053810000
0!
0%
#738095475000
1!
1%
b10 (
#738137140000
0!
b00000101 #
0%
b00000101 '
0*
#738178805000
1!
1%
b11 (
#738220470000
0!
0%
#738262135000
1!
1%
b100 (
#738303800000
0!
0%
#738345465000
1!
b00000010 #
1%
b00000010 '
b0 (
0)
#738387130000
0!
0%
#738428795000
1!
1%
b1 (
#738470460000
0!
0%
#738512125000
1!
1%
b10 (
#738553790000
0!
b00001010 #
0%
b00001010 '
1*
#738595455000
1!
1%
b11 (
#738637120000
0!
0%
#738678785000
1!
1%
b100 (
#738720450000
0!
0%
#738762115000
1!
b00001101 #
1%
b00001101 '
b0 (
1)
#738803780000
0!
0%
#738845445000
1!
1%
b1 (
#738887110000
0!
0%
#738928775000
1!
1%
b10 (
#738970440000
0!
b00000101 #
0%
b00000101 '
0*
#739012105000
1!
1%
b11 (
#739053770000
0!
0%
#739095435000
1!
1%
b100 (
#739137100000
0!
0%
#739178765000
1!
b00000010 #
1%
b00000010 '
b0 (
0)
#739220430000
0!
0%
#739262095000
1!
1%
b1 (
#739303760000
0!
0%
#739345425000
1!
1%
b10 (
#739387090000
0!
b00001010 #
0%
b00001010 '
1*
#739428755000
1!
1%
b11 (
#739470420000
0!
0%
#739512085000
1!
1%
b100 (
#739553750000
0!
0%
#739595415000
1!
b00001101 #
1%
b00001101 '
b0 (
1)
#739637080000
0!
0%
#739678745000
1!
1%
b1 (
#739720410000
0!
0%
#739762075000
1!
1%
b10 (
#739803740000
0!
b00000101 #
0%
b00000101 '
0*
#739845405000
1!
1%
b11 (
#739887070000
0!
0%
#739928735000
1!
1%
b100 (
#739970400000
0!
0%
#740012065000
1!
b00000010 #
1%
b00000010 '
b0 (
0)
#740053730000
0!
0%
#740095395000
1!
1%
b1 (
#740137060000
0!
0%
#740178725000
1!
1%
b10 (
#740220390000
0!
b00001010 #
0%
b00001010 '
1*
#740262055000
1!
1%
b11 (
#740303720000
0!
0%
#740345385000
1!
1%
b100 (
#740387050000
0!
0%
#740428715000
1!
b00001101 #
1%
b00001101 '
b0 (
1)
#740470380000
0!
0%
#740512045000
1!
1%
b1 (
#740553710000
0!
0%
#740595375000
1!
1%
b10 (
#740637040000
0!
b00000101 #
0%
b00000101 '
0*
#740678705000
1!
1%
b11 (
#740720370000
0!
0%
#740762035000
1!
1%
b100 (
#740803700000
0!
0%
#740845365000
1!
b00000010 #
1%
b00000010 '
b0 (
0)
#740887030000
0!
0%
#740928695000
1!
1%
b1 (
#740970360000
0!
0%
#741012025000
1!
1%
b10 (
#741053690000
0!
b00001010 #
0%
b00001010 '
1*
#741095355000
1!
1%
b11 (
#741137020000
0!
0%
#741178685000
1!
1%
b100 (
#741220350000
0!
0%
#741262015000
1!
b00001101 #
1%
b00001101 '
b0 (
1)
#741303680000
0!
0%
#741345345000
1!
1%
b1 (
#741387010000
0!
0%
#741428675000
1!
1%
b10 (
#741470340000
0!
b00000101 #
0%
b00000101 '
0*
#741512005000
1!
1%
b11 (
#741553670000
0!
0%
#741595335000
1!
1%
b100 (
#741637000000
0!
0%
#741678665000
1!
b00000010 #
1%
b00000010 '
b0 (
0)
#741720330000
0!
0%
#741761995000
1!
1%
b1 (
#741803660000
0!
0%
#741845325000
1!
1%
b10 (
#741886990000
0!
b00001010 #
0%
b00001010 '
1*
#741928655000
1!
1%
b11 (
#741970320000
0!
0%
#742011985000
1!
1%
b100 (
#742053650000
0!
0%
#742095315000
1!
b00001101 #
1%
b00001101 '
b0 (
1)
#742136980000
0!
0%
#742178645000
1!
1%
b1 (
#742220310000
0!
0%
#742261975000
1!
1%
b10 (
#742303640000
0!
b00000101 #
0%
b00000101 '
0*
#742345305000
1!
1%
b11 (
#742386970000
0!
0%
#742428635000
1!
1%
b100 (
#742470300000
0!
0%
#742511965000
1!
b00000010 #
1%
b00000010 '
b0 (
0)
#742553630000
0!
0%
#742595295000
1!
1%
b1 (
#742636960000
0!
0%
#742678625000
1!
1%
b10 (
#742720290000
0!
b00001010 #
0%
b00001010 '
1*
#742761955000
1!
1%
b11 (
#742803620000
0!
0%
#742845285000
1!
1%
b100 (
#742886950000
0!
0%
#742928615000
1!
b00001101 #
1%
b00001101 '
b0 (
1)
#742970280000
0!
0%
#743011945000
1!
1%
b1 (
#743053610000
0!
0%
#743095275000
1!
1%
b10 (
#743136940000
0!
b00000101 #
0%
b00000101 '
0*
#743178605000
1!
1%
b11 (
#743220270000
0!
0%
#743261935000
1!
1%
b100 (
#743303600000
0!
0%
#743345265000
1!
b00000010 #
1%
b00000010 '
b0 (
0)
#743386930000
0!
0%
#743428595000
1!
1%
b1 (
#743470260000
0!
0%
#743511925000
1!
1%
b10 (
#743553590000
0!
b00001010 #
0%
b00001010 '
1*
#743595255000
1!
1%
b11 (
#743636920000
0!
0%
#743678585000
1!
1%
b100 (
#743720250000
0!
0%
#743761915000
1!
b00001101 #
1%
b00001101 '
b0 (
1)
#743803580000
0!
0%
#743845245000
1!
1%
b1 (
#743886910000
0!
0%
#743928575000
1!
1%
b10 (
#743970240000
0!
b00000101 #
0%
b00000101 '
0*
#744011905000
1!
1%
b11 (
#744053570000
0!
0%
#744095235000
1!
1%
b100 (
#744136900000
0!
0%
#744178565000
1!
b00000010 #
1%
b00000010 '
b0 (
0)
#744220230000
0!
0%
#744261895000
1!
1%
b1 (
#744303560000
0!
0%
#744345225000
1!
1%
b10 (
#744386890000
0!
b00001010 #
0%
b00001010 '
1*
#744428555000
1!
1%
b11 (
#744470220000
0!
0%
#744511885000
1!
1%
b100 (
#744553550000
0!
0%
#744595215000
1!
b00001101 #
1%
b00001101 '
b0 (
1)
#744636880000
0!
0%
#744678545000
1!
1%
b1 (
#744720210000
0!
0%
#744761875000
1!
1%
b10 (
#744803540000
0!
b00000101 #
0%
b00000101 '
0*
#744845205000
1!
1%
b11 (
#744886870000
0!
0%
#744928535000
1!
1%
b100 (
#744970200000
0!
0%
#745011865000
1!
b00000010 #
1%
b00000010 '
b0 (
0)
#745053530000
0!
0%
#745095195000
1!
1%
b1 (
#745136860000
0!
0%
#745178525000
1!
1%
b10 (
#745220190000
0!
b00001010 #
0%
b00001010 '
1*
#745261855000
1!
1%
b11 (
#745303520000
0!
0%
#745345185000
1!
1%
b100 (
#745386850000
0!
0%
#745428515000
1!
b00001101 #
1%
b00001101 '
b0 (
1)
#745470180000
0!
0%
#745511845000
1!
1%
b1 (
#745553510000
0!
0%
#745595175000
1!
1%
b10 (
#745636840000
0!
b00000101 #
0%
b00000101 '
0*
#745678505000
1!
1%
b11 (
#745720170000
0!
0%
#745761835000
1!
1%
b100 (
#745803500000
0!
0%
#745845165000
1!
b00000010 #
1%
b00000010 '
b0 (
0)
#745886830000
0!
0%
#745928495000
1!
1%
b1 (
#745970160000
0!
0%
#746011825000
1!
1%
b10 (
#746053490000
0!
b00001010 #
0%
b00001010 '
1*
#746095155000
1!
1%
b11 (
#746136820000
0!
0%
#746178485000
1!
1%
b100 (
#746220150000
0!
0%
#746261815000
1!
b00001101 #
1%
b00001101 '
b0 (
1)
#746303480000
0!
0%
#746345145000
1!
1%
b1 (
#746386810000
0!
0%
#746428475000
1!
1%
b10 (
#746470140000
0!
b00000101 #
0%
b00000101 '
0*
#746511805000
1!
1%
b11 (
#746553470000
0!
0%
#746595135000
1!
1%
b100 (
#746636800000
0!
0%
#746678465000
1!
b00000010 #
1%
b00000010 '
b0 (
0)
#746720130000
0!
0%
#746761795000
1!
1%
b1 (
#746803460000
0!
0%
#746845125000
1!
1%
b10 (
#746886790000
0!
b00001010 #
0%
b00001010 '
1*
#746928455000
1!
1%
b11 (
#746970120000
0!
0%
#747011785000
1!
1%
b100 (
#747053450000
0!
0%
#747095115000
1!
b00001101 #
1%
b00001101 '
b0 (
1)
#747136780000
0!
0%
#747178445000
1!
1%
b1 (
#747220110000
0!
0%
#747261775000
1!
1%
b10 (
#747303440000
0!
b00000101 #
0%
b00000101 '
0*
#747345105000
1!
1%
b11 (
#747386770000
0!
0%
#747428435000
1!
1%
b100 (
#747470100000
0!
0%
#747511765000
1!
b00000010 #
1%
b00000010 '
b0 (
0)
#747553430000
0!
0%
#747595095000
1!
1%
b1 (
#747636760000
0!
0%
#747678425000
1!
1%
b10 (
#747720090000
0!
b00001010 #
0%
b00001010 '
1*
#747761755000
1!
1%
b11 (
#747803420000
0!
0%
#747845085000
1!
1%
b100 (
#747886750000
0!
0%
#747928415000
1!
b00001101 #
1%
b00001101 '
b0 (
1)
#747970080000
0!
0%
#748011745000
1!
1%
b1 (
#748053410000
0!
0%
#748095075000
1!
1%
b10 (
#748136740000
0!
b00000101 #
0%
b00000101 '
0*
#748178405000
1!
1%
b11 (
#748220070000
0!
0%
#748261735000
1!
1%
b100 (
#748303400000
0!
0%
#748345065000
1!
b00000010 #
1%
b00000010 '
b0 (
0)
#748386730000
0!
0%
#748428395000
1!
1%
b1 (
#748470060000
0!
0%
#748511725000
1!
1%
b10 (
#748553390000
0!
b00001010 #
0%
b00001010 '
1*
#748595055000
1!
1%
b11 (
#748636720000
0!
0%
#748678385000
1!
1%
b100 (
#748720050000
0!
0%
#748761715000
1!
b00001101 #
1%
b00001101 '
b0 (
1)
#748803380000
0!
0%
#748845045000
1!
1%
b1 (
#748886710000
0!
0%
#748928375000
1!
1%
b10 (
#748970040000
0!
b00000101 #
0%
b00000101 '
0*
#749011705000
1!
1%
b11 (
#749053370000
0!
0%
#749095035000
1!
1%
b100 (
#749136700000
0!
0%
#749178365000
1!
b00000010 #
1%
b00000010 '
b0 (
0)
#749220030000
0!
0%
#749261695000
1!
1%
b1 (
#749303360000
0!
0%
#749345025000
1!
1%
b10 (
#749386690000
0!
b00001010 #
0%
b00001010 '
1*
#749428355000
1!
1%
b11 (
#749470020000
0!
0%
#749511685000
1!
1%
b100 (
#749553350000
0!
0%
#749595015000
1!
b00001101 #
1%
b00001101 '
b0 (
1)
#749636680000
0!
0%
#749678345000
1!
1%
b1 (
#749720010000
0!
0%
#749761675000
1!
1%
b10 (
#749803340000
0!
b00000101 #
0%
b00000101 '
0*
#749845005000
1!
1%
b11 (
#749886670000
0!
0%
#749928335000
1!
1%
b100 (
#749970000000
0!
0%
#750011665000
1!
b00000010 #
1%
b00000010 '
b0 (
0)
#750053330000
0!
0%
#750094995000
1!
1%
b1 (
#750136660000
0!
0%
#750178325000
1!
1%
b10 (
#750219990000
0!
b00001010 #
0%
b00001010 '
1*
#750261655000
1!
1%
b11 (
#750303320000
0!
0%
#750344985000
1!
1%
b100 (
#750386650000
0!
0%
#750428315000
1!
b00001101 #
1%
b00001101 '
b0 (
1)
#750469980000
0!
0%
#750511645000
1!
1%
b1 (
#750553310000
0!
0%
#750594975000
1!
1%
b10 (
#750636640000
0!
b00000101 #
0%
b00000101 '
0*
#750678305000
1!
1%
b11 (
#750719970000
0!
0%
#750761635000
1!
1%
b100 (
#750803300000
0!
0%
#750844965000
1!
b00000010 #
1%
b00000010 '
b0 (
0)
#750886630000
0!
0%
#750928295000
1!
1%
b1 (
#750969960000
0!
0%
#751011625000
1!
1%
b10 (
#751053290000
0!
b00001010 #
0%
b00001010 '
1*
#751094955000
1!
1%
b11 (
#751136620000
0!
0%
#751178285000
1!
1%
b100 (
#751219950000
0!
0%
#751261615000
1!
b00001101 #
1%
b00001101 '
b0 (
1)
#751303280000
0!
0%
#751344945000
1!
1%
b1 (
#751386610000
0!
0%
#751428275000
1!
1%
b10 (
#751469940000
0!
b00000101 #
0%
b00000101 '
0*
#751511605000
1!
1%
b11 (
#751553270000
0!
0%
#751594935000
1!
1%
b100 (
#751636600000
0!
0%
#751678265000
1!
b00000010 #
1%
b00000010 '
b0 (
0)
#751719930000
0!
0%
#751761595000
1!
1%
b1 (
#751803260000
0!
0%
#751844925000
1!
1%
b10 (
#751886590000
0!
b00001010 #
0%
b00001010 '
1*
#751928255000
1!
1%
b11 (
#751969920000
0!
0%
#752011585000
1!
1%
b100 (
#752053250000
0!
0%
#752094915000
1!
b00001101 #
1%
b00001101 '
b0 (
1)
#752136580000
0!
0%
#752178245000
1!
1%
b1 (
#752219910000
0!
0%
#752261575000
1!
1%
b10 (
#752303240000
0!
b00000101 #
0%
b00000101 '
0*
#752344905000
1!
1%
b11 (
#752386570000
0!
0%
#752428235000
1!
1%
b100 (
#752469900000
0!
0%
#752511565000
1!
b00000010 #
1%
b00000010 '
b0 (
0)
#752553230000
0!
0%
#752594895000
1!
1%
b1 (
#752636560000
0!
0%
#752678225000
1!
1%
b10 (
#752719890000
0!
b00001010 #
0%
b00001010 '
1*
#752761555000
1!
1%
b11 (
#752803220000
0!
0%
#752844885000
1!
1%
b100 (
#752886550000
0!
0%
#752928215000
1!
b00001101 #
1%
b00001101 '
b0 (
1)
#752969880000
0!
0%
#753011545000
1!
1%
b1 (
#753053210000
0!
0%
#753094875000
1!
1%
b10 (
#753136540000
0!
b00000101 #
0%
b00000101 '
0*
#753178205000
1!
1%
b11 (
#753219870000
0!
0%
#753261535000
1!
1%
b100 (
#753303200000
0!
0%
#753344865000
1!
b00000010 #
1%
b00000010 '
b0 (
0)
#753386530000
0!
0%
#753428195000
1!
1%
b1 (
#753469860000
0!
0%
#753511525000
1!
1%
b10 (
#753553190000
0!
b00001010 #
0%
b00001010 '
1*
#753594855000
1!
1%
b11 (
#753636520000
0!
0%
#753678185000
1!
1%
b100 (
#753719850000
0!
0%
#753761515000
1!
b00001101 #
1%
b00001101 '
b0 (
1)
#753803180000
0!
0%
#753844845000
1!
1%
b1 (
#753886510000
0!
0%
#753928175000
1!
1%
b10 (
#753969840000
0!
b00000101 #
0%
b00000101 '
0*
#754011505000
1!
1%
b11 (
#754053170000
0!
0%
#754094835000
1!
1%
b100 (
#754136500000
0!
0%
#754178165000
1!
b00000010 #
1%
b00000010 '
b0 (
0)
#754219830000
0!
0%
#754261495000
1!
1%
b1 (
#754303160000
0!
0%
#754344825000
1!
1%
b10 (
#754386490000
0!
b00001010 #
0%
b00001010 '
1*
#754428155000
1!
1%
b11 (
#754469820000
0!
0%
#754511485000
1!
1%
b100 (
#754553150000
0!
0%
#754594815000
1!
b00001101 #
1%
b00001101 '
b0 (
1)
#754636480000
0!
0%
#754678145000
1!
1%
b1 (
#754719810000
0!
0%
#754761475000
1!
1%
b10 (
#754803140000
0!
b00000101 #
0%
b00000101 '
0*
#754844805000
1!
1%
b11 (
#754886470000
0!
0%
#754928135000
1!
1%
b100 (
#754969800000
0!
0%
#755011465000
1!
b00000010 #
1%
b00000010 '
b0 (
0)
#755053130000
0!
0%
#755094795000
1!
1%
b1 (
#755136460000
0!
0%
#755178125000
1!
1%
b10 (
#755219790000
0!
b00001010 #
0%
b00001010 '
1*
#755261455000
1!
1%
b11 (
#755303120000
0!
0%
#755344785000
1!
1%
b100 (
#755386450000
0!
0%
#755428115000
1!
b00001101 #
1%
b00001101 '
b0 (
1)
#755469780000
0!
0%
#755511445000
1!
1%
b1 (
#755553110000
0!
0%
#755594775000
1!
1%
b10 (
#755636440000
0!
b00000101 #
0%
b00000101 '
0*
#755678105000
1!
1%
b11 (
#755719770000
0!
0%
#755761435000
1!
1%
b100 (
#755803100000
0!
0%
#755844765000
1!
b00000010 #
1%
b00000010 '
b0 (
0)
#755886430000
0!
0%
#755928095000
1!
1%
b1 (
#755969760000
0!
0%
#756011425000
1!
1%
b10 (
#756053090000
0!
b00001010 #
0%
b00001010 '
1*
#756094755000
1!
1%
b11 (
#756136420000
0!
0%
#756178085000
1!
1%
b100 (
#756219750000
0!
0%
#756261415000
1!
b00001101 #
1%
b00001101 '
b0 (
1)
#756303080000
0!
0%
#756344745000
1!
1%
b1 (
#756386410000
0!
0%
#756428075000
1!
1%
b10 (
#756469740000
0!
b00000101 #
0%
b00000101 '
0*
#756511405000
1!
1%
b11 (
#756553070000
0!
0%
#756594735000
1!
1%
b100 (
#756636400000
0!
0%
#756678065000
1!
b00000010 #
1%
b00000010 '
b0 (
0)
#756719730000
0!
0%
#756761395000
1!
1%
b1 (
#756803060000
0!
0%
#756844725000
1!
1%
b10 (
#756886390000
0!
b00001010 #
0%
b00001010 '
1*
#756928055000
1!
1%
b11 (
#756969720000
0!
0%
#757011385000
1!
1%
b100 (
#757053050000
0!
0%
#757094715000
1!
b00001101 #
1%
b00001101 '
b0 (
1)
#757136380000
0!
0%
#757178045000
1!
1%
b1 (
#757219710000
0!
0%
#757261375000
1!
1%
b10 (
#757303040000
0!
b00000101 #
0%
b00000101 '
0*
#757344705000
1!
1%
b11 (
#757386370000
0!
0%
#757428035000
1!
1%
b100 (
#757469700000
0!
0%
#757511365000
1!
b00000010 #
1%
b00000010 '
b0 (
0)
#757553030000
0!
0%
#757594695000
1!
1%
b1 (
#757636360000
0!
0%
#757678025000
1!
1%
b10 (
#757719690000
0!
b00001010 #
0%
b00001010 '
1*
#757761355000
1!
1%
b11 (
#757803020000
0!
0%
#757844685000
1!
1%
b100 (
#757886350000
0!
0%
#757928015000
1!
b00001101 #
1%
b00001101 '
b0 (
1)
#757969680000
0!
0%
#758011345000
1!
1%
b1 (
#758053010000
0!
0%
#758094675000
1!
1%
b10 (
#758136340000
0!
b00000101 #
0%
b00000101 '
0*
#758178005000
1!
1%
b11 (
#758219670000
0!
0%
#758261335000
1!
1%
b100 (
#758303000000
0!
0%
#758344665000
1!
b00000010 #
1%
b00000010 '
b0 (
0)
#758386330000
0!
0%
#758427995000
1!
1%
b1 (
#758469660000
0!
0%
#758511325000
1!
1%
b10 (
#758552990000
0!
b00001010 #
0%
b00001010 '
1*
#758594655000
1!
1%
b11 (
#758636320000
0!
0%
#758677985000
1!
1%
b100 (
#758719650000
0!
0%
#758761315000
1!
b00001101 #
1%
b00001101 '
b0 (
1)
#758802980000
0!
0%
#758844645000
1!
1%
b1 (
#758886310000
0!
0%
#758927975000
1!
1%
b10 (
#758969640000
0!
b00000101 #
0%
b00000101 '
0*
#759011305000
1!
1%
b11 (
#759052970000
0!
0%
#759094635000
1!
1%
b100 (
#759136300000
0!
0%
#759177965000
1!
b00000010 #
1%
b00000010 '
b0 (
0)
#759219630000
0!
0%
#759261295000
1!
1%
b1 (
#759302960000
0!
0%
#759344625000
1!
1%
b10 (
#759386290000
0!
b00001010 #
0%
b00001010 '
1*
#759427955000
1!
1%
b11 (
#759469620000
0!
0%
#759511285000
1!
1%
b100 (
#759552950000
0!
0%
#759594615000
1!
b00001101 #
1%
b00001101 '
b0 (
1)
#759636280000
0!
0%
#759677945000
1!
1%
b1 (
#759719610000
0!
0%
#759761275000
1!
1%
b10 (
#759802940000
0!
b00000101 #
0%
b00000101 '
0*
#759844605000
1!
1%
b11 (
#759886270000
0!
0%
#759927935000
1!
1%
b100 (
#759969600000
0!
0%
#760011265000
1!
b00000010 #
1%
b00000010 '
b0 (
0)
#760052930000
0!
0%
#760094595000
1!
1%
b1 (
#760136260000
0!
0%
#760177925000
1!
1%
b10 (
#760219590000
0!
b00001010 #
0%
b00001010 '
1*
#760261255000
1!
1%
b11 (
#760302920000
0!
0%
#760344585000
1!
1%
b100 (
#760386250000
0!
0%
#760427915000
1!
b00001101 #
1%
b00001101 '
b0 (
1)
#760469580000
0!
0%
#760511245000
1!
1%
b1 (
#760552910000
0!
0%
#760594575000
1!
1%
b10 (
#760636240000
0!
b00000101 #
0%
b00000101 '
0*
#760677905000
1!
1%
b11 (
#760719570000
0!
0%
#760761235000
1!
1%
b100 (
#760802900000
0!
0%
#760844565000
1!
b00000010 #
1%
b00000010 '
b0 (
0)
#760886230000
0!
0%
#760927895000
1!
1%
b1 (
#760969560000
0!
0%
#761011225000
1!
1%
b10 (
#761052890000
0!
b00001010 #
0%
b00001010 '
1*
#761094555000
1!
1%
b11 (
#761136220000
0!
0%
#761177885000
1!
1%
b100 (
#761219550000
0!
0%
#761261215000
1!
b00001101 #
1%
b00001101 '
b0 (
1)
#761302880000
0!
0%
#761344545000
1!
1%
b1 (
#761386210000
0!
0%
#761427875000
1!
1%
b10 (
#761469540000
0!
b00000101 #
0%
b00000101 '
0*
#761511205000
1!
1%
b11 (
#761552870000
0!
0%
#761594535000
1!
1%
b100 (
#761636200000
0!
0%
#761677865000
1!
b00000010 #
1%
b00000010 '
b0 (
0)
#761719530000
0!
0%
#761761195000
1!
1%
b1 (
#761802860000
0!
0%
#761844525000
1!
1%
b10 (
#761886190000
0!
b00001010 #
0%
b00001010 '
1*
#761927855000
1!
1%
b11 (
#761969520000
0!
0%
#762011185000
1!
1%
b100 (
#762052850000
0!
0%
#762094515000
1!
b00001101 #
1%
b00001101 '
b0 (
1)
#762136180000
0!
0%
#762177845000
1!
1%
b1 (
#762219510000
0!
0%
#762261175000
1!
1%
b10 (
#762302840000
0!
b00000101 #
0%
b00000101 '
0*
#762344505000
1!
1%
b11 (
#762386170000
0!
0%
#762427835000
1!
1%
b100 (
#762469500000
0!
0%
#762511165000
1!
b00000010 #
1%
b00000010 '
b0 (
0)
#762552830000
0!
0%
#762594495000
1!
1%
b1 (
#762636160000
0!
0%
#762677825000
1!
1%
b10 (
#762719490000
0!
b00001010 #
0%
b00001010 '
1*
#762761155000
1!
1%
b11 (
#762802820000
0!
0%
#762844485000
1!
1%
b100 (
#762886150000
0!
0%
#762927815000
1!
b00001101 #
1%
b00001101 '
b0 (
1)
#762969480000
0!
0%
#763011145000
1!
1%
b1 (
#763052810000
0!
0%
#763094475000
1!
1%
b10 (
#763136140000
0!
b00000101 #
0%
b00000101 '
0*
#763177805000
1!
1%
b11 (
#763219470000
0!
0%
#763261135000
1!
1%
b100 (
#763302800000
0!
0%
#763344465000
1!
b00000010 #
1%
b00000010 '
b0 (
0)
#763386130000
0!
0%
#763427795000
1!
1%
b1 (
#763469460000
0!
0%
#763511125000
1!
1%
b10 (
#763552790000
0!
b00001010 #
0%
b00001010 '
1*
#763594455000
1!
1%
b11 (
#763636120000
0!
0%
#763677785000
1!
1%
b100 (
#763719450000
0!
0%
#763761115000
1!
b00001101 #
1%
b00001101 '
b0 (
1)
#763802780000
0!
0%
#763844445000
1!
1%
b1 (
#763886110000
0!
0%
#763927775000
1!
1%
b10 (
#763969440000
0!
b00000101 #
0%
b00000101 '
0*
#764011105000
1!
1%
b11 (
#764052770000
0!
0%
#764094435000
1!
1%
b100 (
#764136100000
0!
0%
#764177765000
1!
b00000010 #
1%
b00000010 '
b0 (
0)
#764219430000
0!
0%
#764261095000
1!
1%
b1 (
#764302760000
0!
0%
#764344425000
1!
1%
b10 (
#764386090000
0!
b00001010 #
0%
b00001010 '
1*
#764427755000
1!
1%
b11 (
#764469420000
0!
0%
#764511085000
1!
1%
b100 (
#764552750000
0!
0%
#764594415000
1!
b00001101 #
1%
b00001101 '
b0 (
1)
#764636080000
0!
0%
#764677745000
1!
1%
b1 (
#764719410000
0!
0%
#764761075000
1!
1%
b10 (
#764802740000
0!
b00000101 #
0%
b00000101 '
0*
#764844405000
1!
1%
b11 (
#764886070000
0!
0%
#764927735000
1!
1%
b100 (
#764969400000
0!
0%
#765011065000
1!
b00000010 #
1%
b00000010 '
b0 (
0)
#765052730000
0!
0%
#765094395000
1!
1%
b1 (
#765136060000
0!
0%
#765177725000
1!
1%
b10 (
#765219390000
0!
b00001010 #
0%
b00001010 '
1*
#765261055000
1!
1%
b11 (
#765302720000
0!
0%
#765344385000
1!
1%
b100 (
#765386050000
0!
0%
#765427715000
1!
b00001101 #
1%
b00001101 '
b0 (
1)
#765469380000
0!
0%
#765511045000
1!
1%
b1 (
#765552710000
0!
0%
#765594375000
1!
1%
b10 (
#765636040000
0!
b00000101 #
0%
b00000101 '
0*
#765677705000
1!
1%
b11 (
#765719370000
0!
0%
#765761035000
1!
1%
b100 (
#765802700000
0!
0%
#765844365000
1!
b00000010 #
1%
b00000010 '
b0 (
0)
#765886030000
0!
0%
#765927695000
1!
1%
b1 (
#765969360000
0!
0%
#766011025000
1!
1%
b10 (
#766052690000
0!
b00001010 #
0%
b00001010 '
1*
#766094355000
1!
1%
b11 (
#766136020000
0!
0%
#766177685000
1!
1%
b100 (
#766219350000
0!
0%
#766261015000
1!
b00001101 #
1%
b00001101 '
b0 (
1)
#766302680000
0!
0%
#766344345000
1!
1%
b1 (
#766386010000
0!
0%
#766427675000
1!
1%
b10 (
#766469340000
0!
b00000101 #
0%
b00000101 '
0*
#766511005000
1!
1%
b11 (
#766552670000
0!
0%
#766594335000
1!
1%
b100 (
#766636000000
0!
0%
#766677665000
1!
b00000010 #
1%
b00000010 '
b0 (
0)
#766719330000
0!
0%
#766760995000
1!
1%
b1 (
#766802660000
0!
0%
#766844325000
1!
1%
b10 (
#766885990000
0!
b00001010 #
0%
b00001010 '
1*
#766927655000
1!
1%
b11 (
#766969320000
0!
0%
#767010985000
1!
1%
b100 (
#767052650000
0!
0%
#767094315000
1!
b00001101 #
1%
b00001101 '
b0 (
1)
#767135980000
0!
0%
#767177645000
1!
1%
b1 (
#767219310000
0!
0%
#767260975000
1!
1%
b10 (
#767302640000
0!
b00000101 #
0%
b00000101 '
0*
#767344305000
1!
1%
b11 (
#767385970000
0!
0%
#767427635000
1!
1%
b100 (
#767469300000
0!
0%
#767510965000
1!
b00000010 #
1%
b00000010 '
b0 (
0)
#767552630000
0!
0%
#767594295000
1!
1%
b1 (
#767635960000
0!
0%
#767677625000
1!
1%
b10 (
#767719290000
0!
b00001010 #
0%
b00001010 '
1*
#767760955000
1!
1%
b11 (
#767802620000
0!
0%
#767844285000
1!
1%
b100 (
#767885950000
0!
0%
#767927615000
1!
b00001101 #
1%
b00001101 '
b0 (
1)
#767969280000
0!
0%
#768010945000
1!
1%
b1 (
#768052610000
0!
0%
#768094275000
1!
1%
b10 (
#768135940000
0!
b00000101 #
0%
b00000101 '
0*
#768177605000
1!
1%
b11 (
#768219270000
0!
0%
#768260935000
1!
1%
b100 (
#768302600000
0!
0%
#768344265000
1!
b00000010 #
1%
b00000010 '
b0 (
0)
#768385930000
0!
0%
#768427595000
1!
1%
b1 (
#768469260000
0!
0%
#768510925000
1!
1%
b10 (
#768552590000
0!
b00001010 #
0%
b00001010 '
1*
#768594255000
1!
1%
b11 (
#768635920000
0!
0%
#768677585000
1!
1%
b100 (
#768719250000
0!
0%
#768760915000
1!
b00001101 #
1%
b00001101 '
b0 (
1)
#768802580000
0!
0%
#768844245000
1!
1%
b1 (
#768885910000
0!
0%
#768927575000
1!
1%
b10 (
#768969240000
0!
b00000101 #
0%
b00000101 '
0*
#769010905000
1!
1%
b11 (
#769052570000
0!
0%
#769094235000
1!
1%
b100 (
#769135900000
0!
0%
#769177565000
1!
b00000010 #
1%
b00000010 '
b0 (
0)
#769219230000
0!
0%
#769260895000
1!
1%
b1 (
#769302560000
0!
0%
#769344225000
1!
1%
b10 (
#769385890000
0!
b00001010 #
0%
b00001010 '
1*
#769427555000
1!
1%
b11 (
#769469220000
0!
0%
#769510885000
1!
1%
b100 (
#769552550000
0!
0%
#769594215000
1!
b00001101 #
1%
b00001101 '
b0 (
1)
#769635880000
0!
0%
#769677545000
1!
1%
b1 (
#769719210000
0!
0%
#769760875000
1!
1%
b10 (
#769802540000
0!
b00000101 #
0%
b00000101 '
0*
#769844205000
1!
1%
b11 (
#769885870000
0!
0%
#769927535000
1!
1%
b100 (
#769969200000
0!
0%
#770010865000
1!
b00000010 #
1%
b00000010 '
b0 (
0)
#770052530000
0!
0%
#770094195000
1!
1%
b1 (
#770135860000
0!
0%
#770177525000
1!
1%
b10 (
#770219190000
0!
b00001010 #
0%
b00001010 '
1*
#770260855000
1!
1%
b11 (
#770302520000
0!
0%
#770344185000
1!
1%
b100 (
#770385850000
0!
0%
#770427515000
1!
b00001101 #
1%
b00001101 '
b0 (
1)
#770469180000
0!
0%
#770510845000
1!
1%
b1 (
#770552510000
0!
0%
#770594175000
1!
1%
b10 (
#770635840000
0!
b00000101 #
0%
b00000101 '
0*
#770677505000
1!
1%
b11 (
#770719170000
0!
0%
#770760835000
1!
1%
b100 (
#770802500000
0!
0%
#770844165000
1!
b00000010 #
1%
b00000010 '
b0 (
0)
#770885830000
0!
0%
#770927495000
1!
1%
b1 (
#770969160000
0!
0%
#771010825000
1!
1%
b10 (
#771052490000
0!
b00001010 #
0%
b00001010 '
1*
#771094155000
1!
1%
b11 (
#771135820000
0!
0%
#771177485000
1!
1%
b100 (
#771219150000
0!
0%
#771260815000
1!
b00001101 #
1%
b00001101 '
b0 (
1)
#771302480000
0!
0%
#771344145000
1!
1%
b1 (
#771385810000
0!
0%
#771427475000
1!
1%
b10 (
#771469140000
0!
b00000101 #
0%
b00000101 '
0*
#771510805000
1!
1%
b11 (
#771552470000
0!
0%
#771594135000
1!
1%
b100 (
#771635800000
0!
0%
#771677465000
1!
b00000010 #
1%
b00000010 '
b0 (
0)
#771719130000
0!
0%
#771760795000
1!
1%
b1 (
#771802460000
0!
0%
#771844125000
1!
1%
b10 (
#771885790000
0!
b00001010 #
0%
b00001010 '
1*
#771927455000
1!
1%
b11 (
#771969120000
0!
0%
#772010785000
1!
1%
b100 (
#772052450000
0!
0%
#772094115000
1!
b00001101 #
1%
b00001101 '
b0 (
1)
#772135780000
0!
0%
#772177445000
1!
1%
b1 (
#772219110000
0!
0%
#772260775000
1!
1%
b10 (
#772302440000
0!
b00000101 #
0%
b00000101 '
0*
#772344105000
1!
1%
b11 (
#772385770000
0!
0%
#772427435000
1!
1%
b100 (
#772469100000
0!
0%
#772510765000
1!
b00000010 #
1%
b00000010 '
b0 (
0)
#772552430000
0!
0%
#772594095000
1!
1%
b1 (
#772635760000
0!
0%
#772677425000
1!
1%
b10 (
#772719090000
0!
b00001010 #
0%
b00001010 '
1*
#772760755000
1!
1%
b11 (
#772802420000
0!
0%
#772844085000
1!
1%
b100 (
#772885750000
0!
0%
#772927415000
1!
b00001101 #
1%
b00001101 '
b0 (
1)
#772969080000
0!
0%
#773010745000
1!
1%
b1 (
#773052410000
0!
0%
#773094075000
1!
1%
b10 (
#773135740000
0!
b00000101 #
0%
b00000101 '
0*
#773177405000
1!
1%
b11 (
#773219070000
0!
0%
#773260735000
1!
1%
b100 (
#773302400000
0!
0%
#773344065000
1!
b00000010 #
1%
b00000010 '
b0 (
0)
#773385730000
0!
0%
#773427395000
1!
1%
b1 (
#773469060000
0!
0%
#773510725000
1!
1%
b10 (
#773552390000
0!
b00001010 #
0%
b00001010 '
1*
#773594055000
1!
1%
b11 (
#773635720000
0!
0%
#773677385000
1!
1%
b100 (
#773719050000
0!
0%
#773760715000
1!
b00001101 #
1%
b00001101 '
b0 (
1)
#773802380000
0!
0%
#773844045000
1!
1%
b1 (
#773885710000
0!
0%
#773927375000
1!
1%
b10 (
#773969040000
0!
b00000101 #
0%
b00000101 '
0*
#774010705000
1!
1%
b11 (
#774052370000
0!
0%
#774094035000
1!
1%
b100 (
#774135700000
0!
0%
#774177365000
1!
b00000010 #
1%
b00000010 '
b0 (
0)
#774219030000
0!
0%
#774260695000
1!
1%
b1 (
#774302360000
0!
0%
#774344025000
1!
1%
b10 (
#774385690000
0!
b00001010 #
0%
b00001010 '
1*
#774427355000
1!
1%
b11 (
#774469020000
0!
0%
#774510685000
1!
1%
b100 (
#774552350000
0!
0%
#774594015000
1!
b00001101 #
1%
b00001101 '
b0 (
1)
#774635680000
0!
0%
#774677345000
1!
1%
b1 (
#774719010000
0!
0%
#774760675000
1!
1%
b10 (
#774802340000
0!
b00000101 #
0%
b00000101 '
0*
#774844005000
1!
1%
b11 (
#774885670000
0!
0%
#774927335000
1!
1%
b100 (
#774969000000
0!
0%
#775010665000
1!
b00000010 #
1%
b00000010 '
b0 (
0)
#775052330000
0!
0%
#775093995000
1!
1%
b1 (
#775135660000
0!
0%
#775177325000
1!
1%
b10 (
#775218990000
0!
b00001010 #
0%
b00001010 '
1*
#775260655000
1!
1%
b11 (
#775302320000
0!
0%
#775343985000
1!
1%
b100 (
#775385650000
0!
0%
#775427315000
1!
b00001101 #
1%
b00001101 '
b0 (
1)
#775468980000
0!
0%
#775510645000
1!
1%
b1 (
#775552310000
0!
0%
#775593975000
1!
1%
b10 (
#775635640000
0!
b00000101 #
0%
b00000101 '
0*
#775677305000
1!
1%
b11 (
#775718970000
0!
0%
#775760635000
1!
1%
b100 (
#775802300000
0!
0%
#775843965000
1!
b00000010 #
1%
b00000010 '
b0 (
0)
#775885630000
0!
0%
#775927295000
1!
1%
b1 (
#775968960000
0!
0%
#776010625000
1!
1%
b10 (
#776052290000
0!
b00001010 #
0%
b00001010 '
1*
#776093955000
1!
1%
b11 (
#776135620000
0!
0%
#776177285000
1!
1%
b100 (
#776218950000
0!
0%
#776260615000
1!
b00001101 #
1%
b00001101 '
b0 (
1)
#776302280000
0!
0%
#776343945000
1!
1%
b1 (
#776385610000
0!
0%
#776427275000
1!
1%
b10 (
#776468940000
0!
b00000101 #
0%
b00000101 '
0*
#776510605000
1!
1%
b11 (
#776552270000
0!
0%
#776593935000
1!
1%
b100 (
#776635600000
0!
0%
#776677265000
1!
b00000010 #
1%
b00000010 '
b0 (
0)
#776718930000
0!
0%
#776760595000
1!
1%
b1 (
#776802260000
0!
0%
#776843925000
1!
1%
b10 (
#776885590000
0!
b00001010 #
0%
b00001010 '
1*
#776927255000
1!
1%
b11 (
#776968920000
0!
0%
#777010585000
1!
1%
b100 (
#777052250000
0!
0%
#777093915000
1!
b00001101 #
1%
b00001101 '
b0 (
1)
#777135580000
0!
0%
#777177245000
1!
1%
b1 (
#777218910000
0!
0%
#777260575000
1!
1%
b10 (
#777302240000
0!
b00000101 #
0%
b00000101 '
0*
#777343905000
1!
1%
b11 (
#777385570000
0!
0%
#777427235000
1!
1%
b100 (
#777468900000
0!
0%
#777510565000
1!
b00000010 #
1%
b00000010 '
b0 (
0)
#777552230000
0!
0%
#777593895000
1!
1%
b1 (
#777635560000
0!
0%
#777677225000
1!
1%
b10 (
#777718890000
0!
b00001010 #
0%
b00001010 '
1*
#777760555000
1!
1%
b11 (
#777802220000
0!
0%
#777843885000
1!
1%
b100 (
#777885550000
0!
0%
#777927215000
1!
b00001101 #
1%
b00001101 '
b0 (
1)
#777968880000
0!
0%
#778010545000
1!
1%
b1 (
#778052210000
0!
0%
#778093875000
1!
1%
b10 (
#778135540000
0!
b00000101 #
0%
b00000101 '
0*
#778177205000
1!
1%
b11 (
#778218870000
0!
0%
#778260535000
1!
1%
b100 (
#778302200000
0!
0%
#778343865000
1!
b00000010 #
1%
b00000010 '
b0 (
0)
#778385530000
0!
0%
#778427195000
1!
1%
b1 (
#778468860000
0!
0%
#778510525000
1!
1%
b10 (
#778552190000
0!
b00001010 #
0%
b00001010 '
1*
#778593855000
1!
1%
b11 (
#778635520000
0!
0%
#778677185000
1!
1%
b100 (
#778718850000
0!
0%
#778760515000
1!
b00001101 #
1%
b00001101 '
b0 (
1)
#778802180000
0!
0%
#778843845000
1!
1%
b1 (
#778885510000
0!
0%
#778927175000
1!
1%
b10 (
#778968840000
0!
b00000101 #
0%
b00000101 '
0*
#779010505000
1!
1%
b11 (
#779052170000
0!
0%
#779093835000
1!
1%
b100 (
#779135500000
0!
0%
#779177165000
1!
b00000010 #
1%
b00000010 '
b0 (
0)
#779218830000
0!
0%
#779260495000
1!
1%
b1 (
#779302160000
0!
0%
#779343825000
1!
1%
b10 (
#779385490000
0!
b00001010 #
0%
b00001010 '
1*
#779427155000
1!
1%
b11 (
#779468820000
0!
0%
#779510485000
1!
1%
b100 (
#779552150000
0!
0%
#779593815000
1!
b00001101 #
1%
b00001101 '
b0 (
1)
#779635480000
0!
0%
#779677145000
1!
1%
b1 (
#779718810000
0!
0%
#779760475000
1!
1%
b10 (
#779802140000
0!
b00000101 #
0%
b00000101 '
0*
#779843805000
1!
1%
b11 (
#779885470000
0!
0%
#779927135000
1!
1%
b100 (
#779968800000
0!
0%
#780010465000
1!
b00000010 #
1%
b00000010 '
b0 (
0)
#780052130000
0!
0%
#780093795000
1!
1%
b1 (
#780135460000
0!
0%
#780177125000
1!
1%
b10 (
#780218790000
0!
b00001010 #
0%
b00001010 '
1*
#780260455000
1!
1%
b11 (
#780302120000
0!
0%
#780343785000
1!
1%
b100 (
#780385450000
0!
0%
#780427115000
1!
b00001101 #
1%
b00001101 '
b0 (
1)
#780468780000
0!
0%
#780510445000
1!
1%
b1 (
#780552110000
0!
0%
#780593775000
1!
1%
b10 (
#780635440000
0!
b00000101 #
0%
b00000101 '
0*
#780677105000
1!
1%
b11 (
#780718770000
0!
0%
#780760435000
1!
1%
b100 (
#780802100000
0!
0%
#780843765000
1!
b00000010 #
1%
b00000010 '
b0 (
0)
#780885430000
0!
0%
#780927095000
1!
1%
b1 (
#780968760000
0!
0%
#781010425000
1!
1%
b10 (
#781052090000
0!
b00001010 #
0%
b00001010 '
1*
#781093755000
1!
1%
b11 (
#781135420000
0!
0%
#781177085000
1!
1%
b100 (
#781218750000
0!
0%
#781260415000
1!
b00001101 #
1%
b00001101 '
b0 (
1)
#781302080000
0!
0%
#781343745000
1!
1%
b1 (
#781385410000
0!
0%
#781427075000
1!
1%
b10 (
#781468740000
0!
b00000101 #
0%
b00000101 '
0*
#781510405000
1!
1%
b11 (
#781552070000
0!
0%
#781593735000
1!
1%
b100 (
#781635400000
0!
0%
#781677065000
1!
b00000010 #
1%
b00000010 '
b0 (
0)
#781718730000
0!
0%
#781760395000
1!
1%
b1 (
#781802060000
0!
0%
#781843725000
1!
1%
b10 (
#781885390000
0!
b00001010 #
0%
b00001010 '
1*
#781927055000
1!
1%
b11 (
#781968720000
0!
0%
#782010385000
1!
1%
b100 (
#782052050000
0!
0%
#782093715000
1!
b00001101 #
1%
b00001101 '
b0 (
1)
#782135380000
0!
0%
#782177045000
1!
1%
b1 (
#782218710000
0!
0%
#782260375000
1!
1%
b10 (
#782302040000
0!
b00000101 #
0%
b00000101 '
0*
#782343705000
1!
1%
b11 (
#782385370000
0!
0%
#782427035000
1!
1%
b100 (
#782468700000
0!
0%
#782510365000
1!
b00000010 #
1%
b00000010 '
b0 (
0)
#782552030000
0!
0%
#782593695000
1!
1%
b1 (
#782635360000
0!
0%
#782677025000
1!
1%
b10 (
#782718690000
0!
b00001010 #
0%
b00001010 '
1*
#782760355000
1!
1%
b11 (
#782802020000
0!
0%
#782843685000
1!
1%
b100 (
#782885350000
0!
0%
#782927015000
1!
b00001101 #
1%
b00001101 '
b0 (
1)
#782968680000
0!
0%
#783010345000
1!
1%
b1 (
#783052010000
0!
0%
#783093675000
1!
1%
b10 (
#783135340000
0!
b00000101 #
0%
b00000101 '
0*
#783177005000
1!
1%
b11 (
#783218670000
0!
0%
#783260335000
1!
1%
b100 (
#783302000000
0!
0%
#783343665000
1!
b00000010 #
1%
b00000010 '
b0 (
0)
#783385330000
0!
0%
#783426995000
1!
1%
b1 (
#783468660000
0!
0%
#783510325000
1!
1%
b10 (
#783551990000
0!
b00001010 #
0%
b00001010 '
1*
#783593655000
1!
1%
b11 (
#783635320000
0!
0%
#783676985000
1!
1%
b100 (
#783718650000
0!
0%
#783760315000
1!
b00001101 #
1%
b00001101 '
b0 (
1)
#783801980000
0!
0%
#783843645000
1!
1%
b1 (
#783885310000
0!
0%
#783926975000
1!
1%
b10 (
#783968640000
0!
b00000101 #
0%
b00000101 '
0*
#784010305000
1!
1%
b11 (
#784051970000
0!
0%
#784093635000
1!
1%
b100 (
#784135300000
0!
0%
#784176965000
1!
b00000010 #
1%
b00000010 '
b0 (
0)
#784218630000
0!
0%
#784260295000
1!
1%
b1 (
#784301960000
0!
0%
#784343625000
1!
1%
b10 (
#784385290000
0!
b00001010 #
0%
b00001010 '
1*
#784426955000
1!
1%
b11 (
#784468620000
0!
0%
#784510285000
1!
1%
b100 (
#784551950000
0!
0%
#784593615000
1!
b00001101 #
1%
b00001101 '
b0 (
1)
#784635280000
0!
0%
#784676945000
1!
1%
b1 (
#784718610000
0!
0%
#784760275000
1!
1%
b10 (
#784801940000
0!
b00000101 #
0%
b00000101 '
0*
#784843605000
1!
1%
b11 (
#784885270000
0!
0%
#784926935000
1!
1%
b100 (
#784968600000
0!
0%
#785010265000
1!
b00000010 #
1%
b00000010 '
b0 (
0)
#785051930000
0!
0%
#785093595000
1!
1%
b1 (
#785135260000
0!
0%
#785176925000
1!
1%
b10 (
#785218590000
0!
b00001010 #
0%
b00001010 '
1*
#785260255000
1!
1%
b11 (
#785301920000
0!
0%
#785343585000
1!
1%
b100 (
#785385250000
0!
0%
#785426915000
1!
b00001101 #
1%
b00001101 '
b0 (
1)
#785468580000
0!
0%
#785510245000
1!
1%
b1 (
#785551910000
0!
0%
#785593575000
1!
1%
b10 (
#785635240000
0!
b00000101 #
0%
b00000101 '
0*
#785676905000
1!
1%
b11 (
#785718570000
0!
0%
#785760235000
1!
1%
b100 (
#785801900000
0!
0%
#785843565000
1!
b00000010 #
1%
b00000010 '
b0 (
0)
#785885230000
0!
0%
#785926895000
1!
1%
b1 (
#785968560000
0!
0%
#786010225000
1!
1%
b10 (
#786051890000
0!
b00001010 #
0%
b00001010 '
1*
#786093555000
1!
1%
b11 (
#786135220000
0!
0%
#786176885000
1!
1%
b100 (
#786218550000
0!
0%
#786260215000
1!
b00001101 #
1%
b00001101 '
b0 (
1)
#786301880000
0!
0%
#786343545000
1!
1%
b1 (
#786385210000
0!
0%
#786426875000
1!
1%
b10 (
#786468540000
0!
b00000101 #
0%
b00000101 '
0*
#786510205000
1!
1%
b11 (
#786551870000
0!
0%
#786593535000
1!
1%
b100 (
#786635200000
0!
0%
#786676865000
1!
b00000010 #
1%
b00000010 '
b0 (
0)
#786718530000
0!
0%
#786760195000
1!
1%
b1 (
#786801860000
0!
0%
#786843525000
1!
1%
b10 (
#786885190000
0!
b00001010 #
0%
b00001010 '
1*
#786926855000
1!
1%
b11 (
#786968520000
0!
0%
#787010185000
1!
1%
b100 (
#787051850000
0!
0%
#787093515000
1!
b00001101 #
1%
b00001101 '
b0 (
1)
#787135180000
0!
0%
#787176845000
1!
1%
b1 (
#787218510000
0!
0%
#787260175000
1!
1%
b10 (
#787301840000
0!
b00000101 #
0%
b00000101 '
0*
#787343505000
1!
1%
b11 (
#787385170000
0!
0%
#787426835000
1!
1%
b100 (
#787468500000
0!
0%
#787510165000
1!
b00000010 #
1%
b00000010 '
b0 (
0)
#787551830000
0!
0%
#787593495000
1!
1%
b1 (
#787635160000
0!
0%
#787676825000
1!
1%
b10 (
#787718490000
0!
b00001010 #
0%
b00001010 '
1*
#787760155000
1!
1%
b11 (
#787801820000
0!
0%
#787843485000
1!
1%
b100 (
#787885150000
0!
0%
#787926815000
1!
b00001101 #
1%
b00001101 '
b0 (
1)
#787968480000
0!
0%
#788010145000
1!
1%
b1 (
#788051810000
0!
0%
#788093475000
1!
1%
b10 (
#788135140000
0!
b00000101 #
0%
b00000101 '
0*
#788176805000
1!
1%
b11 (
#788218470000
0!
0%
#788260135000
1!
1%
b100 (
#788301800000
0!
0%
#788343465000
1!
b00000010 #
1%
b00000010 '
b0 (
0)
#788385130000
0!
0%
#788426795000
1!
1%
b1 (
#788468460000
0!
0%
#788510125000
1!
1%
b10 (
#788551790000
0!
b00001010 #
0%
b00001010 '
1*
#788593455000
1!
1%
b11 (
#788635120000
0!
0%
#788676785000
1!
1%
b100 (
#788718450000
0!
0%
#788760115000
1!
b00001101 #
1%
b00001101 '
b0 (
1)
#788801780000
0!
0%
#788843445000
1!
1%
b1 (
#788885110000
0!
0%
#788926775000
1!
1%
b10 (
#788968440000
0!
b00000101 #
0%
b00000101 '
0*
#789010105000
1!
1%
b11 (
#789051770000
0!
0%
#789093435000
1!
1%
b100 (
#789135100000
0!
0%
#789176765000
1!
b00000010 #
1%
b00000010 '
b0 (
0)
#789218430000
0!
0%
#789260095000
1!
1%
b1 (
#789301760000
0!
0%
#789343425000
1!
1%
b10 (
#789385090000
0!
b00001010 #
0%
b00001010 '
1*
#789426755000
1!
1%
b11 (
#789468420000
0!
0%
#789510085000
1!
1%
b100 (
#789551750000
0!
0%
#789593415000
1!
b00001101 #
1%
b00001101 '
b0 (
1)
#789635080000
0!
0%
#789676745000
1!
1%
b1 (
#789718410000
0!
0%
#789760075000
1!
1%
b10 (
#789801740000
0!
b00000101 #
0%
b00000101 '
0*
#789843405000
1!
1%
b11 (
#789885070000
0!
0%
#789926735000
1!
1%
b100 (
#789968400000
0!
0%
#790010065000
1!
b00000010 #
1%
b00000010 '
b0 (
0)
#790051730000
0!
0%
#790093395000
1!
1%
b1 (
#790135060000
0!
0%
#790176725000
1!
1%
b10 (
#790218390000
0!
b00001010 #
0%
b00001010 '
1*
#790260055000
1!
1%
b11 (
#790301720000
0!
0%
#790343385000
1!
1%
b100 (
#790385050000
0!
0%
#790426715000
1!
b00001101 #
1%
b00001101 '
b0 (
1)
#790468380000
0!
0%
#790510045000
1!
1%
b1 (
#790551710000
0!
0%
#790593375000
1!
1%
b10 (
#790635040000
0!
b00000101 #
0%
b00000101 '
0*
#790676705000
1!
1%
b11 (
#790718370000
0!
0%
#790760035000
1!
1%
b100 (
#790801700000
0!
0%
#790843365000
1!
b00000010 #
1%
b00000010 '
b0 (
0)
#790885030000
0!
0%
#790926695000
1!
1%
b1 (
#790968360000
0!
0%
#791010025000
1!
1%
b10 (
#791051690000
0!
b00001010 #
0%
b00001010 '
1*
#791093355000
1!
1%
b11 (
#791135020000
0!
0%
#791176685000
1!
1%
b100 (
#791218350000
0!
0%
#791260015000
1!
b00001101 #
1%
b00001101 '
b0 (
1)
#791301680000
0!
0%
#791343345000
1!
1%
b1 (
#791385010000
0!
0%
#791426675000
1!
1%
b10 (
#791468340000
0!
b00000101 #
0%
b00000101 '
0*
#791510005000
1!
1%
b11 (
#791551670000
0!
0%
#791593335000
1!
1%
b100 (
#791635000000
0!
0%
#791676665000
1!
b00000010 #
1%
b00000010 '
b0 (
0)
#791718330000
0!
0%
#791759995000
1!
1%
b1 (
#791801660000
0!
0%
#791843325000
1!
1%
b10 (
#791884990000
0!
b00001010 #
0%
b00001010 '
1*
#791926655000
1!
1%
b11 (
#791968320000
0!
0%
#792009985000
1!
1%
b100 (
#792051650000
0!
0%
#792093315000
1!
b00001101 #
1%
b00001101 '
b0 (
1)
#792134980000
0!
0%
#792176645000
1!
1%
b1 (
#792218310000
0!
0%
#792259975000
1!
1%
b10 (
#792301640000
0!
b00000101 #
0%
b00000101 '
0*
#792343305000
1!
1%
b11 (
#792384970000
0!
0%
#792426635000
1!
1%
b100 (
#792468300000
0!
0%
#792509965000
1!
b00000010 #
1%
b00000010 '
b0 (
0)
#792551630000
0!
0%
#792593295000
1!
1%
b1 (
#792634960000
0!
0%
#792676625000
1!
1%
b10 (
#792718290000
0!
b00001010 #
0%
b00001010 '
1*
#792759955000
1!
1%
b11 (
#792801620000
0!
0%
#792843285000
1!
1%
b100 (
#792884950000
0!
0%
#792926615000
1!
b00001101 #
1%
b00001101 '
b0 (
1)
#792968280000
0!
0%
#793009945000
1!
1%
b1 (
#793051610000
0!
0%
#793093275000
1!
1%
b10 (
#793134940000
0!
b00000101 #
0%
b00000101 '
0*
#793176605000
1!
1%
b11 (
#793218270000
0!
0%
#793259935000
1!
1%
b100 (
#793301600000
0!
0%
#793343265000
1!
b00000010 #
1%
b00000010 '
b0 (
0)
#793384930000
0!
0%
#793426595000
1!
1%
b1 (
#793468260000
0!
0%
#793509925000
1!
1%
b10 (
#793551590000
0!
b00001010 #
0%
b00001010 '
1*
#793593255000
1!
1%
b11 (
#793634920000
0!
0%
#793676585000
1!
1%
b100 (
#793718250000
0!
0%
#793759915000
1!
b00001101 #
1%
b00001101 '
b0 (
1)
#793801580000
0!
0%
#793843245000
1!
1%
b1 (
#793884910000
0!
0%
#793926575000
1!
1%
b10 (
#793968240000
0!
b00000101 #
0%
b00000101 '
0*
#794009905000
1!
1%
b11 (
#794051570000
0!
0%
#794093235000
1!
1%
b100 (
#794134900000
0!
0%
#794176565000
1!
b00000010 #
1%
b00000010 '
b0 (
0)
#794218230000
0!
0%
#794259895000
1!
1%
b1 (
#794301560000
0!
0%
#794343225000
1!
1%
b10 (
#794384890000
0!
b00001010 #
0%
b00001010 '
1*
#794426555000
1!
1%
b11 (
#794468220000
0!
0%
#794509885000
1!
1%
b100 (
#794551550000
0!
0%
#794593215000
1!
b00001101 #
1%
b00001101 '
b0 (
1)
#794634880000
0!
0%
#794676545000
1!
1%
b1 (
#794718210000
0!
0%
#794759875000
1!
1%
b10 (
#794801540000
0!
b00000101 #
0%
b00000101 '
0*
#794843205000
1!
1%
b11 (
#794884870000
0!
0%
#794926535000
1!
1%
b100 (
#794968200000
0!
0%
#795009865000
1!
b00000010 #
1%
b00000010 '
b0 (
0)
#795051530000
0!
0%
#795093195000
1!
1%
b1 (
#795134860000
0!
0%
#795176525000
1!
1%
b10 (
#795218190000
0!
b00001010 #
0%
b00001010 '
1*
#795259855000
1!
1%
b11 (
#795301520000
0!
0%
#795343185000
1!
1%
b100 (
#795384850000
0!
0%
#795426515000
1!
b00001101 #
1%
b00001101 '
b0 (
1)
#795468180000
0!
0%
#795509845000
1!
1%
b1 (
#795551510000
0!
0%
#795593175000
1!
1%
b10 (
#795634840000
0!
b00000101 #
0%
b00000101 '
0*
#795676505000
1!
1%
b11 (
#795718170000
0!
0%
#795759835000
1!
1%
b100 (
#795801500000
0!
0%
#795843165000
1!
b00000010 #
1%
b00000010 '
b0 (
0)
#795884830000
0!
0%
#795926495000
1!
1%
b1 (
#795968160000
0!
0%
#796009825000
1!
1%
b10 (
#796051490000
0!
b00001010 #
0%
b00001010 '
1*
#796093155000
1!
1%
b11 (
#796134820000
0!
0%
#796176485000
1!
1%
b100 (
#796218150000
0!
0%
#796259815000
1!
b00001101 #
1%
b00001101 '
b0 (
1)
#796301480000
0!
0%
#796343145000
1!
1%
b1 (
#796384810000
0!
0%
#796426475000
1!
1%
b10 (
#796468140000
0!
b00000101 #
0%
b00000101 '
0*
#796509805000
1!
1%
b11 (
#796551470000
0!
0%
#796593135000
1!
1%
b100 (
#796634800000
0!
0%
#796676465000
1!
b00000010 #
1%
b00000010 '
b0 (
0)
#796718130000
0!
0%
#796759795000
1!
1%
b1 (
#796801460000
0!
0%
#796843125000
1!
1%
b10 (
#796884790000
0!
b00001010 #
0%
b00001010 '
1*
#796926455000
1!
1%
b11 (
#796968120000
0!
0%
#797009785000
1!
1%
b100 (
#797051450000
0!
0%
#797093115000
1!
b00001101 #
1%
b00001101 '
b0 (
1)
#797134780000
0!
0%
#797176445000
1!
1%
b1 (
#797218110000
0!
0%
#797259775000
1!
1%
b10 (
#797301440000
0!
b00000101 #
0%
b00000101 '
0*
#797343105000
1!
1%
b11 (
#797384770000
0!
0%
#797426435000
1!
1%
b100 (
#797468100000
0!
0%
#797509765000
1!
b00000010 #
1%
b00000010 '
b0 (
0)
#797551430000
0!
0%
#797593095000
1!
1%
b1 (
#797634760000
0!
0%
#797676425000
1!
1%
b10 (
#797718090000
0!
b00001010 #
0%
b00001010 '
1*
#797759755000
1!
1%
b11 (
#797801420000
0!
0%
#797843085000
1!
1%
b100 (
#797884750000
0!
0%
#797926415000
1!
b00001101 #
1%
b00001101 '
b0 (
1)
#797968080000
0!
0%
#798009745000
1!
1%
b1 (
#798051410000
0!
0%
#798093075000
1!
1%
b10 (
#798134740000
0!
b00000101 #
0%
b00000101 '
0*
#798176405000
1!
1%
b11 (
#798218070000
0!
0%
#798259735000
1!
1%
b100 (
#798301400000
0!
0%
#798343065000
1!
b00000010 #
1%
b00000010 '
b0 (
0)
#798384730000
0!
0%
#798426395000
1!
1%
b1 (
#798468060000
0!
0%
#798509725000
1!
1%
b10 (
#798551390000
0!
b00001010 #
0%
b00001010 '
1*
#798593055000
1!
1%
b11 (
#798634720000
0!
0%
#798676385000
1!
1%
b100 (
#798718050000
0!
0%
#798759715000
1!
b00001101 #
1%
b00001101 '
b0 (
1)
#798801380000
0!
0%
#798843045000
1!
1%
b1 (
#798884710000
0!
0%
#798926375000
1!
1%
b10 (
#798968040000
0!
b00000101 #
0%
b00000101 '
0*
#799009705000
1!
1%
b11 (
#799051370000
0!
0%
#799093035000
1!
1%
b100 (
#799134700000
0!
0%
#799176365000
1!
b00000010 #
1%
b00000010 '
b0 (
0)
#799218030000
0!
0%
#799259695000
1!
1%
b1 (
#799301360000
0!
0%
#799343025000
1!
1%
b10 (
#799384690000
0!
b00001010 #
0%
b00001010 '
1*
#799426355000
1!
1%
b11 (
#799468020000
0!
0%
#799509685000
1!
1%
b100 (
#799551350000
0!
0%
#799593015000
1!
b00001101 #
1%
b00001101 '
b0 (
1)
#799634680000
0!
0%
#799676345000
1!
1%
b1 (
#799718010000
0!
0%
#799759675000
1!
1%
b10 (
#799801340000
0!
b00000101 #
0%
b00000101 '
0*
#799843005000
1!
1%
b11 (
#799884670000
0!
0%
#799926335000
1!
1%
b100 (
#799968000000
0!
0%
#800009665000
1!
b00000010 #
1%
b00000010 '
b0 (
0)
#800051330000
0!
0%
#800092995000
1!
1%
b1 (
#800134660000
0!
0%
#800176325000
1!
1%
b10 (
#800217990000
0!
b00001010 #
0%
b00001010 '
1*
#800259655000
1!
1%
b11 (
#800301320000
0!
0%
#800342985000
1!
1%
b100 (
#800384650000
0!
0%
#800426315000
1!
b00001101 #
1%
b00001101 '
b0 (
1)
#800467980000
0!
0%
#800509645000
1!
1%
b1 (
#800551310000
0!
0%
#800592975000
1!
1%
b10 (
#800634640000
0!
b00000101 #
0%
b00000101 '
0*
#800676305000
1!
1%
b11 (
#800717970000
0!
0%
#800759635000
1!
1%
b100 (
#800801300000
0!
0%
#800842965000
1!
b00000010 #
1%
b00000010 '
b0 (
0)
#800884630000
0!
0%
#800926295000
1!
1%
b1 (
#800967960000
0!
0%
#801009625000
1!
1%
b10 (
#801051290000
0!
b00001010 #
0%
b00001010 '
1*
#801092955000
1!
1%
b11 (
#801134620000
0!
0%
#801176285000
1!
1%
b100 (
#801217950000
0!
0%
#801259615000
1!
b00001101 #
1%
b00001101 '
b0 (
1)
#801301280000
0!
0%
#801342945000
1!
1%
b1 (
#801384610000
0!
0%
#801426275000
1!
1%
b10 (
#801467940000
0!
b00000101 #
0%
b00000101 '
0*
#801509605000
1!
1%
b11 (
#801551270000
0!
0%
#801592935000
1!
1%
b100 (
#801634600000
0!
0%
#801676265000
1!
b00000010 #
1%
b00000010 '
b0 (
0)
#801717930000
0!
0%
#801759595000
1!
1%
b1 (
#801801260000
0!
0%
#801842925000
1!
1%
b10 (
#801884590000
0!
b00001010 #
0%
b00001010 '
1*
#801926255000
1!
1%
b11 (
#801967920000
0!
0%
#802009585000
1!
1%
b100 (
#802051250000
0!
0%
#802092915000
1!
b00001101 #
1%
b00001101 '
b0 (
1)
#802134580000
0!
0%
#802176245000
1!
1%
b1 (
#802217910000
0!
0%
#802259575000
1!
1%
b10 (
#802301240000
0!
b00000101 #
0%
b00000101 '
0*
#802342905000
1!
1%
b11 (
#802384570000
0!
0%
#802426235000
1!
1%
b100 (
#802467900000
0!
0%
#802509565000
1!
b00000010 #
1%
b00000010 '
b0 (
0)
#802551230000
0!
0%
#802592895000
1!
1%
b1 (
#802634560000
0!
0%
#802676225000
1!
1%
b10 (
#802717890000
0!
b00001010 #
0%
b00001010 '
1*
#802759555000
1!
1%
b11 (
#802801220000
0!
0%
#802842885000
1!
1%
b100 (
#802884550000
0!
0%
#802926215000
1!
b00001101 #
1%
b00001101 '
b0 (
1)
#802967880000
0!
0%
#803009545000
1!
1%
b1 (
#803051210000
0!
0%
#803092875000
1!
1%
b10 (
#803134540000
0!
b00000101 #
0%
b00000101 '
0*
#803176205000
1!
1%
b11 (
#803217870000
0!
0%
#803259535000
1!
1%
b100 (
#803301200000
0!
0%
#803342865000
1!
b00000010 #
1%
b00000010 '
b0 (
0)
#803384530000
0!
0%
#803426195000
1!
1%
b1 (
#803467860000
0!
0%
#803509525000
1!
1%
b10 (
#803551190000
0!
b00001010 #
0%
b00001010 '
1*
#803592855000
1!
1%
b11 (
#803634520000
0!
0%
#803676185000
1!
1%
b100 (
#803717850000
0!
0%
#803759515000
1!
b00001101 #
1%
b00001101 '
b0 (
1)
#803801180000
0!
0%
#803842845000
1!
1%
b1 (
#803884510000
0!
0%
#803926175000
1!
1%
b10 (
#803967840000
0!
b00000101 #
0%
b00000101 '
0*
#804009505000
1!
1%
b11 (
#804051170000
0!
0%
#804092835000
1!
1%
b100 (
#804134500000
0!
0%
#804176165000
1!
b00000010 #
1%
b00000010 '
b0 (
0)
#804217830000
0!
0%
#804259495000
1!
1%
b1 (
#804301160000
0!
0%
#804342825000
1!
1%
b10 (
#804384490000
0!
b00001010 #
0%
b00001010 '
1*
#804426155000
1!
1%
b11 (
#804467820000
0!
0%
#804509485000
1!
1%
b100 (
#804551150000
0!
0%
#804592815000
1!
b00001101 #
1%
b00001101 '
b0 (
1)
#804634480000
0!
0%
#804676145000
1!
1%
b1 (
#804717810000
0!
0%
#804759475000
1!
1%
b10 (
#804801140000
0!
b00000101 #
0%
b00000101 '
0*
#804842805000
1!
1%
b11 (
#804884470000
0!
0%
#804926135000
1!
1%
b100 (
#804967800000
0!
0%
#805009465000
1!
b00000010 #
1%
b00000010 '
b0 (
0)
#805051130000
0!
0%
#805092795000
1!
1%
b1 (
#805134460000
0!
0%
#805176125000
1!
1%
b10 (
#805217790000
0!
b00001010 #
0%
b00001010 '
1*
#805259455000
1!
1%
b11 (
#805301120000
0!
0%
#805342785000
1!
1%
b100 (
#805384450000
0!
0%
#805426115000
1!
b00001101 #
1%
b00001101 '
b0 (
1)
#805467780000
0!
0%
#805509445000
1!
1%
b1 (
#805551110000
0!
0%
#805592775000
1!
1%
b10 (
#805634440000
0!
b00000101 #
0%
b00000101 '
0*
#805676105000
1!
1%
b11 (
#805717770000
0!
0%
#805759435000
1!
1%
b100 (
#805801100000
0!
0%
#805842765000
1!
b00000010 #
1%
b00000010 '
b0 (
0)
#805884430000
0!
0%
#805926095000
1!
1%
b1 (
#805967760000
0!
0%
#806009425000
1!
1%
b10 (
#806051090000
0!
b00001010 #
0%
b00001010 '
1*
#806092755000
1!
1%
b11 (
#806134420000
0!
0%
#806176085000
1!
1%
b100 (
#806217750000
0!
0%
#806259415000
1!
b00001101 #
1%
b00001101 '
b0 (
1)
#806301080000
0!
0%
#806342745000
1!
1%
b1 (
#806384410000
0!
0%
#806426075000
1!
1%
b10 (
#806467740000
0!
b00000101 #
0%
b00000101 '
0*
#806509405000
1!
1%
b11 (
#806551070000
0!
0%
#806592735000
1!
1%
b100 (
#806634400000
0!
0%
#806676065000
1!
b00000010 #
1%
b00000010 '
b0 (
0)
#806717730000
0!
0%
#806759395000
1!
1%
b1 (
#806801060000
0!
0%
#806842725000
1!
1%
b10 (
#806884390000
0!
b00001010 #
0%
b00001010 '
1*
#806926055000
1!
1%
b11 (
#806967720000
0!
0%
#807009385000
1!
1%
b100 (
#807051050000
0!
0%
#807092715000
1!
b00001101 #
1%
b00001101 '
b0 (
1)
#807134380000
0!
0%
#807176045000
1!
1%
b1 (
#807217710000
0!
0%
#807259375000
1!
1%
b10 (
#807301040000
0!
b00000101 #
0%
b00000101 '
0*
#807342705000
1!
1%
b11 (
#807384370000
0!
0%
#807426035000
1!
1%
b100 (
#807467700000
0!
0%
#807509365000
1!
b00000010 #
1%
b00000010 '
b0 (
0)
#807551030000
0!
0%
#807592695000
1!
1%
b1 (
#807634360000
0!
0%
#807676025000
1!
1%
b10 (
#807717690000
0!
b00001010 #
0%
b00001010 '
1*
#807759355000
1!
1%
b11 (
#807801020000
0!
0%
#807842685000
1!
1%
b100 (
#807884350000
0!
0%
#807926015000
1!
b00001101 #
1%
b00001101 '
b0 (
1)
#807967680000
0!
0%
#808009345000
1!
1%
b1 (
#808051010000
0!
0%
#808092675000
1!
1%
b10 (
#808134340000
0!
b00000101 #
0%
b00000101 '
0*
#808176005000
1!
1%
b11 (
#808217670000
0!
0%
#808259335000
1!
1%
b100 (
#808301000000
0!
0%
#808342665000
1!
b00000010 #
1%
b00000010 '
b0 (
0)
#808384330000
0!
0%
#808425995000
1!
1%
b1 (
#808467660000
0!
0%
#808509325000
1!
1%
b10 (
#808550990000
0!
b00001010 #
0%
b00001010 '
1*
#808592655000
1!
1%
b11 (
#808634320000
0!
0%
#808675985000
1!
1%
b100 (
#808717650000
0!
0%
#808759315000
1!
b00001101 #
1%
b00001101 '
b0 (
1)
#808800980000
0!
0%
#808842645000
1!
1%
b1 (
#808884310000
0!
0%
#808925975000
1!
1%
b10 (
#808967640000
0!
b00000101 #
0%
b00000101 '
0*
#809009305000
1!
1%
b11 (
#809050970000
0!
0%
#809092635000
1!
1%
b100 (
#809134300000
0!
0%
#809175965000
1!
b00000010 #
1%
b00000010 '
b0 (
0)
#809217630000
0!
0%
#809259295000
1!
1%
b1 (
#809300960000
0!
0%
#809342625000
1!
1%
b10 (
#809384290000
0!
b00001010 #
0%
b00001010 '
1*
#809425955000
1!
1%
b11 (
#809467620000
0!
0%
#809509285000
1!
1%
b100 (
#809550950000
0!
0%
#809592615000
1!
b00001101 #
1%
b00001101 '
b0 (
1)
#809634280000
0!
0%
#809675945000
1!
1%
b1 (
#809717610000
0!
0%
#809759275000
1!
1%
b10 (
#809800940000
0!
b00000101 #
0%
b00000101 '
0*
#809842605000
1!
1%
b11 (
#809884270000
0!
0%
#809925935000
1!
1%
b100 (
#809967600000
0!
0%
#810009265000
1!
b00000010 #
1%
b00000010 '
b0 (
0)
#810050930000
0!
0%
#810092595000
1!
1%
b1 (
#810134260000
0!
0%
#810175925000
1!
1%
b10 (
#810217590000
0!
b00001010 #
0%
b00001010 '
1*
#810259255000
1!
1%
b11 (
#810300920000
0!
0%
#810342585000
1!
1%
b100 (
#810384250000
0!
0%
#810425915000
1!
b00001101 #
1%
b00001101 '
b0 (
1)
#810467580000
0!
0%
#810509245000
1!
1%
b1 (
#810550910000
0!
0%
#810592575000
1!
1%
b10 (
#810634240000
0!
b00000101 #
0%
b00000101 '
0*
#810675905000
1!
1%
b11 (
#810717570000
0!
0%
#810759235000
1!
1%
b100 (
#810800900000
0!
0%
#810842565000
1!
b00000010 #
1%
b00000010 '
b0 (
0)
#810884230000
0!
0%
#810925895000
1!
1%
b1 (
#810967560000
0!
0%
#811009225000
1!
1%
b10 (
#811050890000
0!
b00001010 #
0%
b00001010 '
1*
#811092555000
1!
1%
b11 (
#811134220000
0!
0%
#811175885000
1!
1%
b100 (
#811217550000
0!
0%
#811259215000
1!
b00001101 #
1%
b00001101 '
b0 (
1)
#811300880000
0!
0%
#811342545000
1!
1%
b1 (
#811384210000
0!
0%
#811425875000
1!
1%
b10 (
#811467540000
0!
b00000101 #
0%
b00000101 '
0*
#811509205000
1!
1%
b11 (
#811550870000
0!
0%
#811592535000
1!
1%
b100 (
#811634200000
0!
0%
#811675865000
1!
b00000010 #
1%
b00000010 '
b0 (
0)
#811717530000
0!
0%
#811759195000
1!
1%
b1 (
#811800860000
0!
0%
#811842525000
1!
1%
b10 (
#811884190000
0!
b00001010 #
0%
b00001010 '
1*
#811925855000
1!
1%
b11 (
#811967520000
0!
0%
#812009185000
1!
1%
b100 (
#812050850000
0!
0%
#812092515000
1!
b00001101 #
1%
b00001101 '
b0 (
1)
#812134180000
0!
0%
#812175845000
1!
1%
b1 (
#812217510000
0!
0%
#812259175000
1!
1%
b10 (
#812300840000
0!
b00000101 #
0%
b00000101 '
0*
#812342505000
1!
1%
b11 (
#812384170000
0!
0%
#812425835000
1!
1%
b100 (
#812467500000
0!
0%
#812509165000
1!
b00000010 #
1%
b00000010 '
b0 (
0)
#812550830000
0!
0%
#812592495000
1!
1%
b1 (
#812634160000
0!
0%
#812675825000
1!
1%
b10 (
#812717490000
0!
b00001010 #
0%
b00001010 '
1*
#812759155000
1!
1%
b11 (
#812800820000
0!
0%
#812842485000
1!
1%
b100 (
#812884150000
0!
0%
#812925815000
1!
b00001101 #
1%
b00001101 '
b0 (
1)
#812967480000
0!
0%
#813009145000
1!
1%
b1 (
#813050810000
0!
0%
#813092475000
1!
1%
b10 (
#813134140000
0!
b00000101 #
0%
b00000101 '
0*
#813175805000
1!
1%
b11 (
#813217470000
0!
0%
#813259135000
1!
1%
b100 (
#813300800000
0!
0%
#813342465000
1!
b00000010 #
1%
b00000010 '
b0 (
0)
#813384130000
0!
0%
#813425795000
1!
1%
b1 (
#813467460000
0!
0%
#813509125000
1!
1%
b10 (
#813550790000
0!
b00001010 #
0%
b00001010 '
1*
#813592455000
1!
1%
b11 (
#813634120000
0!
0%
#813675785000
1!
1%
b100 (
#813717450000
0!
0%
#813759115000
1!
b00001101 #
1%
b00001101 '
b0 (
1)
#813800780000
0!
0%
#813842445000
1!
1%
b1 (
#813884110000
0!
0%
#813925775000
1!
1%
b10 (
#813967440000
0!
b00000101 #
0%
b00000101 '
0*
#814009105000
1!
1%
b11 (
#814050770000
0!
0%
#814092435000
1!
1%
b100 (
#814134100000
0!
0%
#814175765000
1!
b00000010 #
1%
b00000010 '
b0 (
0)
#814217430000
0!
0%
#814259095000
1!
1%
b1 (
#814300760000
0!
0%
#814342425000
1!
1%
b10 (
#814384090000
0!
b00001010 #
0%
b00001010 '
1*
#814425755000
1!
1%
b11 (
#814467420000
0!
0%
#814509085000
1!
1%
b100 (
#814550750000
0!
0%
#814592415000
1!
b00001101 #
1%
b00001101 '
b0 (
1)
#814634080000
0!
0%
#814675745000
1!
1%
b1 (
#814717410000
0!
0%
#814759075000
1!
1%
b10 (
#814800740000
0!
b00000101 #
0%
b00000101 '
0*
#814842405000
1!
1%
b11 (
#814884070000
0!
0%
#814925735000
1!
1%
b100 (
#814967400000
0!
0%
#815009065000
1!
b00000010 #
1%
b00000010 '
b0 (
0)
#815050730000
0!
0%
#815092395000
1!
1%
b1 (
#815134060000
0!
0%
#815175725000
1!
1%
b10 (
#815217390000
0!
b00001010 #
0%
b00001010 '
1*
#815259055000
1!
1%
b11 (
#815300720000
0!
0%
#815342385000
1!
1%
b100 (
#815384050000
0!
0%
#815425715000
1!
b00001101 #
1%
b00001101 '
b0 (
1)
#815467380000
0!
0%
#815509045000
1!
1%
b1 (
#815550710000
0!
0%
#815592375000
1!
1%
b10 (
#815634040000
0!
b00000101 #
0%
b00000101 '
0*
#815675705000
1!
1%
b11 (
#815717370000
0!
0%
#815759035000
1!
1%
b100 (
#815800700000
0!
0%
#815842365000
1!
b00000010 #
1%
b00000010 '
b0 (
0)
#815884030000
0!
0%
#815925695000
1!
1%
b1 (
#815967360000
0!
0%
#816009025000
1!
1%
b10 (
#816050690000
0!
b00001010 #
0%
b00001010 '
1*
#816092355000
1!
1%
b11 (
#816134020000
0!
0%
#816175685000
1!
1%
b100 (
#816217350000
0!
0%
#816259015000
1!
b00001101 #
1%
b00001101 '
b0 (
1)
#816300680000
0!
0%
#816342345000
1!
1%
b1 (
#816384010000
0!
0%
#816425675000
1!
1%
b10 (
#816467340000
0!
b00000101 #
0%
b00000101 '
0*
#816509005000
1!
1%
b11 (
#816550670000
0!
0%
#816592335000
1!
1%
b100 (
#816634000000
0!
0%
#816675665000
1!
b00000010 #
1%
b00000010 '
b0 (
0)
#816717330000
0!
0%
#816758995000
1!
1%
b1 (
#816800660000
0!
0%
#816842325000
1!
1%
b10 (
#816883990000
0!
b00001010 #
0%
b00001010 '
1*
#816925655000
1!
1%
b11 (
#816967320000
0!
0%
#817008985000
1!
1%
b100 (
#817050650000
0!
0%
#817092315000
1!
b00001101 #
1%
b00001101 '
b0 (
1)
#817133980000
0!
0%
#817175645000
1!
1%
b1 (
#817217310000
0!
0%
#817258975000
1!
1%
b10 (
#817300640000
0!
b00000101 #
0%
b00000101 '
0*
#817342305000
1!
1%
b11 (
#817383970000
0!
0%
#817425635000
1!
1%
b100 (
#817467300000
0!
0%
#817508965000
1!
b00000010 #
1%
b00000010 '
b0 (
0)
#817550630000
0!
0%
#817592295000
1!
1%
b1 (
#817633960000
0!
0%
#817675625000
1!
1%
b10 (
#817717290000
0!
b00001010 #
0%
b00001010 '
1*
#817758955000
1!
1%
b11 (
#817800620000
0!
0%
#817842285000
1!
1%
b100 (
#817883950000
0!
0%
#817925615000
1!
b00001101 #
1%
b00001101 '
b0 (
1)
#817967280000
0!
0%
#818008945000
1!
1%
b1 (
#818050610000
0!
0%
#818092275000
1!
1%
b10 (
#818133940000
0!
b00000101 #
0%
b00000101 '
0*
#818175605000
1!
1%
b11 (
#818217270000
0!
0%
#818258935000
1!
1%
b100 (
#818300600000
0!
0%
#818342265000
1!
b00000010 #
1%
b00000010 '
b0 (
0)
#818383930000
0!
0%
#818425595000
1!
1%
b1 (
#818467260000
0!
0%
#818508925000
1!
1%
b10 (
#818550590000
0!
b00001010 #
0%
b00001010 '
1*
#818592255000
1!
1%
b11 (
#818633920000
0!
0%
#818675585000
1!
1%
b100 (
#818717250000
0!
0%
#818758915000
1!
b00001101 #
1%
b00001101 '
b0 (
1)
#818800580000
0!
0%
#818842245000
1!
1%
b1 (
#818883910000
0!
0%
#818925575000
1!
1%
b10 (
#818967240000
0!
b00000101 #
0%
b00000101 '
0*
#819008905000
1!
1%
b11 (
#819050570000
0!
0%
#819092235000
1!
1%
b100 (
#819133900000
0!
0%
#819175565000
1!
b00000010 #
1%
b00000010 '
b0 (
0)
#819217230000
0!
0%
#819258895000
1!
1%
b1 (
#819300560000
0!
0%
#819342225000
1!
1%
b10 (
#819383890000
0!
b00001010 #
0%
b00001010 '
1*
#819425555000
1!
1%
b11 (
#819467220000
0!
0%
#819508885000
1!
1%
b100 (
#819550550000
0!
0%
#819592215000
1!
b00001101 #
1%
b00001101 '
b0 (
1)
#819633880000
0!
0%
#819675545000
1!
1%
b1 (
#819717210000
0!
0%
#819758875000
1!
1%
b10 (
#819800540000
0!
b00000101 #
0%
b00000101 '
0*
#819842205000
1!
1%
b11 (
#819883870000
0!
0%
#819925535000
1!
1%
b100 (
#819967200000
0!
0%
#820008865000
1!
b00000010 #
1%
b00000010 '
b0 (
0)
#820050530000
0!
0%
#820092195000
1!
1%
b1 (
#820133860000
0!
0%
#820175525000
1!
1%
b10 (
#820217190000
0!
b00001010 #
0%
b00001010 '
1*
#820258855000
1!
1%
b11 (
#820300520000
0!
0%
#820342185000
1!
1%
b100 (
#820383850000
0!
0%
#820425515000
1!
b00001101 #
1%
b00001101 '
b0 (
1)
#820467180000
0!
0%
#820508845000
1!
1%
b1 (
#820550510000
0!
0%
#820592175000
1!
1%
b10 (
#820633840000
0!
b00000101 #
0%
b00000101 '
0*
#820675505000
1!
1%
b11 (
#820717170000
0!
0%
#820758835000
1!
1%
b100 (
#820800500000
0!
0%
#820842165000
1!
b00000010 #
1%
b00000010 '
b0 (
0)
#820883830000
0!
0%
#820925495000
1!
1%
b1 (
#820967160000
0!
0%
#821008825000
1!
1%
b10 (
#821050490000
0!
b00001010 #
0%
b00001010 '
1*
#821092155000
1!
1%
b11 (
#821133820000
0!
0%
#821175485000
1!
1%
b100 (
#821217150000
0!
0%
#821258815000
1!
b00001101 #
1%
b00001101 '
b0 (
1)
#821300480000
0!
0%
#821342145000
1!
1%
b1 (
#821383810000
0!
0%
#821425475000
1!
1%
b10 (
#821467140000
0!
b00000101 #
0%
b00000101 '
0*
#821508805000
1!
1%
b11 (
#821550470000
0!
0%
#821592135000
1!
1%
b100 (
#821633800000
0!
0%
#821675465000
1!
b00000010 #
1%
b00000010 '
b0 (
0)
#821717130000
0!
0%
#821758795000
1!
1%
b1 (
#821800460000
0!
0%
#821842125000
1!
1%
b10 (
#821883790000
0!
b00001010 #
0%
b00001010 '
1*
#821925455000
1!
1%
b11 (
#821967120000
0!
0%
#822008785000
1!
1%
b100 (
#822050450000
0!
0%
#822092115000
1!
b00001101 #
1%
b00001101 '
b0 (
1)
#822133780000
0!
0%
#822175445000
1!
1%
b1 (
#822217110000
0!
0%
#822258775000
1!
1%
b10 (
#822300440000
0!
b00000101 #
0%
b00000101 '
0*
#822342105000
1!
1%
b11 (
#822383770000
0!
0%
#822425435000
1!
1%
b100 (
#822467100000
0!
0%
#822508765000
1!
b00000010 #
1%
b00000010 '
b0 (
0)
#822550430000
0!
0%
#822592095000
1!
1%
b1 (
#822633760000
0!
0%
#822675425000
1!
1%
b10 (
#822717090000
0!
b00001010 #
0%
b00001010 '
1*
#822758755000
1!
1%
b11 (
#822800420000
0!
0%
#822842085000
1!
1%
b100 (
#822883750000
0!
0%
#822925415000
1!
b00001101 #
1%
b00001101 '
b0 (
1)
#822967080000
0!
0%
#823008745000
1!
1%
b1 (
#823050410000
0!
0%
#823092075000
1!
1%
b10 (
#823133740000
0!
b00000101 #
0%
b00000101 '
0*
#823175405000
1!
1%
b11 (
#823217070000
0!
0%
#823258735000
1!
1%
b100 (
#823300400000
0!
0%
#823342065000
1!
b00000010 #
1%
b00000010 '
b0 (
0)
#823383730000
0!
0%
#823425395000
1!
1%
b1 (
#823467060000
0!
0%
#823508725000
1!
1%
b10 (
#823550390000
0!
b00001010 #
0%
b00001010 '
1*
#823592055000
1!
1%
b11 (
#823633720000
0!
0%
#823675385000
1!
1%
b100 (
#823717050000
0!
0%
#823758715000
1!
b00001101 #
1%
b00001101 '
b0 (
1)
#823800380000
0!
0%
#823842045000
1!
1%
b1 (
#823883710000
0!
0%
#823925375000
1!
1%
b10 (
#823967040000
0!
b00000101 #
0%
b00000101 '
0*
#824008705000
1!
1%
b11 (
#824050370000
0!
0%
#824092035000
1!
1%
b100 (
#824133700000
0!
0%
#824175365000
1!
b00000010 #
1%
b00000010 '
b0 (
0)
#824217030000
0!
0%
#824258695000
1!
1%
b1 (
#824300360000
0!
0%
#824342025000
1!
1%
b10 (
#824383690000
0!
b00001010 #
0%
b00001010 '
1*
#824425355000
1!
1%
b11 (
#824467020000
0!
0%
#824508685000
1!
1%
b100 (
#824550350000
0!
0%
#824592015000
1!
b00001101 #
1%
b00001101 '
b0 (
1)
#824633680000
0!
0%
#824675345000
1!
1%
b1 (
#824717010000
0!
0%
#824758675000
1!
1%
b10 (
#824800340000
0!
b00000101 #
0%
b00000101 '
0*
#824842005000
1!
1%
b11 (
#824883670000
0!
0%
#824925335000
1!
1%
b100 (
#824967000000
0!
0%
#825008665000
1!
b00000010 #
1%
b00000010 '
b0 (
0)
#825050330000
0!
0%
#825091995000
1!
1%
b1 (
#825133660000
0!
0%
#825175325000
1!
1%
b10 (
#825216990000
0!
b00001010 #
0%
b00001010 '
1*
#825258655000
1!
1%
b11 (
#825300320000
0!
0%
#825341985000
1!
1%
b100 (
#825383650000
0!
0%
#825425315000
1!
b00001101 #
1%
b00001101 '
b0 (
1)
#825466980000
0!
0%
#825508645000
1!
1%
b1 (
#825550310000
0!
0%
#825591975000
1!
1%
b10 (
#825633640000
0!
b00000101 #
0%
b00000101 '
0*
#825675305000
1!
1%
b11 (
#825716970000
0!
0%
#825758635000
1!
1%
b100 (
#825800300000
0!
0%
#825841965000
1!
b00000010 #
1%
b00000010 '
b0 (
0)
#825883630000
0!
0%
#825925295000
1!
1%
b1 (
#825966960000
0!
0%
#826008625000
1!
1%
b10 (
#826050290000
0!
b00001010 #
0%
b00001010 '
1*
#826091955000
1!
1%
b11 (
#826133620000
0!
0%
#826175285000
1!
1%
b100 (
#826216950000
0!
0%
#826258615000
1!
b00001101 #
1%
b00001101 '
b0 (
1)
#826300280000
0!
0%
#826341945000
1!
1%
b1 (
#826383610000
0!
0%
#826425275000
1!
1%
b10 (
#826466940000
0!
b00000101 #
0%
b00000101 '
0*
#826508605000
1!
1%
b11 (
#826550270000
0!
0%
#826591935000
1!
1%
b100 (
#826633600000
0!
0%
#826675265000
1!
b00000010 #
1%
b00000010 '
b0 (
0)
#826716930000
0!
0%
#826758595000
1!
1%
b1 (
#826800260000
0!
0%
#826841925000
1!
1%
b10 (
#826883590000
0!
b00001010 #
0%
b00001010 '
1*
#826925255000
1!
1%
b11 (
#826966920000
0!
0%
#827008585000
1!
1%
b100 (
#827050250000
0!
0%
#827091915000
1!
b00001101 #
1%
b00001101 '
b0 (
1)
#827133580000
0!
0%
#827175245000
1!
1%
b1 (
#827216910000
0!
0%
#827258575000
1!
1%
b10 (
#827300240000
0!
b00000101 #
0%
b00000101 '
0*
#827341905000
1!
1%
b11 (
#827383570000
0!
0%
#827425235000
1!
1%
b100 (
#827466900000
0!
0%
#827508565000
1!
b00000010 #
1%
b00000010 '
b0 (
0)
#827550230000
0!
0%
#827591895000
1!
1%
b1 (
#827633560000
0!
0%
#827675225000
1!
1%
b10 (
#827716890000
0!
b00001010 #
0%
b00001010 '
1*
#827758555000
1!
1%
b11 (
#827800220000
0!
0%
#827841885000
1!
1%
b100 (
#827883550000
0!
0%
#827925215000
1!
b00001101 #
1%
b00001101 '
b0 (
1)
#827966880000
0!
0%
#828008545000
1!
1%
b1 (
#828050210000
0!
0%
#828091875000
1!
1%
b10 (
#828133540000
0!
b00000101 #
0%
b00000101 '
0*
#828175205000
1!
1%
b11 (
#828216870000
0!
0%
#828258535000
1!
1%
b100 (
#828300200000
0!
0%
#828341865000
1!
b00000010 #
1%
b00000010 '
b0 (
0)
#828383530000
0!
0%
#828425195000
1!
1%
b1 (
#828466860000
0!
0%
#828508525000
1!
1%
b10 (
#828550190000
0!
b00001010 #
0%
b00001010 '
1*
#828591855000
1!
1%
b11 (
#828633520000
0!
0%
#828675185000
1!
1%
b100 (
#828716850000
0!
0%
#828758515000
1!
b00001101 #
1%
b00001101 '
b0 (
1)
#828800180000
0!
0%
#828841845000
1!
1%
b1 (
#828883510000
0!
0%
#828925175000
1!
1%
b10 (
#828966840000
0!
b00000101 #
0%
b00000101 '
0*
#829008505000
1!
1%
b11 (
#829050170000
0!
0%
#829091835000
1!
1%
b100 (
#829133500000
0!
0%
#829175165000
1!
b00000010 #
1%
b00000010 '
b0 (
0)
#829216830000
0!
0%
#829258495000
1!
1%
b1 (
#829300160000
0!
0%
#829341825000
1!
1%
b10 (
#829383490000
0!
b00001010 #
0%
b00001010 '
1*
#829425155000
1!
1%
b11 (
#829466820000
0!
0%
#829508485000
1!
1%
b100 (
#829550150000
0!
0%
#829591815000
1!
b00001101 #
1%
b00001101 '
b0 (
1)
#829633480000
0!
0%
#829675145000
1!
1%
b1 (
#829716810000
0!
0%
#829758475000
1!
1%
b10 (
#829800140000
0!
b00000101 #
0%
b00000101 '
0*
#829841805000
1!
1%
b11 (
#829883470000
0!
0%
#829925135000
1!
1%
b100 (
#829966800000
0!
0%
#830008465000
1!
b00000010 #
1%
b00000010 '
b0 (
0)
#830050130000
0!
0%
#830091795000
1!
1%
b1 (
#830133460000
0!
0%
#830175125000
1!
1%
b10 (
#830216790000
0!
b00001010 #
0%
b00001010 '
1*
#830258455000
1!
1%
b11 (
#830300120000
0!
0%
#830341785000
1!
1%
b100 (
#830383450000
0!
0%
#830425115000
1!
b00001101 #
1%
b00001101 '
b0 (
1)
#830466780000
0!
0%
#830508445000
1!
1%
b1 (
#830550110000
0!
0%
#830591775000
1!
1%
b10 (
#830633440000
0!
b00000101 #
0%
b00000101 '
0*
#830675105000
1!
1%
b11 (
#830716770000
0!
0%
#830758435000
1!
1%
b100 (
#830800100000
0!
0%
#830841765000
1!
b00000010 #
1%
b00000010 '
b0 (
0)
#830883430000
0!
0%
#830925095000
1!
1%
b1 (
#830966760000
0!
0%
#831008425000
1!
1%
b10 (
#831050090000
0!
b00001010 #
0%
b00001010 '
1*
#831091755000
1!
1%
b11 (
#831133420000
0!
0%
#831175085000
1!
1%
b100 (
#831216750000
0!
0%
#831258415000
1!
b00001101 #
1%
b00001101 '
b0 (
1)
#831300080000
0!
0%
#831341745000
1!
1%
b1 (
#831383410000
0!
0%
#831425075000
1!
1%
b10 (
#831466740000
0!
b00000101 #
0%
b00000101 '
0*
#831508405000
1!
1%
b11 (
#831550070000
0!
0%
#831591735000
1!
1%
b100 (
#831633400000
0!
0%
#831675065000
1!
b00000010 #
1%
b00000010 '
b0 (
0)
#831716730000
0!
0%
#831758395000
1!
1%
b1 (
#831800060000
0!
0%
#831841725000
1!
1%
b10 (
#831883390000
0!
b00001010 #
0%
b00001010 '
1*
#831925055000
1!
1%
b11 (
#831966720000
0!
0%
#832008385000
1!
1%
b100 (
#832050050000
0!
0%
#832091715000
1!
b00001101 #
1%
b00001101 '
b0 (
1)
#832133380000
0!
0%
#832175045000
1!
1%
b1 (
#832216710000
0!
0%
#832258375000
1!
1%
b10 (
#832300040000
0!
b00000101 #
0%
b00000101 '
0*
#832341705000
1!
1%
b11 (
#832383370000
0!
0%
#832425035000
1!
1%
b100 (
#832466700000
0!
0%
#832508365000
1!
b00000010 #
1%
b00000010 '
b0 (
0)
#832550030000
0!
0%
#832591695000
1!
1%
b1 (
#832633360000
0!
0%
#832675025000
1!
1%
b10 (
#832716690000
0!
b00001010 #
0%
b00001010 '
1*
#832758355000
1!
1%
b11 (
#832800020000
0!
0%
#832841685000
1!
1%
b100 (
#832883350000
0!
0%
#832925015000
1!
b00001101 #
1%
b00001101 '
b0 (
1)
#832966680000
0!
0%
#833008345000
1!
1%
b1 (
#833050010000
0!
0%
#833091675000
1!
1%
b10 (
#833133340000
0!
b00000101 #
0%
b00000101 '
0*
#833175005000
1!
1%
b11 (
#833216670000
0!
0%
#833258335000
1!
1%
b100 (
#833300000000
0!
0%
#833341665000
1!
b00000010 #
1%
b00000010 '
b0 (
0)
#833383330000
0!
0%
#833424995000
1!
1%
b1 (
#833466660000
0!
0%
#833508325000
1!
1%
b10 (
#833549990000
0!
b00001010 #
0%
b00001010 '
1*
#833591655000
1!
1%
b11 (
#833633320000
0!
0%
#833674985000
1!
1%
b100 (
#833716650000
0!
0%
#833758315000
1!
b00001101 #
1%
b00001101 '
b0 (
1)
#833799980000
0!
0%
#833841645000
1!
1%
b1 (
#833883310000
0!
0%
#833924975000
1!
1%
b10 (
#833966640000
0!
b00000101 #
0%
b00000101 '
0*
#834008305000
1!
1%
b11 (
#834049970000
0!
0%
#834091635000
1!
1%
b100 (
#834133300000
0!
0%
#834174965000
1!
b00000010 #
1%
b00000010 '
b0 (
0)
#834216630000
0!
0%
#834258295000
1!
1%
b1 (
#834299960000
0!
0%
#834341625000
1!
1%
b10 (
#834383290000
0!
b00001010 #
0%
b00001010 '
1*
#834424955000
1!
1%
b11 (
#834466620000
0!
0%
#834508285000
1!
1%
b100 (
#834549950000
0!
0%
#834591615000
1!
b00001101 #
1%
b00001101 '
b0 (
1)
#834633280000
0!
0%
#834674945000
1!
1%
b1 (
#834716610000
0!
0%
#834758275000
1!
1%
b10 (
#834799940000
0!
b00000101 #
0%
b00000101 '
0*
#834841605000
1!
1%
b11 (
#834883270000
0!
0%
#834924935000
1!
1%
b100 (
#834966600000
0!
0%
#835008265000
1!
b00000010 #
1%
b00000010 '
b0 (
0)
#835049930000
0!
0%
#835091595000
1!
1%
b1 (
#835133260000
0!
0%
#835174925000
1!
1%
b10 (
#835216590000
0!
b00001010 #
0%
b00001010 '
1*
#835258255000
1!
1%
b11 (
#835299920000
0!
0%
#835341585000
1!
1%
b100 (
#835383250000
0!
0%
#835424915000
1!
b00001101 #
1%
b00001101 '
b0 (
1)
#835466580000
0!
0%
#835508245000
1!
1%
b1 (
#835549910000
0!
0%
#835591575000
1!
1%
b10 (
#835633240000
0!
b00000101 #
0%
b00000101 '
0*
#835674905000
1!
1%
b11 (
#835716570000
0!
0%
#835758235000
1!
1%
b100 (
#835799900000
0!
0%
#835841565000
1!
b00000010 #
1%
b00000010 '
b0 (
0)
#835883230000
0!
0%
#835924895000
1!
1%
b1 (
#835966560000
0!
0%
#836008225000
1!
1%
b10 (
#836049890000
0!
b00001010 #
0%
b00001010 '
1*
#836091555000
1!
1%
b11 (
#836133220000
0!
0%
#836174885000
1!
1%
b100 (
#836216550000
0!
0%
#836258215000
1!
b00001101 #
1%
b00001101 '
b0 (
1)
#836299880000
0!
0%
#836341545000
1!
1%
b1 (
#836383210000
0!
0%
#836424875000
1!
1%
b10 (
#836466540000
0!
b00000101 #
0%
b00000101 '
0*
#836508205000
1!
1%
b11 (
#836549870000
0!
0%
#836591535000
1!
1%
b100 (
#836633200000
0!
0%
#836674865000
1!
b00000010 #
1%
b00000010 '
b0 (
0)
#836716530000
0!
0%
#836758195000
1!
1%
b1 (
#836799860000
0!
0%
#836841525000
1!
1%
b10 (
#836883190000
0!
b00001010 #
0%
b00001010 '
1*
#836924855000
1!
1%
b11 (
#836966520000
0!
0%
#837008185000
1!
1%
b100 (
#837049850000
0!
0%
#837091515000
1!
b00001101 #
1%
b00001101 '
b0 (
1)
#837133180000
0!
0%
#837174845000
1!
1%
b1 (
#837216510000
0!
0%
#837258175000
1!
1%
b10 (
#837299840000
0!
b00000101 #
0%
b00000101 '
0*
#837341505000
1!
1%
b11 (
#837383170000
0!
0%
#837424835000
1!
1%
b100 (
#837466500000
0!
0%
#837508165000
1!
b00000010 #
1%
b00000010 '
b0 (
0)
#837549830000
0!
0%
#837591495000
1!
1%
b1 (
#837633160000
0!
0%
#837674825000
1!
1%
b10 (
#837716490000
0!
b00001010 #
0%
b00001010 '
1*
#837758155000
1!
1%
b11 (
#837799820000
0!
0%
#837841485000
1!
1%
b100 (
#837883150000
0!
0%
#837924815000
1!
b00001101 #
1%
b00001101 '
b0 (
1)
#837966480000
0!
0%
#838008145000
1!
1%
b1 (
#838049810000
0!
0%
#838091475000
1!
1%
b10 (
#838133140000
0!
b00000101 #
0%
b00000101 '
0*
#838174805000
1!
1%
b11 (
#838216470000
0!
0%
#838258135000
1!
1%
b100 (
#838299800000
0!
0%
#838341465000
1!
b00000010 #
1%
b00000010 '
b0 (
0)
#838383130000
0!
0%
#838424795000
1!
1%
b1 (
#838466460000
0!
0%
#838508125000
1!
1%
b10 (
#838549790000
0!
b00001010 #
0%
b00001010 '
1*
#838591455000
1!
1%
b11 (
#838633120000
0!
0%
#838674785000
1!
1%
b100 (
#838716450000
0!
0%
#838758115000
1!
b00001101 #
1%
b00001101 '
b0 (
1)
#838799780000
0!
0%
#838841445000
1!
1%
b1 (
#838883110000
0!
0%
#838924775000
1!
1%
b10 (
#838966440000
0!
b00000101 #
0%
b00000101 '
0*
#839008105000
1!
1%
b11 (
#839049770000
0!
0%
#839091435000
1!
1%
b100 (
#839133100000
0!
0%
#839174765000
1!
b00000010 #
1%
b00000010 '
b0 (
0)
#839216430000
0!
0%
#839258095000
1!
1%
b1 (
#839299760000
0!
0%
#839341425000
1!
1%
b10 (
#839383090000
0!
b00001010 #
0%
b00001010 '
1*
#839424755000
1!
1%
b11 (
#839466420000
0!
0%
#839508085000
1!
1%
b100 (
#839549750000
0!
0%
#839591415000
1!
b00001101 #
1%
b00001101 '
b0 (
1)
#839633080000
0!
0%
#839674745000
1!
1%
b1 (
#839716410000
0!
0%
#839758075000
1!
1%
b10 (
#839799740000
0!
b00000101 #
0%
b00000101 '
0*
#839841405000
1!
1%
b11 (
#839883070000
0!
0%
#839924735000
1!
1%
b100 (
#839966400000
0!
0%
#840008065000
1!
b00000010 #
1%
b00000010 '
b0 (
0)
#840049730000
0!
0%
#840091395000
1!
1%
b1 (
#840133060000
0!
0%
#840174725000
1!
1%
b10 (
#840216390000
0!
b00001010 #
0%
b00001010 '
1*
#840258055000
1!
1%
b11 (
#840299720000
0!
0%
#840341385000
1!
1%
b100 (
#840383050000
0!
0%
#840424715000
1!
b00001101 #
1%
b00001101 '
b0 (
1)
#840466380000
0!
0%
#840508045000
1!
1%
b1 (
#840549710000
0!
0%
#840591375000
1!
1%
b10 (
#840633040000
0!
b00000101 #
0%
b00000101 '
0*
#840674705000
1!
1%
b11 (
#840716370000
0!
0%
#840758035000
1!
1%
b100 (
#840799700000
0!
0%
#840841365000
1!
b00000010 #
1%
b00000010 '
b0 (
0)
#840883030000
0!
0%
#840924695000
1!
1%
b1 (
#840966360000
0!
0%
#841008025000
1!
1%
b10 (
#841049690000
0!
b00001010 #
0%
b00001010 '
1*
#841091355000
1!
1%
b11 (
#841133020000
0!
0%
#841174685000
1!
1%
b100 (
#841216350000
0!
0%
#841258015000
1!
b00001101 #
1%
b00001101 '
b0 (
1)
#841299680000
0!
0%
#841341345000
1!
1%
b1 (
#841383010000
0!
0%
#841424675000
1!
1%
b10 (
#841466340000
0!
b00000101 #
0%
b00000101 '
0*
#841508005000
1!
1%
b11 (
#841549670000
0!
0%
#841591335000
1!
1%
b100 (
#841633000000
0!
0%
#841674665000
1!
b00000010 #
1%
b00000010 '
b0 (
0)
#841716330000
0!
0%
#841757995000
1!
1%
b1 (
#841799660000
0!
0%
#841841325000
1!
1%
b10 (
#841882990000
0!
b00001010 #
0%
b00001010 '
1*
#841924655000
1!
1%
b11 (
#841966320000
0!
0%
#842007985000
1!
1%
b100 (
#842049650000
0!
0%
#842091315000
1!
b00001101 #
1%
b00001101 '
b0 (
1)
#842132980000
0!
0%
#842174645000
1!
1%
b1 (
#842216310000
0!
0%
#842257975000
1!
1%
b10 (
#842299640000
0!
b00000101 #
0%
b00000101 '
0*
#842341305000
1!
1%
b11 (
#842382970000
0!
0%
#842424635000
1!
1%
b100 (
#842466300000
0!
0%
#842507965000
1!
b00000010 #
1%
b00000010 '
b0 (
0)
#842549630000
0!
0%
#842591295000
1!
1%
b1 (
#842632960000
0!
0%
#842674625000
1!
1%
b10 (
#842716290000
0!
b00001010 #
0%
b00001010 '
1*
#842757955000
1!
1%
b11 (
#842799620000
0!
0%
#842841285000
1!
1%
b100 (
#842882950000
0!
0%
#842924615000
1!
b00001101 #
1%
b00001101 '
b0 (
1)
#842966280000
0!
0%
#843007945000
1!
1%
b1 (
#843049610000
0!
0%
#843091275000
1!
1%
b10 (
#843132940000
0!
b00000101 #
0%
b00000101 '
0*
#843174605000
1!
1%
b11 (
#843216270000
0!
0%
#843257935000
1!
1%
b100 (
#843299600000
0!
0%
#843341265000
1!
b00000010 #
1%
b00000010 '
b0 (
0)
#843382930000
0!
0%
#843424595000
1!
1%
b1 (
#843466260000
0!
0%
#843507925000
1!
1%
b10 (
#843549590000
0!
b00001010 #
0%
b00001010 '
1*
#843591255000
1!
1%
b11 (
#843632920000
0!
0%
#843674585000
1!
1%
b100 (
#843716250000
0!
0%
#843757915000
1!
b00001101 #
1%
b00001101 '
b0 (
1)
#843799580000
0!
0%
#843841245000
1!
1%
b1 (
#843882910000
0!
0%
#843924575000
1!
1%
b10 (
#843966240000
0!
b00000101 #
0%
b00000101 '
0*
#844007905000
1!
1%
b11 (
#844049570000
0!
0%
#844091235000
1!
1%
b100 (
#844132900000
0!
0%
#844174565000
1!
b00000010 #
1%
b00000010 '
b0 (
0)
#844216230000
0!
0%
#844257895000
1!
1%
b1 (
#844299560000
0!
0%
#844341225000
1!
1%
b10 (
#844382890000
0!
b00001010 #
0%
b00001010 '
1*
#844424555000
1!
1%
b11 (
#844466220000
0!
0%
#844507885000
1!
1%
b100 (
#844549550000
0!
0%
#844591215000
1!
b00001101 #
1%
b00001101 '
b0 (
1)
#844632880000
0!
0%
#844674545000
1!
1%
b1 (
#844716210000
0!
0%
#844757875000
1!
1%
b10 (
#844799540000
0!
b00000101 #
0%
b00000101 '
0*
#844841205000
1!
1%
b11 (
#844882870000
0!
0%
#844924535000
1!
1%
b100 (
#844966200000
0!
0%
#845007865000
1!
b00000010 #
1%
b00000010 '
b0 (
0)
#845049530000
0!
0%
#845091195000
1!
1%
b1 (
#845132860000
0!
0%
#845174525000
1!
1%
b10 (
#845216190000
0!
b00001010 #
0%
b00001010 '
1*
#845257855000
1!
1%
b11 (
#845299520000
0!
0%
#845341185000
1!
1%
b100 (
#845382850000
0!
0%
#845424515000
1!
b00001101 #
1%
b00001101 '
b0 (
1)
#845466180000
0!
0%
#845507845000
1!
1%
b1 (
#845549510000
0!
0%
#845591175000
1!
1%
b10 (
#845632840000
0!
b00000101 #
0%
b00000101 '
0*
#845674505000
1!
1%
b11 (
#845716170000
0!
0%
#845757835000
1!
1%
b100 (
#845799500000
0!
0%
#845841165000
1!
b00000010 #
1%
b00000010 '
b0 (
0)
#845882830000
0!
0%
#845924495000
1!
1%
b1 (
#845966160000
0!
0%
#846007825000
1!
1%
b10 (
#846049490000
0!
b00001010 #
0%
b00001010 '
1*
#846091155000
1!
1%
b11 (
#846132820000
0!
0%
#846174485000
1!
1%
b100 (
#846216150000
0!
0%
#846257815000
1!
b00001101 #
1%
b00001101 '
b0 (
1)
#846299480000
0!
0%
#846341145000
1!
1%
b1 (
#846382810000
0!
0%
#846424475000
1!
1%
b10 (
#846466140000
0!
b00000101 #
0%
b00000101 '
0*
#846507805000
1!
1%
b11 (
#846549470000
0!
0%
#846591135000
1!
1%
b100 (
#846632800000
0!
0%
#846674465000
1!
b00000010 #
1%
b00000010 '
b0 (
0)
#846716130000
0!
0%
#846757795000
1!
1%
b1 (
#846799460000
0!
0%
#846841125000
1!
1%
b10 (
#846882790000
0!
b00001010 #
0%
b00001010 '
1*
#846924455000
1!
1%
b11 (
#846966120000
0!
0%
#847007785000
1!
1%
b100 (
#847049450000
0!
0%
#847091115000
1!
b00001101 #
1%
b00001101 '
b0 (
1)
#847132780000
0!
0%
#847174445000
1!
1%
b1 (
#847216110000
0!
0%
#847257775000
1!
1%
b10 (
#847299440000
0!
b00000101 #
0%
b00000101 '
0*
#847341105000
1!
1%
b11 (
#847382770000
0!
0%
#847424435000
1!
1%
b100 (
#847466100000
0!
0%
#847507765000
1!
b00000010 #
1%
b00000010 '
b0 (
0)
#847549430000
0!
0%
#847591095000
1!
1%
b1 (
#847632760000
0!
0%
#847674425000
1!
1%
b10 (
#847716090000
0!
b00001010 #
0%
b00001010 '
1*
#847757755000
1!
1%
b11 (
#847799420000
0!
0%
#847841085000
1!
1%
b100 (
#847882750000
0!
0%
#847924415000
1!
b00001101 #
1%
b00001101 '
b0 (
1)
#847966080000
0!
0%
#848007745000
1!
1%
b1 (
#848049410000
0!
0%
#848091075000
1!
1%
b10 (
#848132740000
0!
b00000101 #
0%
b00000101 '
0*
#848174405000
1!
1%
b11 (
#848216070000
0!
0%
#848257735000
1!
1%
b100 (
#848299400000
0!
0%
#848341065000
1!
b00000010 #
1%
b00000010 '
b0 (
0)
#848382730000
0!
0%
#848424395000
1!
1%
b1 (
#848466060000
0!
0%
#848507725000
1!
1%
b10 (
#848549390000
0!
b00001010 #
0%
b00001010 '
1*
#848591055000
1!
1%
b11 (
#848632720000
0!
0%
#848674385000
1!
1%
b100 (
#848716050000
0!
0%
#848757715000
1!
b00001101 #
1%
b00001101 '
b0 (
1)
#848799380000
0!
0%
#848841045000
1!
1%
b1 (
#848882710000
0!
0%
#848924375000
1!
1%
b10 (
#848966040000
0!
b00000101 #
0%
b00000101 '
0*
#849007705000
1!
1%
b11 (
#849049370000
0!
0%
#849091035000
1!
1%
b100 (
#849132700000
0!
0%
#849174365000
1!
b00000010 #
1%
b00000010 '
b0 (
0)
#849216030000
0!
0%
#849257695000
1!
1%
b1 (
#849299360000
0!
0%
#849341025000
1!
1%
b10 (
#849382690000
0!
b00001010 #
0%
b00001010 '
1*
#849424355000
1!
1%
b11 (
#849466020000
0!
0%
#849507685000
1!
1%
b100 (
#849549350000
0!
0%
#849591015000
1!
b00001101 #
1%
b00001101 '
b0 (
1)
#849632680000
0!
0%
#849674345000
1!
1%
b1 (
#849716010000
0!
0%
#849757675000
1!
1%
b10 (
#849799340000
0!
b00000101 #
0%
b00000101 '
0*
#849841005000
1!
1%
b11 (
#849882670000
0!
0%
#849924335000
1!
1%
b100 (
#849966000000
0!
0%
#850007665000
1!
b00000010 #
1%
b00000010 '
b0 (
0)
#850049330000
0!
0%
#850090995000
1!
1%
b1 (
#850132660000
0!
0%
#850174325000
1!
1%
b10 (
#850215990000
0!
b00001010 #
0%
b00001010 '
1*
#850257655000
1!
1%
b11 (
#850299320000
0!
0%
#850340985000
1!
1%
b100 (
#850382650000
0!
0%
#850424315000
1!
b00001101 #
1%
b00001101 '
b0 (
1)
#850465980000
0!
0%
#850507645000
1!
1%
b1 (
#850549310000
0!
0%
#850590975000
1!
1%
b10 (
#850632640000
0!
b00000101 #
0%
b00000101 '
0*
#850674305000
1!
1%
b11 (
#850715970000
0!
0%
#850757635000
1!
1%
b100 (
#850799300000
0!
0%
#850840965000
1!
b00000010 #
1%
b00000010 '
b0 (
0)
#850882630000
0!
0%
#850924295000
1!
1%
b1 (
#850965960000
0!
0%
#851007625000
1!
1%
b10 (
#851049290000
0!
b00001010 #
0%
b00001010 '
1*
#851090955000
1!
1%
b11 (
#851132620000
0!
0%
#851174285000
1!
1%
b100 (
#851215950000
0!
0%
#851257615000
1!
b00001101 #
1%
b00001101 '
b0 (
1)
#851299280000
0!
0%
#851340945000
1!
1%
b1 (
#851382610000
0!
0%
#851424275000
1!
1%
b10 (
#851465940000
0!
b00000101 #
0%
b00000101 '
0*
#851507605000
1!
1%
b11 (
#851549270000
0!
0%
#851590935000
1!
1%
b100 (
#851632600000
0!
0%
#851674265000
1!
b00000010 #
1%
b00000010 '
b0 (
0)
#851715930000
0!
0%
#851757595000
1!
1%
b1 (
#851799260000
0!
0%
#851840925000
1!
1%
b10 (
#851882590000
0!
b00001010 #
0%
b00001010 '
1*
#851924255000
1!
1%
b11 (
#851965920000
0!
0%
#852007585000
1!
1%
b100 (
#852049250000
0!
0%
#852090915000
1!
b00001101 #
1%
b00001101 '
b0 (
1)
#852132580000
0!
0%
#852174245000
1!
1%
b1 (
#852215910000
0!
0%
#852257575000
1!
1%
b10 (
#852299240000
0!
b00000101 #
0%
b00000101 '
0*
#852340905000
1!
1%
b11 (
#852382570000
0!
0%
#852424235000
1!
1%
b100 (
#852465900000
0!
0%
#852507565000
1!
b00000010 #
1%
b00000010 '
b0 (
0)
#852549230000
0!
0%
#852590895000
1!
1%
b1 (
#852632560000
0!
0%
#852674225000
1!
1%
b10 (
#852715890000
0!
b00001010 #
0%
b00001010 '
1*
#852757555000
1!
1%
b11 (
#852799220000
0!
0%
#852840885000
1!
1%
b100 (
#852882550000
0!
0%
#852924215000
1!
b00001101 #
1%
b00001101 '
b0 (
1)
#852965880000
0!
0%
#853007545000
1!
1%
b1 (
#853049210000
0!
0%
#853090875000
1!
1%
b10 (
#853132540000
0!
b00000101 #
0%
b00000101 '
0*
#853174205000
1!
1%
b11 (
#853215870000
0!
0%
#853257535000
1!
1%
b100 (
#853299200000
0!
0%
#853340865000
1!
b00000010 #
1%
b00000010 '
b0 (
0)
#853382530000
0!
0%
#853424195000
1!
1%
b1 (
#853465860000
0!
0%
#853507525000
1!
1%
b10 (
#853549190000
0!
b00001010 #
0%
b00001010 '
1*
#853590855000
1!
1%
b11 (
#853632520000
0!
0%
#853674185000
1!
1%
b100 (
#853715850000
0!
0%
#853757515000
1!
b00001101 #
1%
b00001101 '
b0 (
1)
#853799180000
0!
0%
#853840845000
1!
1%
b1 (
#853882510000
0!
0%
#853924175000
1!
1%
b10 (
#853965840000
0!
b00000101 #
0%
b00000101 '
0*
#854007505000
1!
1%
b11 (
#854049170000
0!
0%
#854090835000
1!
1%
b100 (
#854132500000
0!
0%
#854174165000
1!
b00000010 #
1%
b00000010 '
b0 (
0)
#854215830000
0!
0%
#854257495000
1!
1%
b1 (
#854299160000
0!
0%
#854340825000
1!
1%
b10 (
#854382490000
0!
b00001010 #
0%
b00001010 '
1*
#854424155000
1!
1%
b11 (
#854465820000
0!
0%
#854507485000
1!
1%
b100 (
#854549150000
0!
0%
#854590815000
1!
b00001101 #
1%
b00001101 '
b0 (
1)
#854632480000
0!
0%
#854674145000
1!
1%
b1 (
#854715810000
0!
0%
#854757475000
1!
1%
b10 (
#854799140000
0!
b00000101 #
0%
b00000101 '
0*
#854840805000
1!
1%
b11 (
#854882470000
0!
0%
#854924135000
1!
1%
b100 (
#854965800000
0!
0%
#855007465000
1!
b00000010 #
1%
b00000010 '
b0 (
0)
#855049130000
0!
0%
#855090795000
1!
1%
b1 (
#855132460000
0!
0%
#855174125000
1!
1%
b10 (
#855215790000
0!
b00001010 #
0%
b00001010 '
1*
#855257455000
1!
1%
b11 (
#855299120000
0!
0%
#855340785000
1!
1%
b100 (
#855382450000
0!
0%
#855424115000
1!
b00001101 #
1%
b00001101 '
b0 (
1)
#855465780000
0!
0%
#855507445000
1!
1%
b1 (
#855549110000
0!
0%
#855590775000
1!
1%
b10 (
#855632440000
0!
b00000101 #
0%
b00000101 '
0*
#855674105000
1!
1%
b11 (
#855715770000
0!
0%
#855757435000
1!
1%
b100 (
#855799100000
0!
0%
#855840765000
1!
b00000010 #
1%
b00000010 '
b0 (
0)
#855882430000
0!
0%
#855924095000
1!
1%
b1 (
#855965760000
0!
0%
#856007425000
1!
1%
b10 (
#856049090000
0!
b00001010 #
0%
b00001010 '
1*
#856090755000
1!
1%
b11 (
#856132420000
0!
0%
#856174085000
1!
1%
b100 (
#856215750000
0!
0%
#856257415000
1!
b00001101 #
1%
b00001101 '
b0 (
1)
#856299080000
0!
0%
#856340745000
1!
1%
b1 (
#856382410000
0!
0%
#856424075000
1!
1%
b10 (
#856465740000
0!
b00000101 #
0%
b00000101 '
0*
#856507405000
1!
1%
b11 (
#856549070000
0!
0%
#856590735000
1!
1%
b100 (
#856632400000
0!
0%
#856674065000
1!
b00000010 #
1%
b00000010 '
b0 (
0)
#856715730000
0!
0%
#856757395000
1!
1%
b1 (
#856799060000
0!
0%
#856840725000
1!
1%
b10 (
#856882390000
0!
b00001010 #
0%
b00001010 '
1*
#856924055000
1!
1%
b11 (
#856965720000
0!
0%
#857007385000
1!
1%
b100 (
#857049050000
0!
0%
#857090715000
1!
b00001101 #
1%
b00001101 '
b0 (
1)
#857132380000
0!
0%
#857174045000
1!
1%
b1 (
#857215710000
0!
0%
#857257375000
1!
1%
b10 (
#857299040000
0!
b00000101 #
0%
b00000101 '
0*
#857340705000
1!
1%
b11 (
#857382370000
0!
0%
#857424035000
1!
1%
b100 (
#857465700000
0!
0%
#857507365000
1!
b00000010 #
1%
b00000010 '
b0 (
0)
#857549030000
0!
0%
#857590695000
1!
1%
b1 (
#857632360000
0!
0%
#857674025000
1!
1%
b10 (
#857715690000
0!
b00001010 #
0%
b00001010 '
1*
#857757355000
1!
1%
b11 (
#857799020000
0!
0%
#857840685000
1!
1%
b100 (
#857882350000
0!
0%
#857924015000
1!
b00001101 #
1%
b00001101 '
b0 (
1)
#857965680000
0!
0%
#858007345000
1!
1%
b1 (
#858049010000
0!
0%
#858090675000
1!
1%
b10 (
#858132340000
0!
b00000101 #
0%
b00000101 '
0*
#858174005000
1!
1%
b11 (
#858215670000
0!
0%
#858257335000
1!
1%
b100 (
#858299000000
0!
0%
#858340665000
1!
b00000010 #
1%
b00000010 '
b0 (
0)
#858382330000
0!
0%
#858423995000
1!
1%
b1 (
#858465660000
0!
0%
#858507325000
1!
1%
b10 (
#858548990000
0!
b00001010 #
0%
b00001010 '
1*
#858590655000
1!
1%
b11 (
#858632320000
0!
0%
#858673985000
1!
1%
b100 (
#858715650000
0!
0%
#858757315000
1!
b00001101 #
1%
b00001101 '
b0 (
1)
#858798980000
0!
0%
#858840645000
1!
1%
b1 (
#858882310000
0!
0%
#858923975000
1!
1%
b10 (
#858965640000
0!
b00000101 #
0%
b00000101 '
0*
#859007305000
1!
1%
b11 (
#859048970000
0!
0%
#859090635000
1!
1%
b100 (
#859132300000
0!
0%
#859173965000
1!
b00000010 #
1%
b00000010 '
b0 (
0)
#859215630000
0!
0%
#859257295000
1!
1%
b1 (
#859298960000
0!
0%
#859340625000
1!
1%
b10 (
#859382290000
0!
b00001010 #
0%
b00001010 '
1*
#859423955000
1!
1%
b11 (
#859465620000
0!
0%
#859507285000
1!
1%
b100 (
#859548950000
0!
0%
#859590615000
1!
b00001101 #
1%
b00001101 '
b0 (
1)
#859632280000
0!
0%
#859673945000
1!
1%
b1 (
#859715610000
0!
0%
#859757275000
1!
1%
b10 (
#859798940000
0!
b00000101 #
0%
b00000101 '
0*
#859840605000
1!
1%
b11 (
#859882270000
0!
0%
#859923935000
1!
1%
b100 (
#859965600000
0!
0%
#860007265000
1!
b00000010 #
1%
b00000010 '
b0 (
0)
#860048930000
0!
0%
#860090595000
1!
1%
b1 (
#860132260000
0!
0%
#860173925000
1!
1%
b10 (
#860215590000
0!
b00001010 #
0%
b00001010 '
1*
#860257255000
1!
1%
b11 (
#860298920000
0!
0%
#860340585000
1!
1%
b100 (
#860382250000
0!
0%
#860423915000
1!
b00001101 #
1%
b00001101 '
b0 (
1)
#860465580000
0!
0%
#860507245000
1!
1%
b1 (
#860548910000
0!
0%
#860590575000
1!
1%
b10 (
#860632240000
0!
b00000101 #
0%
b00000101 '
0*
#860673905000
1!
1%
b11 (
#860715570000
0!
0%
#860757235000
1!
1%
b100 (
#860798900000
0!
0%
#860840565000
1!
b00000010 #
1%
b00000010 '
b0 (
0)
#860882230000
0!
0%
#860923895000
1!
1%
b1 (
#860965560000
0!
0%
#861007225000
1!
1%
b10 (
#861048890000
0!
b00001010 #
0%
b00001010 '
1*
#861090555000
1!
1%
b11 (
#861132220000
0!
0%
#861173885000
1!
1%
b100 (
#861215550000
0!
0%
#861257215000
1!
b00001101 #
1%
b00001101 '
b0 (
1)
#861298880000
0!
0%
#861340545000
1!
1%
b1 (
#861382210000
0!
0%
#861423875000
1!
1%
b10 (
#861465540000
0!
b00000101 #
0%
b00000101 '
0*
#861507205000
1!
1%
b11 (
#861548870000
0!
0%
#861590535000
1!
1%
b100 (
#861632200000
0!
0%
#861673865000
1!
b00000010 #
1%
b00000010 '
b0 (
0)
#861715530000
0!
0%
#861757195000
1!
1%
b1 (
#861798860000
0!
0%
#861840525000
1!
1%
b10 (
#861882190000
0!
b00001010 #
0%
b00001010 '
1*
#861923855000
1!
1%
b11 (
#861965520000
0!
0%
#862007185000
1!
1%
b100 (
#862048850000
0!
0%
#862090515000
1!
b00001101 #
1%
b00001101 '
b0 (
1)
#862132180000
0!
0%
#862173845000
1!
1%
b1 (
#862215510000
0!
0%
#862257175000
1!
1%
b10 (
#862298840000
0!
b00000101 #
0%
b00000101 '
0*
#862340505000
1!
1%
b11 (
#862382170000
0!
0%
#862423835000
1!
1%
b100 (
#862465500000
0!
0%
#862507165000
1!
b00000010 #
1%
b00000010 '
b0 (
0)
#862548830000
0!
0%
#862590495000
1!
1%
b1 (
#862632160000
0!
0%
#862673825000
1!
1%
b10 (
#862715490000
0!
b00001010 #
0%
b00001010 '
1*
#862757155000
1!
1%
b11 (
#862798820000
0!
0%
#862840485000
1!
1%
b100 (
#862882150000
0!
0%
#862923815000
1!
b00001101 #
1%
b00001101 '
b0 (
1)
#862965480000
0!
0%
#863007145000
1!
1%
b1 (
#863048810000
0!
0%
#863090475000
1!
1%
b10 (
#863132140000
0!
b00000101 #
0%
b00000101 '
0*
#863173805000
1!
1%
b11 (
#863215470000
0!
0%
#863257135000
1!
1%
b100 (
#863298800000
0!
0%
#863340465000
1!
b00000010 #
1%
b00000010 '
b0 (
0)
#863382130000
0!
0%
#863423795000
1!
1%
b1 (
#863465460000
0!
0%
#863507125000
1!
1%
b10 (
#863548790000
0!
b00001010 #
0%
b00001010 '
1*
#863590455000
1!
1%
b11 (
#863632120000
0!
0%
#863673785000
1!
1%
b100 (
#863715450000
0!
0%
#863757115000
1!
b00001101 #
1%
b00001101 '
b0 (
1)
#863798780000
0!
0%
#863840445000
1!
1%
b1 (
#863882110000
0!
0%
#863923775000
1!
1%
b10 (
#863965440000
0!
b00000101 #
0%
b00000101 '
0*
#864007105000
1!
1%
b11 (
#864048770000
0!
0%
#864090435000
1!
1%
b100 (
#864132100000
0!
0%
#864173765000
1!
b00000010 #
1%
b00000010 '
b0 (
0)
#864215430000
0!
0%
#864257095000
1!
1%
b1 (
#864298760000
0!
0%
#864340425000
1!
1%
b10 (
#864382090000
0!
b00001010 #
0%
b00001010 '
1*
#864423755000
1!
1%
b11 (
#864465420000
0!
0%
#864507085000
1!
1%
b100 (
#864548750000
0!
0%
#864590415000
1!
b00001101 #
1%
b00001101 '
b0 (
1)
#864632080000
0!
0%
#864673745000
1!
1%
b1 (
#864715410000
0!
0%
#864757075000
1!
1%
b10 (
#864798740000
0!
b00000101 #
0%
b00000101 '
0*
#864840405000
1!
1%
b11 (
#864882070000
0!
0%
#864923735000
1!
1%
b100 (
#864965400000
0!
0%
#865007065000
1!
b00000010 #
1%
b00000010 '
b0 (
0)
#865048730000
0!
0%
#865090395000
1!
1%
b1 (
#865132060000
0!
0%
#865173725000
1!
1%
b10 (
#865215390000
0!
b00001010 #
0%
b00001010 '
1*
#865257055000
1!
1%
b11 (
#865298720000
0!
0%
#865340385000
1!
1%
b100 (
#865382050000
0!
0%
#865423715000
1!
b00001101 #
1%
b00001101 '
b0 (
1)
#865465380000
0!
0%
#865507045000
1!
1%
b1 (
#865548710000
0!
0%
#865590375000
1!
1%
b10 (
#865632040000
0!
b00000101 #
0%
b00000101 '
0*
#865673705000
1!
1%
b11 (
#865715370000
0!
0%
#865757035000
1!
1%
b100 (
#865798700000
0!
0%
#865840365000
1!
b00000010 #
1%
b00000010 '
b0 (
0)
#865882030000
0!
0%
#865923695000
1!
1%
b1 (
#865965360000
0!
0%
#866007025000
1!
1%
b10 (
#866048690000
0!
b00001010 #
0%
b00001010 '
1*
#866090355000
1!
1%
b11 (
#866132020000
0!
0%
#866173685000
1!
1%
b100 (
#866215350000
0!
0%
#866257015000
1!
b00001101 #
1%
b00001101 '
b0 (
1)
#866298680000
0!
0%
#866340345000
1!
1%
b1 (
#866382010000
0!
0%
#866423675000
1!
1%
b10 (
#866465340000
0!
b00000101 #
0%
b00000101 '
0*
#866507005000
1!
1%
b11 (
#866548670000
0!
0%
#866590335000
1!
1%
b100 (
#866632000000
0!
0%
#866673665000
1!
b00000010 #
1%
b00000010 '
b0 (
0)
#866715330000
0!
0%
#866756995000
1!
1%
b1 (
#866798660000
0!
0%
#866840325000
1!
1%
b10 (
#866881990000
0!
b00001010 #
0%
b00001010 '
1*
#866923655000
1!
1%
b11 (
#866965320000
0!
0%
#867006985000
1!
1%
b100 (
#867048650000
0!
0%
#867090315000
1!
b00001101 #
1%
b00001101 '
b0 (
1)
#867131980000
0!
0%
#867173645000
1!
1%
b1 (
#867215310000
0!
0%
#867256975000
1!
1%
b10 (
#867298640000
0!
b00000101 #
0%
b00000101 '
0*
#867340305000
1!
1%
b11 (
#867381970000
0!
0%
#867423635000
1!
1%
b100 (
#867465300000
0!
0%
#867506965000
1!
b00000010 #
1%
b00000010 '
b0 (
0)
#867548630000
0!
0%
#867590295000
1!
1%
b1 (
#867631960000
0!
0%
#867673625000
1!
1%
b10 (
#867715290000
0!
b00001010 #
0%
b00001010 '
1*
#867756955000
1!
1%
b11 (
#867798620000
0!
0%
#867840285000
1!
1%
b100 (
#867881950000
0!
0%
#867923615000
1!
b00001101 #
1%
b00001101 '
b0 (
1)
#867965280000
0!
0%
#868006945000
1!
1%
b1 (
#868048610000
0!
0%
#868090275000
1!
1%
b10 (
#868131940000
0!
b00000101 #
0%
b00000101 '
0*
#868173605000
1!
1%
b11 (
#868215270000
0!
0%
#868256935000
1!
1%
b100 (
#868298600000
0!
0%
#868340265000
1!
b00000010 #
1%
b00000010 '
b0 (
0)
#868381930000
0!
0%
#868423595000
1!
1%
b1 (
#868465260000
0!
0%
#868506925000
1!
1%
b10 (
#868548590000
0!
b00001010 #
0%
b00001010 '
1*
#868590255000
1!
1%
b11 (
#868631920000
0!
0%
#868673585000
1!
1%
b100 (
#868715250000
0!
0%
#868756915000
1!
b00001101 #
1%
b00001101 '
b0 (
1)
#868798580000
0!
0%
#868840245000
1!
1%
b1 (
#868881910000
0!
0%
#868923575000
1!
1%
b10 (
#868965240000
0!
b00000101 #
0%
b00000101 '
0*
#869006905000
1!
1%
b11 (
#869048570000
0!
0%
#869090235000
1!
1%
b100 (
#869131900000
0!
0%
#869173565000
1!
b00000010 #
1%
b00000010 '
b0 (
0)
#869215230000
0!
0%
#869256895000
1!
1%
b1 (
#869298560000
0!
0%
#869340225000
1!
1%
b10 (
#869381890000
0!
b00001010 #
0%
b00001010 '
1*
#869423555000
1!
1%
b11 (
#869465220000
0!
0%
#869506885000
1!
1%
b100 (
#869548550000
0!
0%
#869590215000
1!
b00001101 #
1%
b00001101 '
b0 (
1)
#869631880000
0!
0%
#869673545000
1!
1%
b1 (
#869715210000
0!
0%
#869756875000
1!
1%
b10 (
#869798540000
0!
b00000101 #
0%
b00000101 '
0*
#869840205000
1!
1%
b11 (
#869881870000
0!
0%
#869923535000
1!
1%
b100 (
#869965200000
0!
0%
#870006865000
1!
b00000010 #
1%
b00000010 '
b0 (
0)
#870048530000
0!
0%
#870090195000
1!
1%
b1 (
#870131860000
0!
0%
#870173525000
1!
1%
b10 (
#870215190000
0!
b00001010 #
0%
b00001010 '
1*
#870256855000
1!
1%
b11 (
#870298520000
0!
0%
#870340185000
1!
1%
b100 (
#870381850000
0!
0%
#870423515000
1!
b00001101 #
1%
b00001101 '
b0 (
1)
#870465180000
0!
0%
#870506845000
1!
1%
b1 (
#870548510000
0!
0%
#870590175000
1!
1%
b10 (
#870631840000
0!
b00000101 #
0%
b00000101 '
0*
#870673505000
1!
1%
b11 (
#870715170000
0!
0%
#870756835000
1!
1%
b100 (
#870798500000
0!
0%
#870840165000
1!
b00000010 #
1%
b00000010 '
b0 (
0)
#870881830000
0!
0%
#870923495000
1!
1%
b1 (
#870965160000
0!
0%
#871006825000
1!
1%
b10 (
#871048490000
0!
b00001010 #
0%
b00001010 '
1*
#871090155000
1!
1%
b11 (
#871131820000
0!
0%
#871173485000
1!
1%
b100 (
#871215150000
0!
0%
#871256815000
1!
b00001101 #
1%
b00001101 '
b0 (
1)
#871298480000
0!
0%
#871340145000
1!
1%
b1 (
#871381810000
0!
0%
#871423475000
1!
1%
b10 (
#871465140000
0!
b00000101 #
0%
b00000101 '
0*
#871506805000
1!
1%
b11 (
#871548470000
0!
0%
#871590135000
1!
1%
b100 (
#871631800000
0!
0%
#871673465000
1!
b00000010 #
1%
b00000010 '
b0 (
0)
#871715130000
0!
0%
#871756795000
1!
1%
b1 (
#871798460000
0!
0%
#871840125000
1!
1%
b10 (
#871881790000
0!
b00001010 #
0%
b00001010 '
1*
#871923455000
1!
1%
b11 (
#871965120000
0!
0%
#872006785000
1!
1%
b100 (
#872048450000
0!
0%
#872090115000
1!
b00001101 #
1%
b00001101 '
b0 (
1)
#872131780000
0!
0%
#872173445000
1!
1%
b1 (
#872215110000
0!
0%
#872256775000
1!
1%
b10 (
#872298440000
0!
b00000101 #
0%
b00000101 '
0*
#872340105000
1!
1%
b11 (
#872381770000
0!
0%
#872423435000
1!
1%
b100 (
#872465100000
0!
0%
#872506765000
1!
b00000010 #
1%
b00000010 '
b0 (
0)
#872548430000
0!
0%
#872590095000
1!
1%
b1 (
#872631760000
0!
0%
#872673425000
1!
1%
b10 (
#872715090000
0!
b00001010 #
0%
b00001010 '
1*
#872756755000
1!
1%
b11 (
#872798420000
0!
0%
#872840085000
1!
1%
b100 (
#872881750000
0!
0%
#872923415000
1!
b00001101 #
1%
b00001101 '
b0 (
1)
#872965080000
0!
0%
#873006745000
1!
1%
b1 (
#873048410000
0!
0%
#873090075000
1!
1%
b10 (
#873131740000
0!
b00000101 #
0%
b00000101 '
0*
#873173405000
1!
1%
b11 (
#873215070000
0!
0%
#873256735000
1!
1%
b100 (
#873298400000
0!
0%
#873340065000
1!
b00000010 #
1%
b00000010 '
b0 (
0)
#873381730000
0!
0%
#873423395000
1!
1%
b1 (
#873465060000
0!
0%
#873506725000
1!
1%
b10 (
#873548390000
0!
b00001010 #
0%
b00001010 '
1*
#873590055000
1!
1%
b11 (
#873631720000
0!
0%
#873673385000
1!
1%
b100 (
#873715050000
0!
0%
#873756715000
1!
b00001101 #
1%
b00001101 '
b0 (
1)
#873798380000
0!
0%
#873840045000
1!
1%
b1 (
#873881710000
0!
0%
#873923375000
1!
1%
b10 (
#873965040000
0!
b00000101 #
0%
b00000101 '
0*
#874006705000
1!
1%
b11 (
#874048370000
0!
0%
#874090035000
1!
1%
b100 (
#874131700000
0!
0%
#874173365000
1!
b00000010 #
1%
b00000010 '
b0 (
0)
#874215030000
0!
0%
#874256695000
1!
1%
b1 (
#874298360000
0!
0%
#874340025000
1!
1%
b10 (
#874381690000
0!
b00001010 #
0%
b00001010 '
1*
#874423355000
1!
1%
b11 (
#874465020000
0!
0%
#874506685000
1!
1%
b100 (
#874548350000
0!
0%
#874590015000
1!
b00001101 #
1%
b00001101 '
b0 (
1)
#874631680000
0!
0%
#874673345000
1!
1%
b1 (
#874715010000
0!
0%
#874756675000
1!
1%
b10 (
#874798340000
0!
b00000101 #
0%
b00000101 '
0*
#874840005000
1!
1%
b11 (
#874881670000
0!
0%
#874923335000
1!
1%
b100 (
#874965000000
0!
0%
#875006665000
1!
b00000010 #
1%
b00000010 '
b0 (
0)
#875048330000
0!
0%
#875089995000
1!
1%
b1 (
#875131660000
0!
0%
#875173325000
1!
1%
b10 (
#875214990000
0!
b00001010 #
0%
b00001010 '
1*
#875256655000
1!
1%
b11 (
#875298320000
0!
0%
#875339985000
1!
1%
b100 (
#875381650000
0!
0%
#875423315000
1!
b00001101 #
1%
b00001101 '
b0 (
1)
#875464980000
0!
0%
#875506645000
1!
1%
b1 (
#875548310000
0!
0%
#875589975000
1!
1%
b10 (
#875631640000
0!
b00000101 #
0%
b00000101 '
0*
#875673305000
1!
1%
b11 (
#875714970000
0!
0%
#875756635000
1!
1%
b100 (
#875798300000
0!
0%
#875839965000
1!
b00000010 #
1%
b00000010 '
b0 (
0)
#875881630000
0!
0%
#875923295000
1!
1%
b1 (
#875964960000
0!
0%
#876006625000
1!
1%
b10 (
#876048290000
0!
b00001010 #
0%
b00001010 '
1*
#876089955000
1!
1%
b11 (
#876131620000
0!
0%
#876173285000
1!
1%
b100 (
#876214950000
0!
0%
#876256615000
1!
b00001101 #
1%
b00001101 '
b0 (
1)
#876298280000
0!
0%
#876339945000
1!
1%
b1 (
#876381610000
0!
0%
#876423275000
1!
1%
b10 (
#876464940000
0!
b00000101 #
0%
b00000101 '
0*
#876506605000
1!
1%
b11 (
#876548270000
0!
0%
#876589935000
1!
1%
b100 (
#876631600000
0!
0%
#876673265000
1!
b00000010 #
1%
b00000010 '
b0 (
0)
#876714930000
0!
0%
#876756595000
1!
1%
b1 (
#876798260000
0!
0%
#876839925000
1!
1%
b10 (
#876881590000
0!
b00001010 #
0%
b00001010 '
1*
#876923255000
1!
1%
b11 (
#876964920000
0!
0%
#877006585000
1!
1%
b100 (
#877048250000
0!
0%
#877089915000
1!
b00001101 #
1%
b00001101 '
b0 (
1)
#877131580000
0!
0%
#877173245000
1!
1%
b1 (
#877214910000
0!
0%
#877256575000
1!
1%
b10 (
#877298240000
0!
b00000101 #
0%
b00000101 '
0*
#877339905000
1!
1%
b11 (
#877381570000
0!
0%
#877423235000
1!
1%
b100 (
#877464900000
0!
0%
#877506565000
1!
b00000010 #
1%
b00000010 '
b0 (
0)
#877548230000
0!
0%
#877589895000
1!
1%
b1 (
#877631560000
0!
0%
#877673225000
1!
1%
b10 (
#877714890000
0!
b00001010 #
0%
b00001010 '
1*
#877756555000
1!
1%
b11 (
#877798220000
0!
0%
#877839885000
1!
1%
b100 (
#877881550000
0!
0%
#877923215000
1!
b00001101 #
1%
b00001101 '
b0 (
1)
#877964880000
0!
0%
#878006545000
1!
1%
b1 (
#878048210000
0!
0%
#878089875000
1!
1%
b10 (
#878131540000
0!
b00000101 #
0%
b00000101 '
0*
#878173205000
1!
1%
b11 (
#878214870000
0!
0%
#878256535000
1!
1%
b100 (
#878298200000
0!
0%
#878339865000
1!
b00000010 #
1%
b00000010 '
b0 (
0)
#878381530000
0!
0%
#878423195000
1!
1%
b1 (
#878464860000
0!
0%
#878506525000
1!
1%
b10 (
#878548190000
0!
b00001010 #
0%
b00001010 '
1*
#878589855000
1!
1%
b11 (
#878631520000
0!
0%
#878673185000
1!
1%
b100 (
#878714850000
0!
0%
#878756515000
1!
b00001101 #
1%
b00001101 '
b0 (
1)
#878798180000
0!
0%
#878839845000
1!
1%
b1 (
#878881510000
0!
0%
#878923175000
1!
1%
b10 (
#878964840000
0!
b00000101 #
0%
b00000101 '
0*
#879006505000
1!
1%
b11 (
#879048170000
0!
0%
#879089835000
1!
1%
b100 (
#879131500000
0!
0%
#879173165000
1!
b00000010 #
1%
b00000010 '
b0 (
0)
#879214830000
0!
0%
#879256495000
1!
1%
b1 (
#879298160000
0!
0%
#879339825000
1!
1%
b10 (
#879381490000
0!
b00001010 #
0%
b00001010 '
1*
#879423155000
1!
1%
b11 (
#879464820000
0!
0%
#879506485000
1!
1%
b100 (
#879548150000
0!
0%
#879589815000
1!
b00001101 #
1%
b00001101 '
b0 (
1)
#879631480000
0!
0%
#879673145000
1!
1%
b1 (
#879714810000
0!
0%
#879756475000
1!
1%
b10 (
#879798140000
0!
b00000101 #
0%
b00000101 '
0*
#879839805000
1!
1%
b11 (
#879881470000
0!
0%
#879923135000
1!
1%
b100 (
#879964800000
0!
0%
#880006465000
1!
b00000010 #
1%
b00000010 '
b0 (
0)
#880048130000
0!
0%
#880089795000
1!
1%
b1 (
#880131460000
0!
0%
#880173125000
1!
1%
b10 (
#880214790000
0!
b00001010 #
0%
b00001010 '
1*
#880256455000
1!
1%
b11 (
#880298120000
0!
0%
#880339785000
1!
1%
b100 (
#880381450000
0!
0%
#880423115000
1!
b00001101 #
1%
b00001101 '
b0 (
1)
#880464780000
0!
0%
#880506445000
1!
1%
b1 (
#880548110000
0!
0%
#880589775000
1!
1%
b10 (
#880631440000
0!
b00000101 #
0%
b00000101 '
0*
#880673105000
1!
1%
b11 (
#880714770000
0!
0%
#880756435000
1!
1%
b100 (
#880798100000
0!
0%
#880839765000
1!
b00000010 #
1%
b00000010 '
b0 (
0)
#880881430000
0!
0%
#880923095000
1!
1%
b1 (
#880964760000
0!
0%
#881006425000
1!
1%
b10 (
#881048090000
0!
b00001010 #
0%
b00001010 '
1*
#881089755000
1!
1%
b11 (
#881131420000
0!
0%
#881173085000
1!
1%
b100 (
#881214750000
0!
0%
#881256415000
1!
b00001101 #
1%
b00001101 '
b0 (
1)
#881298080000
0!
0%
#881339745000
1!
1%
b1 (
#881381410000
0!
0%
#881423075000
1!
1%
b10 (
#881464740000
0!
b00000101 #
0%
b00000101 '
0*
#881506405000
1!
1%
b11 (
#881548070000
0!
0%
#881589735000
1!
1%
b100 (
#881631400000
0!
0%
#881673065000
1!
b00000010 #
1%
b00000010 '
b0 (
0)
#881714730000
0!
0%
#881756395000
1!
1%
b1 (
#881798060000
0!
0%
#881839725000
1!
1%
b10 (
#881881390000
0!
b00001010 #
0%
b00001010 '
1*
#881923055000
1!
1%
b11 (
#881964720000
0!
0%
#882006385000
1!
1%
b100 (
#882048050000
0!
0%
#882089715000
1!
b00001101 #
1%
b00001101 '
b0 (
1)
#882131380000
0!
0%
#882173045000
1!
1%
b1 (
#882214710000
0!
0%
#882256375000
1!
1%
b10 (
#882298040000
0!
b00000101 #
0%
b00000101 '
0*
#882339705000
1!
1%
b11 (
#882381370000
0!
0%
#882423035000
1!
1%
b100 (
#882464700000
0!
0%
#882506365000
1!
b00000010 #
1%
b00000010 '
b0 (
0)
#882548030000
0!
0%
#882589695000
1!
1%
b1 (
#882631360000
0!
0%
#882673025000
1!
1%
b10 (
#882714690000
0!
b00001010 #
0%
b00001010 '
1*
#882756355000
1!
1%
b11 (
#882798020000
0!
0%
#882839685000
1!
1%
b100 (
#882881350000
0!
0%
#882923015000
1!
b00001101 #
1%
b00001101 '
b0 (
1)
#882964680000
0!
0%
#883006345000
1!
1%
b1 (
#883048010000
0!
0%
#883089675000
1!
1%
b10 (
#883131340000
0!
b00000101 #
0%
b00000101 '
0*
#883173005000
1!
1%
b11 (
#883214670000
0!
0%
#883256335000
1!
1%
b100 (
#883298000000
0!
0%
#883339665000
1!
b00000010 #
1%
b00000010 '
b0 (
0)
#883381330000
0!
0%
#883422995000
1!
1%
b1 (
#883464660000
0!
0%
#883506325000
1!
1%
b10 (
#883547990000
0!
b00001010 #
0%
b00001010 '
1*
#883589655000
1!
1%
b11 (
#883631320000
0!
0%
#883672985000
1!
1%
b100 (
#883714650000
0!
0%
#883756315000
1!
b00001101 #
1%
b00001101 '
b0 (
1)
#883797980000
0!
0%
#883839645000
1!
1%
b1 (
#883881310000
0!
0%
#883922975000
1!
1%
b10 (
#883964640000
0!
b00000101 #
0%
b00000101 '
0*
#884006305000
1!
1%
b11 (
#884047970000
0!
0%
#884089635000
1!
1%
b100 (
#884131300000
0!
0%
#884172965000
1!
b00000010 #
1%
b00000010 '
b0 (
0)
#884214630000
0!
0%
#884256295000
1!
1%
b1 (
#884297960000
0!
0%
#884339625000
1!
1%
b10 (
#884381290000
0!
b00001010 #
0%
b00001010 '
1*
#884422955000
1!
1%
b11 (
#884464620000
0!
0%
#884506285000
1!
1%
b100 (
#884547950000
0!
0%
#884589615000
1!
b00001101 #
1%
b00001101 '
b0 (
1)
#884631280000
0!
0%
#884672945000
1!
1%
b1 (
#884714610000
0!
0%
#884756275000
1!
1%
b10 (
#884797940000
0!
b00000101 #
0%
b00000101 '
0*
#884839605000
1!
1%
b11 (
#884881270000
0!
0%
#884922935000
1!
1%
b100 (
#884964600000
0!
0%
#885006265000
1!
b00000010 #
1%
b00000010 '
b0 (
0)
#885047930000
0!
0%
#885089595000
1!
1%
b1 (
#885131260000
0!
0%
#885172925000
1!
1%
b10 (
#885214590000
0!
b00001010 #
0%
b00001010 '
1*
#885256255000
1!
1%
b11 (
#885297920000
0!
0%
#885339585000
1!
1%
b100 (
#885381250000
0!
0%
#885422915000
1!
b00001101 #
1%
b00001101 '
b0 (
1)
#885464580000
0!
0%
#885506245000
1!
1%
b1 (
#885547910000
0!
0%
#885589575000
1!
1%
b10 (
#885631240000
0!
b00000101 #
0%
b00000101 '
0*
#885672905000
1!
1%
b11 (
#885714570000
0!
0%
#885756235000
1!
1%
b100 (
#885797900000
0!
0%
#885839565000
1!
b00000010 #
1%
b00000010 '
b0 (
0)
#885881230000
0!
0%
#885922895000
1!
1%
b1 (
#885964560000
0!
0%
#886006225000
1!
1%
b10 (
#886047890000
0!
b00001010 #
0%
b00001010 '
1*
#886089555000
1!
1%
b11 (
#886131220000
0!
0%
#886172885000
1!
1%
b100 (
#886214550000
0!
0%
#886256215000
1!
b00001101 #
1%
b00001101 '
b0 (
1)
#886297880000
0!
0%
#886339545000
1!
1%
b1 (
#886381210000
0!
0%
#886422875000
1!
1%
b10 (
#886464540000
0!
b00000101 #
0%
b00000101 '
0*
#886506205000
1!
1%
b11 (
#886547870000
0!
0%
#886589535000
1!
1%
b100 (
#886631200000
0!
0%
#886672865000
1!
b00000010 #
1%
b00000010 '
b0 (
0)
#886714530000
0!
0%
#886756195000
1!
1%
b1 (
#886797860000
0!
0%
#886839525000
1!
1%
b10 (
#886881190000
0!
b00001010 #
0%
b00001010 '
1*
#886922855000
1!
1%
b11 (
#886964520000
0!
0%
#887006185000
1!
1%
b100 (
#887047850000
0!
0%
#887089515000
1!
b00001101 #
1%
b00001101 '
b0 (
1)
#887131180000
0!
0%
#887172845000
1!
1%
b1 (
#887214510000
0!
0%
#887256175000
1!
1%
b10 (
#887297840000
0!
b00000101 #
0%
b00000101 '
0*
#887339505000
1!
1%
b11 (
#887381170000
0!
0%
#887422835000
1!
1%
b100 (
#887464500000
0!
0%
#887506165000
1!
b00000010 #
1%
b00000010 '
b0 (
0)
#887547830000
0!
0%
#887589495000
1!
1%
b1 (
#887631160000
0!
0%
#887672825000
1!
1%
b10 (
#887714490000
0!
b00001010 #
0%
b00001010 '
1*
#887756155000
1!
1%
b11 (
#887797820000
0!
0%
#887839485000
1!
1%
b100 (
#887881150000
0!
0%
#887922815000
1!
b00001101 #
1%
b00001101 '
b0 (
1)
#887964480000
0!
0%
#888006145000
1!
1%
b1 (
#888047810000
0!
0%
#888089475000
1!
1%
b10 (
#888131140000
0!
b00000101 #
0%
b00000101 '
0*
#888172805000
1!
1%
b11 (
#888214470000
0!
0%
#888256135000
1!
1%
b100 (
#888297800000
0!
0%
#888339465000
1!
b00000010 #
1%
b00000010 '
b0 (
0)
#888381130000
0!
0%
#888422795000
1!
1%
b1 (
#888464460000
0!
0%
#888506125000
1!
1%
b10 (
#888547790000
0!
b00001010 #
0%
b00001010 '
1*
#888589455000
1!
1%
b11 (
#888631120000
0!
0%
#888672785000
1!
1%
b100 (
#888714450000
0!
0%
#888756115000
1!
b00001101 #
1%
b00001101 '
b0 (
1)
#888797780000
0!
0%
#888839445000
1!
1%
b1 (
#888881110000
0!
0%
#888922775000
1!
1%
b10 (
#888964440000
0!
b00000101 #
0%
b00000101 '
0*
#889006105000
1!
1%
b11 (
#889047770000
0!
0%
#889089435000
1!
1%
b100 (
#889131100000
0!
0%
#889172765000
1!
b00000010 #
1%
b00000010 '
b0 (
0)
#889214430000
0!
0%
#889256095000
1!
1%
b1 (
#889297760000
0!
0%
#889339425000
1!
1%
b10 (
#889381090000
0!
b00001010 #
0%
b00001010 '
1*
#889422755000
1!
1%
b11 (
#889464420000
0!
0%
#889506085000
1!
1%
b100 (
#889547750000
0!
0%
#889589415000
1!
b00001101 #
1%
b00001101 '
b0 (
1)
#889631080000
0!
0%
#889672745000
1!
1%
b1 (
#889714410000
0!
0%
#889756075000
1!
1%
b10 (
#889797740000
0!
b00000101 #
0%
b00000101 '
0*
#889839405000
1!
1%
b11 (
#889881070000
0!
0%
#889922735000
1!
1%
b100 (
#889964400000
0!
0%
#890006065000
1!
b00000010 #
1%
b00000010 '
b0 (
0)
#890047730000
0!
0%
#890089395000
1!
1%
b1 (
#890131060000
0!
0%
#890172725000
1!
1%
b10 (
#890214390000
0!
b00001010 #
0%
b00001010 '
1*
#890256055000
1!
1%
b11 (
#890297720000
0!
0%
#890339385000
1!
1%
b100 (
#890381050000
0!
0%
#890422715000
1!
b00001101 #
1%
b00001101 '
b0 (
1)
#890464380000
0!
0%
#890506045000
1!
1%
b1 (
#890547710000
0!
0%
#890589375000
1!
1%
b10 (
#890631040000
0!
b00000101 #
0%
b00000101 '
0*
#890672705000
1!
1%
b11 (
#890714370000
0!
0%
#890756035000
1!
1%
b100 (
#890797700000
0!
0%
#890839365000
1!
b00000010 #
1%
b00000010 '
b0 (
0)
#890881030000
0!
0%
#890922695000
1!
1%
b1 (
#890964360000
0!
0%
#891006025000
1!
1%
b10 (
#891047690000
0!
b00001010 #
0%
b00001010 '
1*
#891089355000
1!
1%
b11 (
#891131020000
0!
0%
#891172685000
1!
1%
b100 (
#891214350000
0!
0%
#891256015000
1!
b00001101 #
1%
b00001101 '
b0 (
1)
#891297680000
0!
0%
#891339345000
1!
1%
b1 (
#891381010000
0!
0%
#891422675000
1!
1%
b10 (
#891464340000
0!
b00000101 #
0%
b00000101 '
0*
#891506005000
1!
1%
b11 (
#891547670000
0!
0%
#891589335000
1!
1%
b100 (
#891631000000
0!
0%
#891672665000
1!
b00000010 #
1%
b00000010 '
b0 (
0)
#891714330000
0!
0%
#891755995000
1!
1%
b1 (
#891797660000
0!
0%
#891839325000
1!
1%
b10 (
#891880990000
0!
b00001010 #
0%
b00001010 '
1*
#891922655000
1!
1%
b11 (
#891964320000
0!
0%
#892005985000
1!
1%
b100 (
#892047650000
0!
0%
#892089315000
1!
b00001101 #
1%
b00001101 '
b0 (
1)
#892130980000
0!
0%
#892172645000
1!
1%
b1 (
#892214310000
0!
0%
#892255975000
1!
1%
b10 (
#892297640000
0!
b00000101 #
0%
b00000101 '
0*
#892339305000
1!
1%
b11 (
#892380970000
0!
0%
#892422635000
1!
1%
b100 (
#892464300000
0!
0%
#892505965000
1!
b00000010 #
1%
b00000010 '
b0 (
0)
#892547630000
0!
0%
#892589295000
1!
1%
b1 (
#892630960000
0!
0%
#892672625000
1!
1%
b10 (
#892714290000
0!
b00001010 #
0%
b00001010 '
1*
#892755955000
1!
1%
b11 (
#892797620000
0!
0%
#892839285000
1!
1%
b100 (
#892880950000
0!
0%
#892922615000
1!
b00001101 #
1%
b00001101 '
b0 (
1)
#892964280000
0!
0%
#893005945000
1!
1%
b1 (
#893047610000
0!
0%
#893089275000
1!
1%
b10 (
#893130940000
0!
b00000101 #
0%
b00000101 '
0*
#893172605000
1!
1%
b11 (
#893214270000
0!
0%
#893255935000
1!
1%
b100 (
#893297600000
0!
0%
#893339265000
1!
b00000010 #
1%
b00000010 '
b0 (
0)
#893380930000
0!
0%
#893422595000
1!
1%
b1 (
#893464260000
0!
0%
#893505925000
1!
1%
b10 (
#893547590000
0!
b00001010 #
0%
b00001010 '
1*
#893589255000
1!
1%
b11 (
#893630920000
0!
0%
#893672585000
1!
1%
b100 (
#893714250000
0!
0%
#893755915000
1!
b00001101 #
1%
b00001101 '
b0 (
1)
#893797580000
0!
0%
#893839245000
1!
1%
b1 (
#893880910000
0!
0%
#893922575000
1!
1%
b10 (
#893964240000
0!
b00000101 #
0%
b00000101 '
0*
#894005905000
1!
1%
b11 (
#894047570000
0!
0%
#894089235000
1!
1%
b100 (
#894130900000
0!
0%
#894172565000
1!
b00000010 #
1%
b00000010 '
b0 (
0)
#894214230000
0!
0%
#894255895000
1!
1%
b1 (
#894297560000
0!
0%
#894339225000
1!
1%
b10 (
#894380890000
0!
b00001010 #
0%
b00001010 '
1*
#894422555000
1!
1%
b11 (
#894464220000
0!
0%
#894505885000
1!
1%
b100 (
#894547550000
0!
0%
#894589215000
1!
b00001101 #
1%
b00001101 '
b0 (
1)
#894630880000
0!
0%
#894672545000
1!
1%
b1 (
#894714210000
0!
0%
#894755875000
1!
1%
b10 (
#894797540000
0!
b00000101 #
0%
b00000101 '
0*
#894839205000
1!
1%
b11 (
#894880870000
0!
0%
#894922535000
1!
1%
b100 (
#894964200000
0!
0%
#895005865000
1!
b00000010 #
1%
b00000010 '
b0 (
0)
#895047530000
0!
0%
#895089195000
1!
1%
b1 (
#895130860000
0!
0%
#895172525000
1!
1%
b10 (
#895214190000
0!
b00001010 #
0%
b00001010 '
1*
#895255855000
1!
1%
b11 (
#895297520000
0!
0%
#895339185000
1!
1%
b100 (
#895380850000
0!
0%
#895422515000
1!
b00001101 #
1%
b00001101 '
b0 (
1)
#895464180000
0!
0%
#895505845000
1!
1%
b1 (
#895547510000
0!
0%
#895589175000
1!
1%
b10 (
#895630840000
0!
b00000101 #
0%
b00000101 '
0*
#895672505000
1!
1%
b11 (
#895714170000
0!
0%
#895755835000
1!
1%
b100 (
#895797500000
0!
0%
#895839165000
1!
b00000010 #
1%
b00000010 '
b0 (
0)
#895880830000
0!
0%
#895922495000
1!
1%
b1 (
#895964160000
0!
0%
#896005825000
1!
1%
b10 (
#896047490000
0!
b00001010 #
0%
b00001010 '
1*
#896089155000
1!
1%
b11 (
#896130820000
0!
0%
#896172485000
1!
1%
b100 (
#896214150000
0!
0%
#896255815000
1!
b00001101 #
1%
b00001101 '
b0 (
1)
#896297480000
0!
0%
#896339145000
1!
1%
b1 (
#896380810000
0!
0%
#896422475000
1!
1%
b10 (
#896464140000
0!
b00000101 #
0%
b00000101 '
0*
#896505805000
1!
1%
b11 (
#896547470000
0!
0%
#896589135000
1!
1%
b100 (
#896630800000
0!
0%
#896672465000
1!
b00000010 #
1%
b00000010 '
b0 (
0)
#896714130000
0!
0%
#896755795000
1!
1%
b1 (
#896797460000
0!
0%
#896839125000
1!
1%
b10 (
#896880790000
0!
b00001010 #
0%
b00001010 '
1*
#896922455000
1!
1%
b11 (
#896964120000
0!
0%
#897005785000
1!
1%
b100 (
#897047450000
0!
0%
#897089115000
1!
b00001101 #
1%
b00001101 '
b0 (
1)
#897130780000
0!
0%
#897172445000
1!
1%
b1 (
#897214110000
0!
0%
#897255775000
1!
1%
b10 (
#897297440000
0!
b00000101 #
0%
b00000101 '
0*
#897339105000
1!
1%
b11 (
#897380770000
0!
0%
#897422435000
1!
1%
b100 (
#897464100000
0!
0%
#897505765000
1!
b00000010 #
1%
b00000010 '
b0 (
0)
#897547430000
0!
0%
#897589095000
1!
1%
b1 (
#897630760000
0!
0%
#897672425000
1!
1%
b10 (
#897714090000
0!
b00001010 #
0%
b00001010 '
1*
#897755755000
1!
1%
b11 (
#897797420000
0!
0%
#897839085000
1!
1%
b100 (
#897880750000
0!
0%
#897922415000
1!
b00001101 #
1%
b00001101 '
b0 (
1)
#897964080000
0!
0%
#898005745000
1!
1%
b1 (
#898047410000
0!
0%
#898089075000
1!
1%
b10 (
#898130740000
0!
b00000101 #
0%
b00000101 '
0*
#898172405000
1!
1%
b11 (
#898214070000
0!
0%
#898255735000
1!
1%
b100 (
#898297400000
0!
0%
#898339065000
1!
b00000010 #
1%
b00000010 '
b0 (
0)
#898380730000
0!
0%
#898422395000
1!
1%
b1 (
#898464060000
0!
0%
#898505725000
1!
1%
b10 (
#898547390000
0!
b00001010 #
0%
b00001010 '
1*
#898589055000
1!
1%
b11 (
#898630720000
0!
0%
#898672385000
1!
1%
b100 (
#898714050000
0!
0%
#898755715000
1!
b00001101 #
1%
b00001101 '
b0 (
1)
#898797380000
0!
0%
#898839045000
1!
1%
b1 (
#898880710000
0!
0%
#898922375000
1!
1%
b10 (
#898964040000
0!
b00000101 #
0%
b00000101 '
0*
#899005705000
1!
1%
b11 (
#899047370000
0!
0%
#899089035000
1!
1%
b100 (
#899130700000
0!
0%
#899172365000
1!
b00000010 #
1%
b00000010 '
b0 (
0)
#899214030000
0!
0%
#899255695000
1!
1%
b1 (
#899297360000
0!
0%
#899339025000
1!
1%
b10 (
#899380690000
0!
b00001010 #
0%
b00001010 '
1*
#899422355000
1!
1%
b11 (
#899464020000
0!
0%
#899505685000
1!
1%
b100 (
#899547350000
0!
0%
#899589015000
1!
b00001101 #
1%
b00001101 '
b0 (
1)
#899630680000
0!
0%
#899672345000
1!
1%
b1 (
#899714010000
0!
0%
#899755675000
1!
1%
b10 (
#899797340000
0!
b00000101 #
0%
b00000101 '
0*
#899839005000
1!
1%
b11 (
#899880670000
0!
0%
#899922335000
1!
1%
b100 (
#899964000000
0!
0%
#900005665000
1!
b00000010 #
1%
b00000010 '
b0 (
0)
#900047330000
0!
0%
#900088995000
1!
1%
b1 (
#900130660000
0!
0%
#900172325000
1!
1%
b10 (
#900213990000
0!
b00001010 #
0%
b00001010 '
1*
#900255655000
1!
1%
b11 (
#900297320000
0!
0%
#900338985000
1!
1%
b100 (
#900380650000
0!
0%
#900422315000
1!
b00001101 #
1%
b00001101 '
b0 (
1)
#900463980000
0!
0%
#900505645000
1!
1%
b1 (
#900547310000
0!
0%
#900588975000
1!
1%
b10 (
#900630640000
0!
b00000101 #
0%
b00000101 '
0*
#900672305000
1!
1%
b11 (
#900713970000
0!
0%
#900755635000
1!
1%
b100 (
#900797300000
0!
0%
#900838965000
1!
b00000010 #
1%
b00000010 '
b0 (
0)
#900880630000
0!
0%
#900922295000
1!
1%
b1 (
#900963960000
0!
0%
#901005625000
1!
1%
b10 (
#901047290000
0!
b00001010 #
0%
b00001010 '
1*
#901088955000
1!
1%
b11 (
#901130620000
0!
0%
#901172285000
1!
1%
b100 (
#901213950000
0!
0%
#901255615000
1!
b00001101 #
1%
b00001101 '
b0 (
1)
#901297280000
0!
0%
#901338945000
1!
1%
b1 (
#901380610000
0!
0%
#901422275000
1!
1%
b10 (
#901463940000
0!
b00000101 #
0%
b00000101 '
0*
#901505605000
1!
1%
b11 (
#901547270000
0!
0%
#901588935000
1!
1%
b100 (
#901630600000
0!
0%
#901672265000
1!
b00000010 #
1%
b00000010 '
b0 (
0)
#901713930000
0!
0%
#901755595000
1!
1%
b1 (
#901797260000
0!
0%
#901838925000
1!
1%
b10 (
#901880590000
0!
b00001010 #
0%
b00001010 '
1*
#901922255000
1!
1%
b11 (
#901963920000
0!
0%
#902005585000
1!
1%
b100 (
#902047250000
0!
0%
#902088915000
1!
b00001101 #
1%
b00001101 '
b0 (
1)
#902130580000
0!
0%
#902172245000
1!
1%
b1 (
#902213910000
0!
0%
#902255575000
1!
1%
b10 (
#902297240000
0!
b00000101 #
0%
b00000101 '
0*
#902338905000
1!
1%
b11 (
#902380570000
0!
0%
#902422235000
1!
1%
b100 (
#902463900000
0!
0%
#902505565000
1!
b00000010 #
1%
b00000010 '
b0 (
0)
#902547230000
0!
0%
#902588895000
1!
1%
b1 (
#902630560000
0!
0%
#902672225000
1!
1%
b10 (
#902713890000
0!
b00001010 #
0%
b00001010 '
1*
#902755555000
1!
1%
b11 (
#902797220000
0!
0%
#902838885000
1!
1%
b100 (
#902880550000
0!
0%
#902922215000
1!
b00001101 #
1%
b00001101 '
b0 (
1)
#902963880000
0!
0%
#903005545000
1!
1%
b1 (
#903047210000
0!
0%
#903088875000
1!
1%
b10 (
#903130540000
0!
b00000101 #
0%
b00000101 '
0*
#903172205000
1!
1%
b11 (
#903213870000
0!
0%
#903255535000
1!
1%
b100 (
#903297200000
0!
0%
#903338865000
1!
b00000010 #
1%
b00000010 '
b0 (
0)
#903380530000
0!
0%
#903422195000
1!
1%
b1 (
#903463860000
0!
0%
#903505525000
1!
1%
b10 (
#903547190000
0!
b00001010 #
0%
b00001010 '
1*
#903588855000
1!
1%
b11 (
#903630520000
0!
0%
#903672185000
1!
1%
b100 (
#903713850000
0!
0%
#903755515000
1!
b00001101 #
1%
b00001101 '
b0 (
1)
#903797180000
0!
0%
#903838845000
1!
1%
b1 (
#903880510000
0!
0%
#903922175000
1!
1%
b10 (
#903963840000
0!
b00000101 #
0%
b00000101 '
0*
#904005505000
1!
1%
b11 (
#904047170000
0!
0%
#904088835000
1!
1%
b100 (
#904130500000
0!
0%
#904172165000
1!
b00000010 #
1%
b00000010 '
b0 (
0)
#904213830000
0!
0%
#904255495000
1!
1%
b1 (
#904297160000
0!
0%
#904338825000
1!
1%
b10 (
#904380490000
0!
b00001010 #
0%
b00001010 '
1*
#904422155000
1!
1%
b11 (
#904463820000
0!
0%
#904505485000
1!
1%
b100 (
#904547150000
0!
0%
#904588815000
1!
b00001101 #
1%
b00001101 '
b0 (
1)
#904630480000
0!
0%
#904672145000
1!
1%
b1 (
#904713810000
0!
0%
#904755475000
1!
1%
b10 (
#904797140000
0!
b00000101 #
0%
b00000101 '
0*
#904838805000
1!
1%
b11 (
#904880470000
0!
0%
#904922135000
1!
1%
b100 (
#904963800000
0!
0%
#905005465000
1!
b00000010 #
1%
b00000010 '
b0 (
0)
#905047130000
0!
0%
#905088795000
1!
1%
b1 (
#905130460000
0!
0%
#905172125000
1!
1%
b10 (
#905213790000
0!
b00001010 #
0%
b00001010 '
1*
#905255455000
1!
1%
b11 (
#905297120000
0!
0%
#905338785000
1!
1%
b100 (
#905380450000
0!
0%
#905422115000
1!
b00001101 #
1%
b00001101 '
b0 (
1)
#905463780000
0!
0%
#905505445000
1!
1%
b1 (
#905547110000
0!
0%
#905588775000
1!
1%
b10 (
#905630440000
0!
b00000101 #
0%
b00000101 '
0*
#905672105000
1!
1%
b11 (
#905713770000
0!
0%
#905755435000
1!
1%
b100 (
#905797100000
0!
0%
#905838765000
1!
b00000010 #
1%
b00000010 '
b0 (
0)
#905880430000
0!
0%
#905922095000
1!
1%
b1 (
#905963760000
0!
0%
#906005425000
1!
1%
b10 (
#906047090000
0!
b00001010 #
0%
b00001010 '
1*
#906088755000
1!
1%
b11 (
#906130420000
0!
0%
#906172085000
1!
1%
b100 (
#906213750000
0!
0%
#906255415000
1!
b00001101 #
1%
b00001101 '
b0 (
1)
#906297080000
0!
0%
#906338745000
1!
1%
b1 (
#906380410000
0!
0%
#906422075000
1!
1%
b10 (
#906463740000
0!
b00000101 #
0%
b00000101 '
0*
#906505405000
1!
1%
b11 (
#906547070000
0!
0%
#906588735000
1!
1%
b100 (
#906630400000
0!
0%
#906672065000
1!
b00000010 #
1%
b00000010 '
b0 (
0)
#906713730000
0!
0%
#906755395000
1!
1%
b1 (
#906797060000
0!
0%
#906838725000
1!
1%
b10 (
#906880390000
0!
b00001010 #
0%
b00001010 '
1*
#906922055000
1!
1%
b11 (
#906963720000
0!
0%
#907005385000
1!
1%
b100 (
#907047050000
0!
0%
#907088715000
1!
b00001101 #
1%
b00001101 '
b0 (
1)
#907130380000
0!
0%
#907172045000
1!
1%
b1 (
#907213710000
0!
0%
#907255375000
1!
1%
b10 (
#907297040000
0!
b00000101 #
0%
b00000101 '
0*
#907338705000
1!
1%
b11 (
#907380370000
0!
0%
#907422035000
1!
1%
b100 (
#907463700000
0!
0%
#907505365000
1!
b00000010 #
1%
b00000010 '
b0 (
0)
#907547030000
0!
0%
#907588695000
1!
1%
b1 (
#907630360000
0!
0%
#907672025000
1!
1%
b10 (
#907713690000
0!
b00001010 #
0%
b00001010 '
1*
#907755355000
1!
1%
b11 (
#907797020000
0!
0%
#907838685000
1!
1%
b100 (
#907880350000
0!
0%
#907922015000
1!
b00001101 #
1%
b00001101 '
b0 (
1)
#907963680000
0!
0%
#908005345000
1!
1%
b1 (
#908047010000
0!
0%
#908088675000
1!
1%
b10 (
#908130340000
0!
b00000101 #
0%
b00000101 '
0*
#908172005000
1!
1%
b11 (
#908213670000
0!
0%
#908255335000
1!
1%
b100 (
#908297000000
0!
0%
#908338665000
1!
b00000010 #
1%
b00000010 '
b0 (
0)
#908380330000
0!
0%
#908421995000
1!
1%
b1 (
#908463660000
0!
0%
#908505325000
1!
1%
b10 (
#908546990000
0!
b00001010 #
0%
b00001010 '
1*
#908588655000
1!
1%
b11 (
#908630320000
0!
0%
#908671985000
1!
1%
b100 (
#908713650000
0!
0%
#908755315000
1!
b00001101 #
1%
b00001101 '
b0 (
1)
#908796980000
0!
0%
#908838645000
1!
1%
b1 (
#908880310000
0!
0%
#908921975000
1!
1%
b10 (
#908963640000
0!
b00000101 #
0%
b00000101 '
0*
#909005305000
1!
1%
b11 (
#909046970000
0!
0%
#909088635000
1!
1%
b100 (
#909130300000
0!
0%
#909171965000
1!
b00000010 #
1%
b00000010 '
b0 (
0)
#909213630000
0!
0%
#909255295000
1!
1%
b1 (
#909296960000
0!
0%
#909338625000
1!
1%
b10 (
#909380290000
0!
b00001010 #
0%
b00001010 '
1*
#909421955000
1!
1%
b11 (
#909463620000
0!
0%
#909505285000
1!
1%
b100 (
#909546950000
0!
0%
#909588615000
1!
b00001101 #
1%
b00001101 '
b0 (
1)
#909630280000
0!
0%
#909671945000
1!
1%
b1 (
#909713610000
0!
0%
#909755275000
1!
1%
b10 (
#909796940000
0!
b00000101 #
0%
b00000101 '
0*
#909838605000
1!
1%
b11 (
#909880270000
0!
0%
#909921935000
1!
1%
b100 (
#909963600000
0!
0%
#910005265000
1!
b00000010 #
1%
b00000010 '
b0 (
0)
#910046930000
0!
0%
#910088595000
1!
1%
b1 (
#910130260000
0!
0%
#910171925000
1!
1%
b10 (
#910213590000
0!
b00001010 #
0%
b00001010 '
1*
#910255255000
1!
1%
b11 (
#910296920000
0!
0%
#910338585000
1!
1%
b100 (
#910380250000
0!
0%
#910421915000
1!
b00001101 #
1%
b00001101 '
b0 (
1)
#910463580000
0!
0%
#910505245000
1!
1%
b1 (
#910546910000
0!
0%
#910588575000
1!
1%
b10 (
#910630240000
0!
b00000101 #
0%
b00000101 '
0*
#910671905000
1!
1%
b11 (
#910713570000
0!
0%
#910755235000
1!
1%
b100 (
#910796900000
0!
0%
#910838565000
1!
b00000010 #
1%
b00000010 '
b0 (
0)
#910880230000
0!
0%
#910921895000
1!
1%
b1 (
#910963560000
0!
0%
#911005225000
1!
1%
b10 (
#911046890000
0!
b00001010 #
0%
b00001010 '
1*
#911088555000
1!
1%
b11 (
#911130220000
0!
0%
#911171885000
1!
1%
b100 (
#911213550000
0!
0%
#911255215000
1!
b00001101 #
1%
b00001101 '
b0 (
1)
#911296880000
0!
0%
#911338545000
1!
1%
b1 (
#911380210000
0!
0%
#911421875000
1!
1%
b10 (
#911463540000
0!
b00000101 #
0%
b00000101 '
0*
#911505205000
1!
1%
b11 (
#911546870000
0!
0%
#911588535000
1!
1%
b100 (
#911630200000
0!
0%
#911671865000
1!
b00000010 #
1%
b00000010 '
b0 (
0)
#911713530000
0!
0%
#911755195000
1!
1%
b1 (
#911796860000
0!
0%
#911838525000
1!
1%
b10 (
#911880190000
0!
b00001010 #
0%
b00001010 '
1*
#911921855000
1!
1%
b11 (
#911963520000
0!
0%
#912005185000
1!
1%
b100 (
#912046850000
0!
0%
#912088515000
1!
b00001101 #
1%
b00001101 '
b0 (
1)
#912130180000
0!
0%
#912171845000
1!
1%
b1 (
#912213510000
0!
0%
#912255175000
1!
1%
b10 (
#912296840000
0!
b00000101 #
0%
b00000101 '
0*
#912338505000
1!
1%
b11 (
#912380170000
0!
0%
#912421835000
1!
1%
b100 (
#912463500000
0!
0%
#912505165000
1!
b00000010 #
1%
b00000010 '
b0 (
0)
#912546830000
0!
0%
#912588495000
1!
1%
b1 (
#912630160000
0!
0%
#912671825000
1!
1%
b10 (
#912713490000
0!
b00001010 #
0%
b00001010 '
1*
#912755155000
1!
1%
b11 (
#912796820000
0!
0%
#912838485000
1!
1%
b100 (
#912880150000
0!
0%
#912921815000
1!
b00001101 #
1%
b00001101 '
b0 (
1)
#912963480000
0!
0%
#913005145000
1!
1%
b1 (
#913046810000
0!
0%
#913088475000
1!
1%
b10 (
#913130140000
0!
b00000101 #
0%
b00000101 '
0*
#913171805000
1!
1%
b11 (
#913213470000
0!
0%
#913255135000
1!
1%
b100 (
#913296800000
0!
0%
#913338465000
1!
b00000010 #
1%
b00000010 '
b0 (
0)
#913380130000
0!
0%
#913421795000
1!
1%
b1 (
#913463460000
0!
0%
#913505125000
1!
1%
b10 (
#913546790000
0!
b00001010 #
0%
b00001010 '
1*
#913588455000
1!
1%
b11 (
#913630120000
0!
0%
#913671785000
1!
1%
b100 (
#913713450000
0!
0%
#913755115000
1!
b00001101 #
1%
b00001101 '
b0 (
1)
#913796780000
0!
0%
#913838445000
1!
1%
b1 (
#913880110000
0!
0%
#913921775000
1!
1%
b10 (
#913963440000
0!
b00000101 #
0%
b00000101 '
0*
#914005105000
1!
1%
b11 (
#914046770000
0!
0%
#914088435000
1!
1%
b100 (
#914130100000
0!
0%
#914171765000
1!
b00000010 #
1%
b00000010 '
b0 (
0)
#914213430000
0!
0%
#914255095000
1!
1%
b1 (
#914296760000
0!
0%
#914338425000
1!
1%
b10 (
#914380090000
0!
b00001010 #
0%
b00001010 '
1*
#914421755000
1!
1%
b11 (
#914463420000
0!
0%
#914505085000
1!
1%
b100 (
#914546750000
0!
0%
#914588415000
1!
b00001101 #
1%
b00001101 '
b0 (
1)
#914630080000
0!
0%
#914671745000
1!
1%
b1 (
#914713410000
0!
0%
#914755075000
1!
1%
b10 (
#914796740000
0!
b00000101 #
0%
b00000101 '
0*
#914838405000
1!
1%
b11 (
#914880070000
0!
0%
#914921735000
1!
1%
b100 (
#914963400000
0!
0%
#915005065000
1!
b00000010 #
1%
b00000010 '
b0 (
0)
#915046730000
0!
0%
#915088395000
1!
1%
b1 (
#915130060000
0!
0%
#915171725000
1!
1%
b10 (
#915213390000
0!
b00001010 #
0%
b00001010 '
1*
#915255055000
1!
1%
b11 (
#915296720000
0!
0%
#915338385000
1!
1%
b100 (
#915380050000
0!
0%
#915421715000
1!
b00001101 #
1%
b00001101 '
b0 (
1)
#915463380000
0!
0%
#915505045000
1!
1%
b1 (
#915546710000
0!
0%
#915588375000
1!
1%
b10 (
#915630040000
0!
b00000101 #
0%
b00000101 '
0*
#915671705000
1!
1%
b11 (
#915713370000
0!
0%
#915755035000
1!
1%
b100 (
#915796700000
0!
0%
#915838365000
1!
b00000010 #
1%
b00000010 '
b0 (
0)
#915880030000
0!
0%
#915921695000
1!
1%
b1 (
#915963360000
0!
0%
#916005025000
1!
1%
b10 (
#916046690000
0!
b00001010 #
0%
b00001010 '
1*
#916088355000
1!
1%
b11 (
#916130020000
0!
0%
#916171685000
1!
1%
b100 (
#916213350000
0!
0%
#916255015000
1!
b00001101 #
1%
b00001101 '
b0 (
1)
#916296680000
0!
0%
#916338345000
1!
1%
b1 (
#916380010000
0!
0%
#916421675000
1!
1%
b10 (
#916463340000
0!
b00000101 #
0%
b00000101 '
0*
#916505005000
1!
1%
b11 (
#916546670000
0!
0%
#916588335000
1!
1%
b100 (
#916630000000
0!
0%
#916671665000
1!
b00000010 #
1%
b00000010 '
b0 (
0)
#916713330000
0!
0%
#916754995000
1!
1%
b1 (
#916796660000
0!
0%
#916838325000
1!
1%
b10 (
#916879990000
0!
b00001010 #
0%
b00001010 '
1*
#916921655000
1!
1%
b11 (
#916963320000
0!
0%
#917004985000
1!
1%
b100 (
#917046650000
0!
0%
#917088315000
1!
b00001101 #
1%
b00001101 '
b0 (
1)
#917129980000
0!
0%
#917171645000
1!
1%
b1 (
#917213310000
0!
0%
#917254975000
1!
1%
b10 (
#917296640000
0!
b00000101 #
0%
b00000101 '
0*
#917338305000
1!
1%
b11 (
#917379970000
0!
0%
#917421635000
1!
1%
b100 (
#917463300000
0!
0%
#917504965000
1!
b00000010 #
1%
b00000010 '
b0 (
0)
#917546630000
0!
0%
#917588295000
1!
1%
b1 (
#917629960000
0!
0%
#917671625000
1!
1%
b10 (
#917713290000
0!
b00001010 #
0%
b00001010 '
1*
#917754955000
1!
1%
b11 (
#917796620000
0!
0%
#917838285000
1!
1%
b100 (
#917879950000
0!
0%
#917921615000
1!
b00001101 #
1%
b00001101 '
b0 (
1)
#917963280000
0!
0%
#918004945000
1!
1%
b1 (
#918046610000
0!
0%
#918088275000
1!
1%
b10 (
#918129940000
0!
b00000101 #
0%
b00000101 '
0*
#918171605000
1!
1%
b11 (
#918213270000
0!
0%
#918254935000
1!
1%
b100 (
#918296600000
0!
0%
#918338265000
1!
b00000010 #
1%
b00000010 '
b0 (
0)
#918379930000
0!
0%
#918421595000
1!
1%
b1 (
#918463260000
0!
0%
#918504925000
1!
1%
b10 (
#918546590000
0!
b00001010 #
0%
b00001010 '
1*
#918588255000
1!
1%
b11 (
#918629920000
0!
0%
#918671585000
1!
1%
b100 (
#918713250000
0!
0%
#918754915000
1!
b00001101 #
1%
b00001101 '
b0 (
1)
#918796580000
0!
0%
#918838245000
1!
1%
b1 (
#918879910000
0!
0%
#918921575000
1!
1%
b10 (
#918963240000
0!
b00000101 #
0%
b00000101 '
0*
#919004905000
1!
1%
b11 (
#919046570000
0!
0%
#919088235000
1!
1%
b100 (
#919129900000
0!
0%
#919171565000
1!
b00000010 #
1%
b00000010 '
b0 (
0)
#919213230000
0!
0%
#919254895000
1!
1%
b1 (
#919296560000
0!
0%
#919338225000
1!
1%
b10 (
#919379890000
0!
b00001010 #
0%
b00001010 '
1*
#919421555000
1!
1%
b11 (
#919463220000
0!
0%
#919504885000
1!
1%
b100 (
#919546550000
0!
0%
#919588215000
1!
b00001101 #
1%
b00001101 '
b0 (
1)
#919629880000
0!
0%
#919671545000
1!
1%
b1 (
#919713210000
0!
0%
#919754875000
1!
1%
b10 (
#919796540000
0!
b00000101 #
0%
b00000101 '
0*
#919838205000
1!
1%
b11 (
#919879870000
0!
0%
#919921535000
1!
1%
b100 (
#919963200000
0!
0%
#920004865000
1!
b00000010 #
1%
b00000010 '
b0 (
0)
#920046530000
0!
0%
#920088195000
1!
1%
b1 (
#920129860000
0!
0%
#920171525000
1!
1%
b10 (
#920213190000
0!
b00001010 #
0%
b00001010 '
1*
#920254855000
1!
1%
b11 (
#920296520000
0!
0%
#920338185000
1!
1%
b100 (
#920379850000
0!
0%
#920421515000
1!
b00001101 #
1%
b00001101 '
b0 (
1)
#920463180000
0!
0%
#920504845000
1!
1%
b1 (
#920546510000
0!
0%
#920588175000
1!
1%
b10 (
#920629840000
0!
b00000101 #
0%
b00000101 '
0*
#920671505000
1!
1%
b11 (
#920713170000
0!
0%
#920754835000
1!
1%
b100 (
#920796500000
0!
0%
#920838165000
1!
b00000010 #
1%
b00000010 '
b0 (
0)
#920879830000
0!
0%
#920921495000
1!
1%
b1 (
#920963160000
0!
0%
#921004825000
1!
1%
b10 (
#921046490000
0!
b00001010 #
0%
b00001010 '
1*
#921088155000
1!
1%
b11 (
#921129820000
0!
0%
#921171485000
1!
1%
b100 (
#921213150000
0!
0%
#921254815000
1!
b00001101 #
1%
b00001101 '
b0 (
1)
#921296480000
0!
0%
#921338145000
1!
1%
b1 (
#921379810000
0!
0%
#921421475000
1!
1%
b10 (
#921463140000
0!
b00000101 #
0%
b00000101 '
0*
#921504805000
1!
1%
b11 (
#921546470000
0!
0%
#921588135000
1!
1%
b100 (
#921629800000
0!
0%
#921671465000
1!
b00000010 #
1%
b00000010 '
b0 (
0)
#921713130000
0!
0%
#921754795000
1!
1%
b1 (
#921796460000
0!
0%
#921838125000
1!
1%
b10 (
#921879790000
0!
b00001010 #
0%
b00001010 '
1*
#921921455000
1!
1%
b11 (
#921963120000
0!
0%
#922004785000
1!
1%
b100 (
#922046450000
0!
0%
#922088115000
1!
b00001101 #
1%
b00001101 '
b0 (
1)
#922129780000
0!
0%
#922171445000
1!
1%
b1 (
#922213110000
0!
0%
#922254775000
1!
1%
b10 (
#922296440000
0!
b00000101 #
0%
b00000101 '
0*
#922338105000
1!
1%
b11 (
#922379770000
0!
0%
#922421435000
1!
1%
b100 (
#922463100000
0!
0%
#922504765000
1!
b00000010 #
1%
b00000010 '
b0 (
0)
#922546430000
0!
0%
#922588095000
1!
1%
b1 (
#922629760000
0!
0%
#922671425000
1!
1%
b10 (
#922713090000
0!
b00001010 #
0%
b00001010 '
1*
#922754755000
1!
1%
b11 (
#922796420000
0!
0%
#922838085000
1!
1%
b100 (
#922879750000
0!
0%
#922921415000
1!
b00001101 #
1%
b00001101 '
b0 (
1)
#922963080000
0!
0%
#923004745000
1!
1%
b1 (
#923046410000
0!
0%
#923088075000
1!
1%
b10 (
#923129740000
0!
b00000101 #
0%
b00000101 '
0*
#923171405000
1!
1%
b11 (
#923213070000
0!
0%
#923254735000
1!
1%
b100 (
#923296400000
0!
0%
#923338065000
1!
b00000010 #
1%
b00000010 '
b0 (
0)
#923379730000
0!
0%
#923421395000
1!
1%
b1 (
#923463060000
0!
0%
#923504725000
1!
1%
b10 (
#923546390000
0!
b00001010 #
0%
b00001010 '
1*
#923588055000
1!
1%
b11 (
#923629720000
0!
0%
#923671385000
1!
1%
b100 (
#923713050000
0!
0%
#923754715000
1!
b00001101 #
1%
b00001101 '
b0 (
1)
#923796380000
0!
0%
#923838045000
1!
1%
b1 (
#923879710000
0!
0%
#923921375000
1!
1%
b10 (
#923963040000
0!
b00000101 #
0%
b00000101 '
0*
#924004705000
1!
1%
b11 (
#924046370000
0!
0%
#924088035000
1!
1%
b100 (
#924129700000
0!
0%
#924171365000
1!
b00000010 #
1%
b00000010 '
b0 (
0)
#924213030000
0!
0%
#924254695000
1!
1%
b1 (
#924296360000
0!
0%
#924338025000
1!
1%
b10 (
#924379690000
0!
b00001010 #
0%
b00001010 '
1*
#924421355000
1!
1%
b11 (
#924463020000
0!
0%
#924504685000
1!
1%
b100 (
#924546350000
0!
0%
#924588015000
1!
b00001101 #
1%
b00001101 '
b0 (
1)
#924629680000
0!
0%
#924671345000
1!
1%
b1 (
#924713010000
0!
0%
#924754675000
1!
1%
b10 (
#924796340000
0!
b00000101 #
0%
b00000101 '
0*
#924838005000
1!
1%
b11 (
#924879670000
0!
0%
#924921335000
1!
1%
b100 (
#924963000000
0!
0%
#925004665000
1!
b00000010 #
1%
b00000010 '
b0 (
0)
#925046330000
0!
0%
#925087995000
1!
1%
b1 (
#925129660000
0!
0%
#925171325000
1!
1%
b10 (
#925212990000
0!
b00001010 #
0%
b00001010 '
1*
#925254655000
1!
1%
b11 (
#925296320000
0!
0%
#925337985000
1!
1%
b100 (
#925379650000
0!
0%
#925421315000
1!
b00001101 #
1%
b00001101 '
b0 (
1)
#925462980000
0!
0%
#925504645000
1!
1%
b1 (
#925546310000
0!
0%
#925587975000
1!
1%
b10 (
#925629640000
0!
b00000101 #
0%
b00000101 '
0*
#925671305000
1!
1%
b11 (
#925712970000
0!
0%
#925754635000
1!
1%
b100 (
#925796300000
0!
0%
#925837965000
1!
b00000010 #
1%
b00000010 '
b0 (
0)
#925879630000
0!
0%
#925921295000
1!
1%
b1 (
#925962960000
0!
0%
#926004625000
1!
1%
b10 (
#926046290000
0!
b00001010 #
0%
b00001010 '
1*
#926087955000
1!
1%
b11 (
#926129620000
0!
0%
#926171285000
1!
1%
b100 (
#926212950000
0!
0%
#926254615000
1!
b00001101 #
1%
b00001101 '
b0 (
1)
#926296280000
0!
0%
#926337945000
1!
1%
b1 (
#926379610000
0!
0%
#926421275000
1!
1%
b10 (
#926462940000
0!
b00000101 #
0%
b00000101 '
0*
#926504605000
1!
1%
b11 (
#926546270000
0!
0%
#926587935000
1!
1%
b100 (
#926629600000
0!
0%
#926671265000
1!
b00000010 #
1%
b00000010 '
b0 (
0)
#926712930000
0!
0%
#926754595000
1!
1%
b1 (
#926796260000
0!
0%
#926837925000
1!
1%
b10 (
#926879590000
0!
b00001010 #
0%
b00001010 '
1*
#926921255000
1!
1%
b11 (
#926962920000
0!
0%
#927004585000
1!
1%
b100 (
#927046250000
0!
0%
#927087915000
1!
b00001101 #
1%
b00001101 '
b0 (
1)
#927129580000
0!
0%
#927171245000
1!
1%
b1 (
#927212910000
0!
0%
#927254575000
1!
1%
b10 (
#927296240000
0!
b00000101 #
0%
b00000101 '
0*
#927337905000
1!
1%
b11 (
#927379570000
0!
0%
#927421235000
1!
1%
b100 (
#927462900000
0!
0%
#927504565000
1!
b00000010 #
1%
b00000010 '
b0 (
0)
#927546230000
0!
0%
#927587895000
1!
1%
b1 (
#927629560000
0!
0%
#927671225000
1!
1%
b10 (
#927712890000
0!
b00001010 #
0%
b00001010 '
1*
#927754555000
1!
1%
b11 (
#927796220000
0!
0%
#927837885000
1!
1%
b100 (
#927879550000
0!
0%
#927921215000
1!
b00001101 #
1%
b00001101 '
b0 (
1)
#927962880000
0!
0%
#928004545000
1!
1%
b1 (
#928046210000
0!
0%
#928087875000
1!
1%
b10 (
#928129540000
0!
b00000101 #
0%
b00000101 '
0*
#928171205000
1!
1%
b11 (
#928212870000
0!
0%
#928254535000
1!
1%
b100 (
#928296200000
0!
0%
#928337865000
1!
b00000010 #
1%
b00000010 '
b0 (
0)
#928379530000
0!
0%
#928421195000
1!
1%
b1 (
#928462860000
0!
0%
#928504525000
1!
1%
b10 (
#928546190000
0!
b00001010 #
0%
b00001010 '
1*
#928587855000
1!
1%
b11 (
#928629520000
0!
0%
#928671185000
1!
1%
b100 (
#928712850000
0!
0%
#928754515000
1!
b00001101 #
1%
b00001101 '
b0 (
1)
#928796180000
0!
0%
#928837845000
1!
1%
b1 (
#928879510000
0!
0%
#928921175000
1!
1%
b10 (
#928962840000
0!
b00000101 #
0%
b00000101 '
0*
#929004505000
1!
1%
b11 (
#929046170000
0!
0%
#929087835000
1!
1%
b100 (
#929129500000
0!
0%
#929171165000
1!
b00000010 #
1%
b00000010 '
b0 (
0)
#929212830000
0!
0%
#929254495000
1!
1%
b1 (
#929296160000
0!
0%
#929337825000
1!
1%
b10 (
#929379490000
0!
b00001010 #
0%
b00001010 '
1*
#929421155000
1!
1%
b11 (
#929462820000
0!
0%
#929504485000
1!
1%
b100 (
#929546150000
0!
0%
#929587815000
1!
b00001101 #
1%
b00001101 '
b0 (
1)
#929629480000
0!
0%
#929671145000
1!
1%
b1 (
#929712810000
0!
0%
#929754475000
1!
1%
b10 (
#929796140000
0!
b00000101 #
0%
b00000101 '
0*
#929837805000
1!
1%
b11 (
#929879470000
0!
0%
#929921135000
1!
1%
b100 (
#929962800000
0!
0%
#930004465000
1!
b00000010 #
1%
b00000010 '
b0 (
0)
#930046130000
0!
0%
#930087795000
1!
1%
b1 (
#930129460000
0!
0%
#930171125000
1!
1%
b10 (
#930212790000
0!
b00001010 #
0%
b00001010 '
1*
#930254455000
1!
1%
b11 (
#930296120000
0!
0%
#930337785000
1!
1%
b100 (
#930379450000
0!
0%
#930421115000
1!
b00001101 #
1%
b00001101 '
b0 (
1)
#930462780000
0!
0%
#930504445000
1!
1%
b1 (
#930546110000
0!
0%
#930587775000
1!
1%
b10 (
#930629440000
0!
b00000101 #
0%
b00000101 '
0*
#930671105000
1!
1%
b11 (
#930712770000
0!
0%
#930754435000
1!
1%
b100 (
#930796100000
0!
0%
#930837765000
1!
b00000010 #
1%
b00000010 '
b0 (
0)
#930879430000
0!
0%
#930921095000
1!
1%
b1 (
#930962760000
0!
0%
#931004425000
1!
1%
b10 (
#931046090000
0!
b00001010 #
0%
b00001010 '
1*
#931087755000
1!
1%
b11 (
#931129420000
0!
0%
#931171085000
1!
1%
b100 (
#931212750000
0!
0%
#931254415000
1!
b00001101 #
1%
b00001101 '
b0 (
1)
#931296080000
0!
0%
#931337745000
1!
1%
b1 (
#931379410000
0!
0%
#931421075000
1!
1%
b10 (
#931462740000
0!
b00000101 #
0%
b00000101 '
0*
#931504405000
1!
1%
b11 (
#931546070000
0!
0%
#931587735000
1!
1%
b100 (
#931629400000
0!
0%
#931671065000
1!
b00000010 #
1%
b00000010 '
b0 (
0)
#931712730000
0!
0%
#931754395000
1!
1%
b1 (
#931796060000
0!
0%
#931837725000
1!
1%
b10 (
#931879390000
0!
b00001010 #
0%
b00001010 '
1*
#931921055000
1!
1%
b11 (
#931962720000
0!
0%
#932004385000
1!
1%
b100 (
#932046050000
0!
0%
#932087715000
1!
b00001101 #
1%
b00001101 '
b0 (
1)
#932129380000
0!
0%
#932171045000
1!
1%
b1 (
#932212710000
0!
0%
#932254375000
1!
1%
b10 (
#932296040000
0!
b00000101 #
0%
b00000101 '
0*
#932337705000
1!
1%
b11 (
#932379370000
0!
0%
#932421035000
1!
1%
b100 (
#932462700000
0!
0%
#932504365000
1!
b00000010 #
1%
b00000010 '
b0 (
0)
#932546030000
0!
0%
#932587695000
1!
1%
b1 (
#932629360000
0!
0%
#932671025000
1!
1%
b10 (
#932712690000
0!
b00001010 #
0%
b00001010 '
1*
#932754355000
1!
1%
b11 (
#932796020000
0!
0%
#932837685000
1!
1%
b100 (
#932879350000
0!
0%
#932921015000
1!
b00001101 #
1%
b00001101 '
b0 (
1)
#932962680000
0!
0%
#933004345000
1!
1%
b1 (
#933046010000
0!
0%
#933087675000
1!
1%
b10 (
#933129340000
0!
b00000101 #
0%
b00000101 '
0*
#933171005000
1!
1%
b11 (
#933212670000
0!
0%
#933254335000
1!
1%
b100 (
#933296000000
0!
0%
#933337665000
1!
b00000010 #
1%
b00000010 '
b0 (
0)
#933379330000
0!
0%
#933420995000
1!
1%
b1 (
#933462660000
0!
0%
#933504325000
1!
1%
b10 (
#933545990000
0!
b00001010 #
0%
b00001010 '
1*
#933587655000
1!
1%
b11 (
#933629320000
0!
0%
#933670985000
1!
1%
b100 (
#933712650000
0!
0%
#933754315000
1!
b00001101 #
1%
b00001101 '
b0 (
1)
#933795980000
0!
0%
#933837645000
1!
1%
b1 (
#933879310000
0!
0%
#933920975000
1!
1%
b10 (
#933962640000
0!
b00000101 #
0%
b00000101 '
0*
#934004305000
1!
1%
b11 (
#934045970000
0!
0%
#934087635000
1!
1%
b100 (
#934129300000
0!
0%
#934170965000
1!
b00000010 #
1%
b00000010 '
b0 (
0)
#934212630000
0!
0%
#934254295000
1!
1%
b1 (
#934295960000
0!
0%
#934337625000
1!
1%
b10 (
#934379290000
0!
b00001010 #
0%
b00001010 '
1*
#934420955000
1!
1%
b11 (
#934462620000
0!
0%
#934504285000
1!
1%
b100 (
#934545950000
0!
0%
#934587615000
1!
b00001101 #
1%
b00001101 '
b0 (
1)
#934629280000
0!
0%
#934670945000
1!
1%
b1 (
#934712610000
0!
0%
#934754275000
1!
1%
b10 (
#934795940000
0!
b00000101 #
0%
b00000101 '
0*
#934837605000
1!
1%
b11 (
#934879270000
0!
0%
#934920935000
1!
1%
b100 (
#934962600000
0!
0%
#935004265000
1!
b00000010 #
1%
b00000010 '
b0 (
0)
#935045930000
0!
0%
#935087595000
1!
1%
b1 (
#935129260000
0!
0%
#935170925000
1!
1%
b10 (
#935212590000
0!
b00001010 #
0%
b00001010 '
1*
#935254255000
1!
1%
b11 (
#935295920000
0!
0%
#935337585000
1!
1%
b100 (
#935379250000
0!
0%
#935420915000
1!
b00001101 #
1%
b00001101 '
b0 (
1)
#935462580000
0!
0%
#935504245000
1!
1%
b1 (
#935545910000
0!
0%
#935587575000
1!
1%
b10 (
#935629240000
0!
b00000101 #
0%
b00000101 '
0*
#935670905000
1!
1%
b11 (
#935712570000
0!
0%
#935754235000
1!
1%
b100 (
#935795900000
0!
0%
#935837565000
1!
b00000010 #
1%
b00000010 '
b0 (
0)
#935879230000
0!
0%
#935920895000
1!
1%
b1 (
#935962560000
0!
0%
#936004225000
1!
1%
b10 (
#936045890000
0!
b00001010 #
0%
b00001010 '
1*
#936087555000
1!
1%
b11 (
#936129220000
0!
0%
#936170885000
1!
1%
b100 (
#936212550000
0!
0%
#936254215000
1!
b00001101 #
1%
b00001101 '
b0 (
1)
#936295880000
0!
0%
#936337545000
1!
1%
b1 (
#936379210000
0!
0%
#936420875000
1!
1%
b10 (
#936462540000
0!
b00000101 #
0%
b00000101 '
0*
#936504205000
1!
1%
b11 (
#936545870000
0!
0%
#936587535000
1!
1%
b100 (
#936629200000
0!
0%
#936670865000
1!
b00000010 #
1%
b00000010 '
b0 (
0)
#936712530000
0!
0%
#936754195000
1!
1%
b1 (
#936795860000
0!
0%
#936837525000
1!
1%
b10 (
#936879190000
0!
b00001010 #
0%
b00001010 '
1*
#936920855000
1!
1%
b11 (
#936962520000
0!
0%
#937004185000
1!
1%
b100 (
#937045850000
0!
0%
#937087515000
1!
b00001101 #
1%
b00001101 '
b0 (
1)
#937129180000
0!
0%
#937170845000
1!
1%
b1 (
#937212510000
0!
0%
#937254175000
1!
1%
b10 (
#937295840000
0!
b00000101 #
0%
b00000101 '
0*
#937337505000
1!
1%
b11 (
#937379170000
0!
0%
#937420835000
1!
1%
b100 (
#937462500000
0!
0%
#937504165000
1!
b00000010 #
1%
b00000010 '
b0 (
0)
#937545830000
0!
0%
#937587495000
1!
1%
b1 (
#937629160000
0!
0%
#937670825000
1!
1%
b10 (
#937712490000
0!
b00001010 #
0%
b00001010 '
1*
#937754155000
1!
1%
b11 (
#937795820000
0!
0%
#937837485000
1!
1%
b100 (
#937879150000
0!
0%
#937920815000
1!
b00001101 #
1%
b00001101 '
b0 (
1)
#937962480000
0!
0%
#938004145000
1!
1%
b1 (
#938045810000
0!
0%
#938087475000
1!
1%
b10 (
#938129140000
0!
b00000101 #
0%
b00000101 '
0*
#938170805000
1!
1%
b11 (
#938212470000
0!
0%
#938254135000
1!
1%
b100 (
#938295800000
0!
0%
#938337465000
1!
b00000010 #
1%
b00000010 '
b0 (
0)
#938379130000
0!
0%
#938420795000
1!
1%
b1 (
#938462460000
0!
0%
#938504125000
1!
1%
b10 (
#938545790000
0!
b00001010 #
0%
b00001010 '
1*
#938587455000
1!
1%
b11 (
#938629120000
0!
0%
#938670785000
1!
1%
b100 (
#938712450000
0!
0%
#938754115000
1!
b00001101 #
1%
b00001101 '
b0 (
1)
#938795780000
0!
0%
#938837445000
1!
1%
b1 (
#938879110000
0!
0%
#938920775000
1!
1%
b10 (
#938962440000
0!
b00000101 #
0%
b00000101 '
0*
#939004105000
1!
1%
b11 (
#939045770000
0!
0%
#939087435000
1!
1%
b100 (
#939129100000
0!
0%
#939170765000
1!
b00000010 #
1%
b00000010 '
b0 (
0)
#939212430000
0!
0%
#939254095000
1!
1%
b1 (
#939295760000
0!
0%
#939337425000
1!
1%
b10 (
#939379090000
0!
b00001010 #
0%
b00001010 '
1*
#939420755000
1!
1%
b11 (
#939462420000
0!
0%
#939504085000
1!
1%
b100 (
#939545750000
0!
0%
#939587415000
1!
b00001101 #
1%
b00001101 '
b0 (
1)
#939629080000
0!
0%
#939670745000
1!
1%
b1 (
#939712410000
0!
0%
#939754075000
1!
1%
b10 (
#939795740000
0!
b00000101 #
0%
b00000101 '
0*
#939837405000
1!
1%
b11 (
#939879070000
0!
0%
#939920735000
1!
1%
b100 (
#939962400000
0!
0%
#940004065000
1!
b00000010 #
1%
b00000010 '
b0 (
0)
#940045730000
0!
0%
#940087395000
1!
1%
b1 (
#940129060000
0!
0%
#940170725000
1!
1%
b10 (
#940212390000
0!
b00001010 #
0%
b00001010 '
1*
#940254055000
1!
1%
b11 (
#940295720000
0!
0%
#940337385000
1!
1%
b100 (
#940379050000
0!
0%
#940420715000
1!
b00001101 #
1%
b00001101 '
b0 (
1)
#940462380000
0!
0%
#940504045000
1!
1%
b1 (
#940545710000
0!
0%
#940587375000
1!
1%
b10 (
#940629040000
0!
b00000101 #
0%
b00000101 '
0*
#940670705000
1!
1%
b11 (
#940712370000
0!
0%
#940754035000
1!
1%
b100 (
#940795700000
0!
0%
#940837365000
1!
b00000010 #
1%
b00000010 '
b0 (
0)
#940879030000
0!
0%
#940920695000
1!
1%
b1 (
#940962360000
0!
0%
#941004025000
1!
1%
b10 (
#941045690000
0!
b00001010 #
0%
b00001010 '
1*
#941087355000
1!
1%
b11 (
#941129020000
0!
0%
#941170685000
1!
1%
b100 (
#941212350000
0!
0%
#941254015000
1!
b00001101 #
1%
b00001101 '
b0 (
1)
#941295680000
0!
0%
#941337345000
1!
1%
b1 (
#941379010000
0!
0%
#941420675000
1!
1%
b10 (
#941462340000
0!
b00000101 #
0%
b00000101 '
0*
#941504005000
1!
1%
b11 (
#941545670000
0!
0%
#941587335000
1!
1%
b100 (
#941629000000
0!
0%
#941670665000
1!
b00000010 #
1%
b00000010 '
b0 (
0)
#941712330000
0!
0%
#941753995000
1!
1%
b1 (
#941795660000
0!
0%
#941837325000
1!
1%
b10 (
#941878990000
0!
b00001010 #
0%
b00001010 '
1*
#941920655000
1!
1%
b11 (
#941962320000
0!
0%
#942003985000
1!
1%
b100 (
#942045650000
0!
0%
#942087315000
1!
b00001101 #
1%
b00001101 '
b0 (
1)
#942128980000
0!
0%
#942170645000
1!
1%
b1 (
#942212310000
0!
0%
#942253975000
1!
1%
b10 (
#942295640000
0!
b00000101 #
0%
b00000101 '
0*
#942337305000
1!
1%
b11 (
#942378970000
0!
0%
#942420635000
1!
1%
b100 (
#942462300000
0!
0%
#942503965000
1!
b00000010 #
1%
b00000010 '
b0 (
0)
#942545630000
0!
0%
#942587295000
1!
1%
b1 (
#942628960000
0!
0%
#942670625000
1!
1%
b10 (
#942712290000
0!
b00001010 #
0%
b00001010 '
1*
#942753955000
1!
1%
b11 (
#942795620000
0!
0%
#942837285000
1!
1%
b100 (
#942878950000
0!
0%
#942920615000
1!
b00001101 #
1%
b00001101 '
b0 (
1)
#942962280000
0!
0%
#943003945000
1!
1%
b1 (
#943045610000
0!
0%
#943087275000
1!
1%
b10 (
#943128940000
0!
b00000101 #
0%
b00000101 '
0*
#943170605000
1!
1%
b11 (
#943212270000
0!
0%
#943253935000
1!
1%
b100 (
#943295600000
0!
0%
#943337265000
1!
b00000010 #
1%
b00000010 '
b0 (
0)
#943378930000
0!
0%
#943420595000
1!
1%
b1 (
#943462260000
0!
0%
#943503925000
1!
1%
b10 (
#943545590000
0!
b00001010 #
0%
b00001010 '
1*
#943587255000
1!
1%
b11 (
#943628920000
0!
0%
#943670585000
1!
1%
b100 (
#943712250000
0!
0%
#943753915000
1!
b00001101 #
1%
b00001101 '
b0 (
1)
#943795580000
0!
0%
#943837245000
1!
1%
b1 (
#943878910000
0!
0%
#943920575000
1!
1%
b10 (
#943962240000
0!
b00000101 #
0%
b00000101 '
0*
#944003905000
1!
1%
b11 (
#944045570000
0!
0%
#944087235000
1!
1%
b100 (
#944128900000
0!
0%
#944170565000
1!
b00000010 #
1%
b00000010 '
b0 (
0)
#944212230000
0!
0%
#944253895000
1!
1%
b1 (
#944295560000
0!
0%
#944337225000
1!
1%
b10 (
#944378890000
0!
b00001010 #
0%
b00001010 '
1*
#944420555000
1!
1%
b11 (
#944462220000
0!
0%
#944503885000
1!
1%
b100 (
#944545550000
0!
0%
#944587215000
1!
b00001101 #
1%
b00001101 '
b0 (
1)
#944628880000
0!
0%
#944670545000
1!
1%
b1 (
#944712210000
0!
0%
#944753875000
1!
1%
b10 (
#944795540000
0!
b00000101 #
0%
b00000101 '
0*
#944837205000
1!
1%
b11 (
#944878870000
0!
0%
#944920535000
1!
1%
b100 (
#944962200000
0!
0%
#945003865000
1!
b00000010 #
1%
b00000010 '
b0 (
0)
#945045530000
0!
0%
#945087195000
1!
1%
b1 (
#945128860000
0!
0%
#945170525000
1!
1%
b10 (
#945212190000
0!
b00001010 #
0%
b00001010 '
1*
#945253855000
1!
1%
b11 (
#945295520000
0!
0%
#945337185000
1!
1%
b100 (
#945378850000
0!
0%
#945420515000
1!
b00001101 #
1%
b00001101 '
b0 (
1)
#945462180000
0!
0%
#945503845000
1!
1%
b1 (
#945545510000
0!
0%
#945587175000
1!
1%
b10 (
#945628840000
0!
b00000101 #
0%
b00000101 '
0*
#945670505000
1!
1%
b11 (
#945712170000
0!
0%
#945753835000
1!
1%
b100 (
#945795500000
0!
0%
#945837165000
1!
b00000010 #
1%
b00000010 '
b0 (
0)
#945878830000
0!
0%
#945920495000
1!
1%
b1 (
#945962160000
0!
0%
#946003825000
1!
1%
b10 (
#946045490000
0!
b00001010 #
0%
b00001010 '
1*
#946087155000
1!
1%
b11 (
#946128820000
0!
0%
#946170485000
1!
1%
b100 (
#946212150000
0!
0%
#946253815000
1!
b00001101 #
1%
b00001101 '
b0 (
1)
#946295480000
0!
0%
#946337145000
1!
1%
b1 (
#946378810000
0!
0%
#946420475000
1!
1%
b10 (
#946462140000
0!
b00000101 #
0%
b00000101 '
0*
#946503805000
1!
1%
b11 (
#946545470000
0!
0%
#946587135000
1!
1%
b100 (
#946628800000
0!
0%
#946670465000
1!
b00000010 #
1%
b00000010 '
b0 (
0)
#946712130000
0!
0%
#946753795000
1!
1%
b1 (
#946795460000
0!
0%
#946837125000
1!
1%
b10 (
#946878790000
0!
b00001010 #
0%
b00001010 '
1*
#946920455000
1!
1%
b11 (
#946962120000
0!
0%
#947003785000
1!
1%
b100 (
#947045450000
0!
0%
#947087115000
1!
b00001101 #
1%
b00001101 '
b0 (
1)
#947128780000
0!
0%
#947170445000
1!
1%
b1 (
#947212110000
0!
0%
#947253775000
1!
1%
b10 (
#947295440000
0!
b00000101 #
0%
b00000101 '
0*
#947337105000
1!
1%
b11 (
#947378770000
0!
0%
#947420435000
1!
1%
b100 (
#947462100000
0!
0%
#947503765000
1!
b00000010 #
1%
b00000010 '
b0 (
0)
#947545430000
0!
0%
#947587095000
1!
1%
b1 (
#947628760000
0!
0%
#947670425000
1!
1%
b10 (
#947712090000
0!
b00001010 #
0%
b00001010 '
1*
#947753755000
1!
1%
b11 (
#947795420000
0!
0%
#947837085000
1!
1%
b100 (
#947878750000
0!
0%
#947920415000
1!
b00001101 #
1%
b00001101 '
b0 (
1)
#947962080000
0!
0%
#948003745000
1!
1%
b1 (
#948045410000
0!
0%
#948087075000
1!
1%
b10 (
#948128740000
0!
b00000101 #
0%
b00000101 '
0*
#948170405000
1!
1%
b11 (
#948212070000
0!
0%
#948253735000
1!
1%
b100 (
#948295400000
0!
0%
#948337065000
1!
b00000010 #
1%
b00000010 '
b0 (
0)
#948378730000
0!
0%
#948420395000
1!
1%
b1 (
#948462060000
0!
0%
#948503725000
1!
1%
b10 (
#948545390000
0!
b00001010 #
0%
b00001010 '
1*
#948587055000
1!
1%
b11 (
#948628720000
0!
0%
#948670385000
1!
1%
b100 (
#948712050000
0!
0%
#948753715000
1!
b00001101 #
1%
b00001101 '
b0 (
1)
#948795380000
0!
0%
#948837045000
1!
1%
b1 (
#948878710000
0!
0%
#948920375000
1!
1%
b10 (
#948962040000
0!
b00000101 #
0%
b00000101 '
0*
#949003705000
1!
1%
b11 (
#949045370000
0!
0%
#949087035000
1!
1%
b100 (
#949128700000
0!
0%
#949170365000
1!
b00000010 #
1%
b00000010 '
b0 (
0)
#949212030000
0!
0%
#949253695000
1!
1%
b1 (
#949295360000
0!
0%
#949337025000
1!
1%
b10 (
#949378690000
0!
b00001010 #
0%
b00001010 '
1*
#949420355000
1!
1%
b11 (
#949462020000
0!
0%
#949503685000
1!
1%
b100 (
#949545350000
0!
0%
#949587015000
1!
b00001101 #
1%
b00001101 '
b0 (
1)
#949628680000
0!
0%
#949670345000
1!
1%
b1 (
#949712010000
0!
0%
#949753675000
1!
1%
b10 (
#949795340000
0!
b00000101 #
0%
b00000101 '
0*
#949837005000
1!
1%
b11 (
#949878670000
0!
0%
#949920335000
1!
1%
b100 (
#949962000000
0!
0%
#950003665000
1!
b00000010 #
1%
b00000010 '
b0 (
0)
#950045330000
0!
0%
#950086995000
1!
1%
b1 (
#950128660000
0!
0%
#950170325000
1!
1%
b10 (
#950211990000
0!
b00001010 #
0%
b00001010 '
1*
#950253655000
1!
1%
b11 (
#950295320000
0!
0%
#950336985000
1!
1%
b100 (
#950378650000
0!
0%
#950420315000
1!
b00001101 #
1%
b00001101 '
b0 (
1)
#950461980000
0!
0%
#950503645000
1!
1%
b1 (
#950545310000
0!
0%
#950586975000
1!
1%
b10 (
#950628640000
0!
b00000101 #
0%
b00000101 '
0*
#950670305000
1!
1%
b11 (
#950711970000
0!
0%
#950753635000
1!
1%
b100 (
#950795300000
0!
0%
#950836965000
1!
b00000010 #
1%
b00000010 '
b0 (
0)
#950878630000
0!
0%
#950920295000
1!
1%
b1 (
#950961960000
0!
0%
#951003625000
1!
1%
b10 (
#951045290000
0!
b00001010 #
0%
b00001010 '
1*
#951086955000
1!
1%
b11 (
#951128620000
0!
0%
#951170285000
1!
1%
b100 (
#951211950000
0!
0%
#951253615000
1!
b00001101 #
1%
b00001101 '
b0 (
1)
#951295280000
0!
0%
#951336945000
1!
1%
b1 (
#951378610000
0!
0%
#951420275000
1!
1%
b10 (
#951461940000
0!
b00000101 #
0%
b00000101 '
0*
#951503605000
1!
1%
b11 (
#951545270000
0!
0%
#951586935000
1!
1%
b100 (
#951628600000
0!
0%
#951670265000
1!
b00000010 #
1%
b00000010 '
b0 (
0)
#951711930000
0!
0%
#951753595000
1!
1%
b1 (
#951795260000
0!
0%
#951836925000
1!
1%
b10 (
#951878590000
0!
b00001010 #
0%
b00001010 '
1*
#951920255000
1!
1%
b11 (
#951961920000
0!
0%
#952003585000
1!
1%
b100 (
#952045250000
0!
0%
#952086915000
1!
b00001101 #
1%
b00001101 '
b0 (
1)
#952128580000
0!
0%
#952170245000
1!
1%
b1 (
#952211910000
0!
0%
#952253575000
1!
1%
b10 (
#952295240000
0!
b00000101 #
0%
b00000101 '
0*
#952336905000
1!
1%
b11 (
#952378570000
0!
0%
#952420235000
1!
1%
b100 (
#952461900000
0!
0%
#952503565000
1!
b00000010 #
1%
b00000010 '
b0 (
0)
#952545230000
0!
0%
#952586895000
1!
1%
b1 (
#952628560000
0!
0%
#952670225000
1!
1%
b10 (
#952711890000
0!
b00001010 #
0%
b00001010 '
1*
#952753555000
1!
1%
b11 (
#952795220000
0!
0%
#952836885000
1!
1%
b100 (
#952878550000
0!
0%
#952920215000
1!
b00001101 #
1%
b00001101 '
b0 (
1)
#952961880000
0!
0%
#953003545000
1!
1%
b1 (
#953045210000
0!
0%
#953086875000
1!
1%
b10 (
#953128540000
0!
b00000101 #
0%
b00000101 '
0*
#953170205000
1!
1%
b11 (
#953211870000
0!
0%
#953253535000
1!
1%
b100 (
#953295200000
0!
0%
#953336865000
1!
b00000010 #
1%
b00000010 '
b0 (
0)
#953378530000
0!
0%
#953420195000
1!
1%
b1 (
#953461860000
0!
0%
#953503525000
1!
1%
b10 (
#953545190000
0!
b00001010 #
0%
b00001010 '
1*
#953586855000
1!
1%
b11 (
#953628520000
0!
0%
#953670185000
1!
1%
b100 (
#953711850000
0!
0%
#953753515000
1!
b00001101 #
1%
b00001101 '
b0 (
1)
#953795180000
0!
0%
#953836845000
1!
1%
b1 (
#953878510000
0!
0%
#953920175000
1!
1%
b10 (
#953961840000
0!
b00000101 #
0%
b00000101 '
0*
#954003505000
1!
1%
b11 (
#954045170000
0!
0%
#954086835000
1!
1%
b100 (
#954128500000
0!
0%
#954170165000
1!
b00000010 #
1%
b00000010 '
b0 (
0)
#954211830000
0!
0%
#954253495000
1!
1%
b1 (
#954295160000
0!
0%
#954336825000
1!
1%
b10 (
#954378490000
0!
b00001010 #
0%
b00001010 '
1*
#954420155000
1!
1%
b11 (
#954461820000
0!
0%
#954503485000
1!
1%
b100 (
#954545150000
0!
0%
#954586815000
1!
b00001101 #
1%
b00001101 '
b0 (
1)
#954628480000
0!
0%
#954670145000
1!
1%
b1 (
#954711810000
0!
0%
#954753475000
1!
1%
b10 (
#954795140000
0!
b00000101 #
0%
b00000101 '
0*
#954836805000
1!
1%
b11 (
#954878470000
0!
0%
#954920135000
1!
1%
b100 (
#954961800000
0!
0%
#955003465000
1!
b00000010 #
1%
b00000010 '
b0 (
0)
#955045130000
0!
0%
#955086795000
1!
1%
b1 (
#955128460000
0!
0%
#955170125000
1!
1%
b10 (
#955211790000
0!
b00001010 #
0%
b00001010 '
1*
#955253455000
1!
1%
b11 (
#955295120000
0!
0%
#955336785000
1!
1%
b100 (
#955378450000
0!
0%
#955420115000
1!
b00001101 #
1%
b00001101 '
b0 (
1)
#955461780000
0!
0%
#955503445000
1!
1%
b1 (
#955545110000
0!
0%
#955586775000
1!
1%
b10 (
#955628440000
0!
b00000101 #
0%
b00000101 '
0*
#955670105000
1!
1%
b11 (
#955711770000
0!
0%
#955753435000
1!
1%
b100 (
#955795100000
0!
0%
#955836765000
1!
b00000010 #
1%
b00000010 '
b0 (
0)
#955878430000
0!
0%
#955920095000
1!
1%
b1 (
#955961760000
0!
0%
#956003425000
1!
1%
b10 (
#956045090000
0!
b00001010 #
0%
b00001010 '
1*
#956086755000
1!
1%
b11 (
#956128420000
0!
0%
#956170085000
1!
1%
b100 (
#956211750000
0!
0%
#956253415000
1!
b00001101 #
1%
b00001101 '
b0 (
1)
#956295080000
0!
0%
#956336745000
1!
1%
b1 (
#956378410000
0!
0%
#956420075000
1!
1%
b10 (
#956461740000
0!
b00000101 #
0%
b00000101 '
0*
#956503405000
1!
1%
b11 (
#956545070000
0!
0%
#956586735000
1!
1%
b100 (
#956628400000
0!
0%
#956670065000
1!
b00000010 #
1%
b00000010 '
b0 (
0)
#956711730000
0!
0%
#956753395000
1!
1%
b1 (
#956795060000
0!
0%
#956836725000
1!
1%
b10 (
#956878390000
0!
b00001010 #
0%
b00001010 '
1*
#956920055000
1!
1%
b11 (
#956961720000
0!
0%
#957003385000
1!
1%
b100 (
#957045050000
0!
0%
#957086715000
1!
b00001101 #
1%
b00001101 '
b0 (
1)
#957128380000
0!
0%
#957170045000
1!
1%
b1 (
#957211710000
0!
0%
#957253375000
1!
1%
b10 (
#957295040000
0!
b00000101 #
0%
b00000101 '
0*
#957336705000
1!
1%
b11 (
#957378370000
0!
0%
#957420035000
1!
1%
b100 (
#957461700000
0!
0%
#957503365000
1!
b00000010 #
1%
b00000010 '
b0 (
0)
#957545030000
0!
0%
#957586695000
1!
1%
b1 (
#957628360000
0!
0%
#957670025000
1!
1%
b10 (
#957711690000
0!
b00001010 #
0%
b00001010 '
1*
#957753355000
1!
1%
b11 (
#957795020000
0!
0%
#957836685000
1!
1%
b100 (
#957878350000
0!
0%
#957920015000
1!
b00001101 #
1%
b00001101 '
b0 (
1)
#957961680000
0!
0%
#958003345000
1!
1%
b1 (
#958045010000
0!
0%
#958086675000
1!
1%
b10 (
#958128340000
0!
b00000101 #
0%
b00000101 '
0*
#958170005000
1!
1%
b11 (
#958211670000
0!
0%
#958253335000
1!
1%
b100 (
#958295000000
0!
0%
#958336665000
1!
b00000010 #
1%
b00000010 '
b0 (
0)
#958378330000
0!
0%
#958419995000
1!
1%
b1 (
#958461660000
0!
0%
#958503325000
1!
1%
b10 (
#958544990000
0!
b00001010 #
0%
b00001010 '
1*
#958586655000
1!
1%
b11 (
#958628320000
0!
0%
#958669985000
1!
1%
b100 (
#958711650000
0!
0%
#958753315000
1!
b00001101 #
1%
b00001101 '
b0 (
1)
#958794980000
0!
0%
#958836645000
1!
1%
b1 (
#958878310000
0!
0%
#958919975000
1!
1%
b10 (
#958961640000
0!
b00000101 #
0%
b00000101 '
0*
#959003305000
1!
1%
b11 (
#959044970000
0!
0%
#959086635000
1!
1%
b100 (
#959128300000
0!
0%
#959169965000
1!
b00000010 #
1%
b00000010 '
b0 (
0)
#959211630000
0!
0%
#959253295000
1!
1%
b1 (
#959294960000
0!
0%
#959336625000
1!
1%
b10 (
#959378290000
0!
b00001010 #
0%
b00001010 '
1*
#959419955000
1!
1%
b11 (
#959461620000
0!
0%
#959503285000
1!
1%
b100 (
#959544950000
0!
0%
#959586615000
1!
b00001101 #
1%
b00001101 '
b0 (
1)
#959628280000
0!
0%
#959669945000
1!
1%
b1 (
#959711610000
0!
0%
#959753275000
1!
1%
b10 (
#959794940000
0!
b00000101 #
0%
b00000101 '
0*
#959836605000
1!
1%
b11 (
#959878270000
0!
0%
#959919935000
1!
1%
b100 (
#959961600000
0!
0%
#960003265000
1!
b00000010 #
1%
b00000010 '
b0 (
0)
#960044930000
0!
0%
#960086595000
1!
1%
b1 (
#960128260000
0!
0%
#960169925000
1!
1%
b10 (
#960211590000
0!
b00001010 #
0%
b00001010 '
1*
#960253255000
1!
1%
b11 (
#960294920000
0!
0%
#960336585000
1!
1%
b100 (
#960378250000
0!
0%
#960419915000
1!
b00001101 #
1%
b00001101 '
b0 (
1)
#960461580000
0!
0%
#960503245000
1!
1%
b1 (
#960544910000
0!
0%
#960586575000
1!
1%
b10 (
#960628240000
0!
b00000101 #
0%
b00000101 '
0*
#960669905000
1!
1%
b11 (
#960711570000
0!
0%
#960753235000
1!
1%
b100 (
#960794900000
0!
0%
#960836565000
1!
b00000010 #
1%
b00000010 '
b0 (
0)
#960878230000
0!
0%
#960919895000
1!
1%
b1 (
#960961560000
0!
0%
#961003225000
1!
1%
b10 (
#961044890000
0!
b00001010 #
0%
b00001010 '
1*
#961086555000
1!
1%
b11 (
#961128220000
0!
0%
#961169885000
1!
1%
b100 (
#961211550000
0!
0%
#961253215000
1!
b00001101 #
1%
b00001101 '
b0 (
1)
#961294880000
0!
0%
#961336545000
1!
1%
b1 (
#961378210000
0!
0%
#961419875000
1!
1%
b10 (
#961461540000
0!
b00000101 #
0%
b00000101 '
0*
#961503205000
1!
1%
b11 (
#961544870000
0!
0%
#961586535000
1!
1%
b100 (
#961628200000
0!
0%
#961669865000
1!
b00000010 #
1%
b00000010 '
b0 (
0)
#961711530000
0!
0%
#961753195000
1!
1%
b1 (
#961794860000
0!
0%
#961836525000
1!
1%
b10 (
#961878190000
0!
b00001010 #
0%
b00001010 '
1*
#961919855000
1!
1%
b11 (
#961961520000
0!
0%
#962003185000
1!
1%
b100 (
#962044850000
0!
0%
#962086515000
1!
b00001101 #
1%
b00001101 '
b0 (
1)
#962128180000
0!
0%
#962169845000
1!
1%
b1 (
#962211510000
0!
0%
#962253175000
1!
1%
b10 (
#962294840000
0!
b00000101 #
0%
b00000101 '
0*
#962336505000
1!
1%
b11 (
#962378170000
0!
0%
#962419835000
1!
1%
b100 (
#962461500000
0!
0%
#962503165000
1!
b00000010 #
1%
b00000010 '
b0 (
0)
#962544830000
0!
0%
#962586495000
1!
1%
b1 (
#962628160000
0!
0%
#962669825000
1!
1%
b10 (
#962711490000
0!
b00001010 #
0%
b00001010 '
1*
#962753155000
1!
1%
b11 (
#962794820000
0!
0%
#962836485000
1!
1%
b100 (
#962878150000
0!
0%
#962919815000
1!
b00001101 #
1%
b00001101 '
b0 (
1)
#962961480000
0!
0%
#963003145000
1!
1%
b1 (
#963044810000
0!
0%
#963086475000
1!
1%
b10 (
#963128140000
0!
b00000101 #
0%
b00000101 '
0*
#963169805000
1!
1%
b11 (
#963211470000
0!
0%
#963253135000
1!
1%
b100 (
#963294800000
0!
0%
#963336465000
1!
b00000010 #
1%
b00000010 '
b0 (
0)
#963378130000
0!
0%
#963419795000
1!
1%
b1 (
#963461460000
0!
0%
#963503125000
1!
1%
b10 (
#963544790000
0!
b00001010 #
0%
b00001010 '
1*
#963586455000
1!
1%
b11 (
#963628120000
0!
0%
#963669785000
1!
1%
b100 (
#963711450000
0!
0%
#963753115000
1!
b00001101 #
1%
b00001101 '
b0 (
1)
#963794780000
0!
0%
#963836445000
1!
1%
b1 (
#963878110000
0!
0%
#963919775000
1!
1%
b10 (
#963961440000
0!
b00000101 #
0%
b00000101 '
0*
#964003105000
1!
1%
b11 (
#964044770000
0!
0%
#964086435000
1!
1%
b100 (
#964128100000
0!
0%
#964169765000
1!
b00000010 #
1%
b00000010 '
b0 (
0)
#964211430000
0!
0%
#964253095000
1!
1%
b1 (
#964294760000
0!
0%
#964336425000
1!
1%
b10 (
#964378090000
0!
b00001010 #
0%
b00001010 '
1*
#964419755000
1!
1%
b11 (
#964461420000
0!
0%
#964503085000
1!
1%
b100 (
#964544750000
0!
0%
#964586415000
1!
b00001101 #
1%
b00001101 '
b0 (
1)
#964628080000
0!
0%
#964669745000
1!
1%
b1 (
#964711410000
0!
0%
#964753075000
1!
1%
b10 (
#964794740000
0!
b00000101 #
0%
b00000101 '
0*
#964836405000
1!
1%
b11 (
#964878070000
0!
0%
#964919735000
1!
1%
b100 (
#964961400000
0!
0%
#965003065000
1!
b00000010 #
1%
b00000010 '
b0 (
0)
#965044730000
0!
0%
#965086395000
1!
1%
b1 (
#965128060000
0!
0%
#965169725000
1!
1%
b10 (
#965211390000
0!
b00001010 #
0%
b00001010 '
1*
#965253055000
1!
1%
b11 (
#965294720000
0!
0%
#965336385000
1!
1%
b100 (
#965378050000
0!
0%
#965419715000
1!
b00001101 #
1%
b00001101 '
b0 (
1)
#965461380000
0!
0%
#965503045000
1!
1%
b1 (
#965544710000
0!
0%
#965586375000
1!
1%
b10 (
#965628040000
0!
b00000101 #
0%
b00000101 '
0*
#965669705000
1!
1%
b11 (
#965711370000
0!
0%
#965753035000
1!
1%
b100 (
#965794700000
0!
0%
#965836365000
1!
b00000010 #
1%
b00000010 '
b0 (
0)
#965878030000
0!
0%
#965919695000
1!
1%
b1 (
#965961360000
0!
0%
#966003025000
1!
1%
b10 (
#966044690000
0!
b00001010 #
0%
b00001010 '
1*
#966086355000
1!
1%
b11 (
#966128020000
0!
0%
#966169685000
1!
1%
b100 (
#966211350000
0!
0%
#966253015000
1!
b00001101 #
1%
b00001101 '
b0 (
1)
#966294680000
0!
0%
#966336345000
1!
1%
b1 (
#966378010000
0!
0%
#966419675000
1!
1%
b10 (
#966461340000
0!
b00000101 #
0%
b00000101 '
0*
#966503005000
1!
1%
b11 (
#966544670000
0!
0%
#966586335000
1!
1%
b100 (
#966628000000
0!
0%
#966669665000
1!
b00000010 #
1%
b00000010 '
b0 (
0)
#966711330000
0!
0%
#966752995000
1!
1%
b1 (
#966794660000
0!
0%
#966836325000
1!
1%
b10 (
#966877990000
0!
b00001010 #
0%
b00001010 '
1*
#966919655000
1!
1%
b11 (
#966961320000
0!
0%
#967002985000
1!
1%
b100 (
#967044650000
0!
0%
#967086315000
1!
b00001101 #
1%
b00001101 '
b0 (
1)
#967127980000
0!
0%
#967169645000
1!
1%
b1 (
#967211310000
0!
0%
#967252975000
1!
1%
b10 (
#967294640000
0!
b00000101 #
0%
b00000101 '
0*
#967336305000
1!
1%
b11 (
#967377970000
0!
0%
#967419635000
1!
1%
b100 (
#967461300000
0!
0%
#967502965000
1!
b00000010 #
1%
b00000010 '
b0 (
0)
#967544630000
0!
0%
#967586295000
1!
1%
b1 (
#967627960000
0!
0%
#967669625000
1!
1%
b10 (
#967711290000
0!
b00001010 #
0%
b00001010 '
1*
#967752955000
1!
1%
b11 (
#967794620000
0!
0%
#967836285000
1!
1%
b100 (
#967877950000
0!
0%
#967919615000
1!
b00001101 #
1%
b00001101 '
b0 (
1)
#967961280000
0!
0%
#968002945000
1!
1%
b1 (
#968044610000
0!
0%
#968086275000
1!
1%
b10 (
#968127940000
0!
b00000101 #
0%
b00000101 '
0*
#968169605000
1!
1%
b11 (
#968211270000
0!
0%
#968252935000
1!
1%
b100 (
#968294600000
0!
0%
#968336265000
1!
b00000010 #
1%
b00000010 '
b0 (
0)
#968377930000
0!
0%
#968419595000
1!
1%
b1 (
#968461260000
0!
0%
#968502925000
1!
1%
b10 (
#968544590000
0!
b00001010 #
0%
b00001010 '
1*
#968586255000
1!
1%
b11 (
#968627920000
0!
0%
#968669585000
1!
1%
b100 (
#968711250000
0!
0%
#968752915000
1!
b00001101 #
1%
b00001101 '
b0 (
1)
#968794580000
0!
0%
#968836245000
1!
1%
b1 (
#968877910000
0!
0%
#968919575000
1!
1%
b10 (
#968961240000
0!
b00000101 #
0%
b00000101 '
0*
#969002905000
1!
1%
b11 (
#969044570000
0!
0%
#969086235000
1!
1%
b100 (
#969127900000
0!
0%
#969169565000
1!
b00000010 #
1%
b00000010 '
b0 (
0)
#969211230000
0!
0%
#969252895000
1!
1%
b1 (
#969294560000
0!
0%
#969336225000
1!
1%
b10 (
#969377890000
0!
b00001010 #
0%
b00001010 '
1*
#969419555000
1!
1%
b11 (
#969461220000
0!
0%
#969502885000
1!
1%
b100 (
#969544550000
0!
0%
#969586215000
1!
b00001101 #
1%
b00001101 '
b0 (
1)
#969627880000
0!
0%
#969669545000
1!
1%
b1 (
#969711210000
0!
0%
#969752875000
1!
1%
b10 (
#969794540000
0!
b00000101 #
0%
b00000101 '
0*
#969836205000
1!
1%
b11 (
#969877870000
0!
0%
#969919535000
1!
1%
b100 (
#969961200000
0!
0%
#970002865000
1!
b00000010 #
1%
b00000010 '
b0 (
0)
#970044530000
0!
0%
#970086195000
1!
1%
b1 (
#970127860000
0!
0%
#970169525000
1!
1%
b10 (
#970211190000
0!
b00001010 #
0%
b00001010 '
1*
#970252855000
1!
1%
b11 (
#970294520000
0!
0%
#970336185000
1!
1%
b100 (
#970377850000
0!
0%
#970419515000
1!
b00001101 #
1%
b00001101 '
b0 (
1)
#970461180000
0!
0%
#970502845000
1!
1%
b1 (
#970544510000
0!
0%
#970586175000
1!
1%
b10 (
#970627840000
0!
b00000101 #
0%
b00000101 '
0*
#970669505000
1!
1%
b11 (
#970711170000
0!
0%
#970752835000
1!
1%
b100 (
#970794500000
0!
0%
#970836165000
1!
b00000010 #
1%
b00000010 '
b0 (
0)
#970877830000
0!
0%
#970919495000
1!
1%
b1 (
#970961160000
0!
0%
#971002825000
1!
1%
b10 (
#971044490000
0!
b00001010 #
0%
b00001010 '
1*
#971086155000
1!
1%
b11 (
#971127820000
0!
0%
#971169485000
1!
1%
b100 (
#971211150000
0!
0%
#971252815000
1!
b00001101 #
1%
b00001101 '
b0 (
1)
#971294480000
0!
0%
#971336145000
1!
1%
b1 (
#971377810000
0!
0%
#971419475000
1!
1%
b10 (
#971461140000
0!
b00000101 #
0%
b00000101 '
0*
#971502805000
1!
1%
b11 (
#971544470000
0!
0%
#971586135000
1!
1%
b100 (
#971627800000
0!
0%
#971669465000
1!
b00000010 #
1%
b00000010 '
b0 (
0)
#971711130000
0!
0%
#971752795000
1!
1%
b1 (
#971794460000
0!
0%
#971836125000
1!
1%
b10 (
#971877790000
0!
b00001010 #
0%
b00001010 '
1*
#971919455000
1!
1%
b11 (
#971961120000
0!
0%
#972002785000
1!
1%
b100 (
#972044450000
0!
0%
#972086115000
1!
b00001101 #
1%
b00001101 '
b0 (
1)
#972127780000
0!
0%
#972169445000
1!
1%
b1 (
#972211110000
0!
0%
#972252775000
1!
1%
b10 (
#972294440000
0!
b00000101 #
0%
b00000101 '
0*
#972336105000
1!
1%
b11 (
#972377770000
0!
0%
#972419435000
1!
1%
b100 (
#972461100000
0!
0%
#972502765000
1!
b00000010 #
1%
b00000010 '
b0 (
0)
#972544430000
0!
0%
#972586095000
1!
1%
b1 (
#972627760000
0!
0%
#972669425000
1!
1%
b10 (
#972711090000
0!
b00001010 #
0%
b00001010 '
1*
#972752755000
1!
1%
b11 (
#972794420000
0!
0%
#972836085000
1!
1%
b100 (
#972877750000
0!
0%
#972919415000
1!
b00001101 #
1%
b00001101 '
b0 (
1)
#972961080000
0!
0%
#973002745000
1!
1%
b1 (
#973044410000
0!
0%
#973086075000
1!
1%
b10 (
#973127740000
0!
b00000101 #
0%
b00000101 '
0*
#973169405000
1!
1%
b11 (
#973211070000
0!
0%
#973252735000
1!
1%
b100 (
#973294400000
0!
0%
#973336065000
1!
b00000010 #
1%
b00000010 '
b0 (
0)
#973377730000
0!
0%
#973419395000
1!
1%
b1 (
#973461060000
0!
0%
#973502725000
1!
1%
b10 (
#973544390000
0!
b00001010 #
0%
b00001010 '
1*
#973586055000
1!
1%
b11 (
#973627720000
0!
0%
#973669385000
1!
1%
b100 (
#973711050000
0!
0%
#973752715000
1!
b00001101 #
1%
b00001101 '
b0 (
1)
#973794380000
0!
0%
#973836045000
1!
1%
b1 (
#973877710000
0!
0%
#973919375000
1!
1%
b10 (
#973961040000
0!
b00000101 #
0%
b00000101 '
0*
#974002705000
1!
1%
b11 (
#974044370000
0!
0%
#974086035000
1!
1%
b100 (
#974127700000
0!
0%
#974169365000
1!
b00000010 #
1%
b00000010 '
b0 (
0)
#974211030000
0!
0%
#974252695000
1!
1%
b1 (
#974294360000
0!
0%
#974336025000
1!
1%
b10 (
#974377690000
0!
b00001010 #
0%
b00001010 '
1*
#974419355000
1!
1%
b11 (
#974461020000
0!
0%
#974502685000
1!
1%
b100 (
#974544350000
0!
0%
#974586015000
1!
b00001101 #
1%
b00001101 '
b0 (
1)
#974627680000
0!
0%
#974669345000
1!
1%
b1 (
#974711010000
0!
0%
#974752675000
1!
1%
b10 (
#974794340000
0!
b00000101 #
0%
b00000101 '
0*
#974836005000
1!
1%
b11 (
#974877670000
0!
0%
#974919335000
1!
1%
b100 (
#974961000000
0!
0%
#975002665000
1!
b00000010 #
1%
b00000010 '
b0 (
0)
#975044330000
0!
0%
#975085995000
1!
1%
b1 (
#975127660000
0!
0%
#975169325000
1!
1%
b10 (
#975210990000
0!
b00001010 #
0%
b00001010 '
1*
#975252655000
1!
1%
b11 (
#975294320000
0!
0%
#975335985000
1!
1%
b100 (
#975377650000
0!
0%
#975419315000
1!
b00001101 #
1%
b00001101 '
b0 (
1)
#975460980000
0!
0%
#975502645000
1!
1%
b1 (
#975544310000
0!
0%
#975585975000
1!
1%
b10 (
#975627640000
0!
b00000101 #
0%
b00000101 '
0*
#975669305000
1!
1%
b11 (
#975710970000
0!
0%
#975752635000
1!
1%
b100 (
#975794300000
0!
0%
#975835965000
1!
b00000010 #
1%
b00000010 '
b0 (
0)
#975877630000
0!
0%
#975919295000
1!
1%
b1 (
#975960960000
0!
0%
#976002625000
1!
1%
b10 (
#976044290000
0!
b00001010 #
0%
b00001010 '
1*
#976085955000
1!
1%
b11 (
#976127620000
0!
0%
#976169285000
1!
1%
b100 (
#976210950000
0!
0%
#976252615000
1!
b00001101 #
1%
b00001101 '
b0 (
1)
#976294280000
0!
0%
#976335945000
1!
1%
b1 (
#976377610000
0!
0%
#976419275000
1!
1%
b10 (
#976460940000
0!
b00000101 #
0%
b00000101 '
0*
#976502605000
1!
1%
b11 (
#976544270000
0!
0%
#976585935000
1!
1%
b100 (
#976627600000
0!
0%
#976669265000
1!
b00000010 #
1%
b00000010 '
b0 (
0)
#976710930000
0!
0%
#976752595000
1!
1%
b1 (
#976794260000
0!
0%
#976835925000
1!
1%
b10 (
#976877590000
0!
b00001010 #
0%
b00001010 '
1*
#976919255000
1!
1%
b11 (
#976960920000
0!
0%
#977002585000
1!
1%
b100 (
#977044250000
0!
0%
#977085915000
1!
b00001101 #
1%
b00001101 '
b0 (
1)
#977127580000
0!
0%
#977169245000
1!
1%
b1 (
#977210910000
0!
0%
#977252575000
1!
1%
b10 (
#977294240000
0!
b00000101 #
0%
b00000101 '
0*
#977335905000
1!
1%
b11 (
#977377570000
0!
0%
#977419235000
1!
1%
b100 (
#977460900000
0!
0%
#977502565000
1!
b00000010 #
1%
b00000010 '
b0 (
0)
#977544230000
0!
0%
#977585895000
1!
1%
b1 (
#977627560000
0!
0%
#977669225000
1!
1%
b10 (
#977710890000
0!
b00001010 #
0%
b00001010 '
1*
#977752555000
1!
1%
b11 (
#977794220000
0!
0%
#977835885000
1!
1%
b100 (
#977877550000
0!
0%
#977919215000
1!
b00001101 #
1%
b00001101 '
b0 (
1)
#977960880000
0!
0%
#978002545000
1!
1%
b1 (
#978044210000
0!
0%
#978085875000
1!
1%
b10 (
#978127540000
0!
b00000101 #
0%
b00000101 '
0*
#978169205000
1!
1%
b11 (
#978210870000
0!
0%
#978252535000
1!
1%
b100 (
#978294200000
0!
0%
#978335865000
1!
b00000010 #
1%
b00000010 '
b0 (
0)
#978377530000
0!
0%
#978419195000
1!
1%
b1 (
#978460860000
0!
0%
#978502525000
1!
1%
b10 (
#978544190000
0!
b00001010 #
0%
b00001010 '
1*
#978585855000
1!
1%
b11 (
#978627520000
0!
0%
#978669185000
1!
1%
b100 (
#978710850000
0!
0%
#978752515000
1!
b00001101 #
1%
b00001101 '
b0 (
1)
#978794180000
0!
0%
#978835845000
1!
1%
b1 (
#978877510000
0!
0%
#978919175000
1!
1%
b10 (
#978960840000
0!
b00000101 #
0%
b00000101 '
0*
#979002505000
1!
1%
b11 (
#979044170000
0!
0%
#979085835000
1!
1%
b100 (
#979127500000
0!
0%
#979169165000
1!
b00000010 #
1%
b00000010 '
b0 (
0)
#979210830000
0!
0%
#979252495000
1!
1%
b1 (
#979294160000
0!
0%
#979335825000
1!
1%
b10 (
#979377490000
0!
b00001010 #
0%
b00001010 '
1*
#979419155000
1!
1%
b11 (
#979460820000
0!
0%
#979502485000
1!
1%
b100 (
#979544150000
0!
0%
#979585815000
1!
b00001101 #
1%
b00001101 '
b0 (
1)
#979627480000
0!
0%
#979669145000
1!
1%
b1 (
#979710810000
0!
0%
#979752475000
1!
1%
b10 (
#979794140000
0!
b00000101 #
0%
b00000101 '
0*
#979835805000
1!
1%
b11 (
#979877470000
0!
0%
#979919135000
1!
1%
b100 (
#979960800000
0!
0%
#980002465000
1!
b00000010 #
1%
b00000010 '
b0 (
0)
#980044130000
0!
0%
#980085795000
1!
1%
b1 (
#980127460000
0!
0%
#980169125000
1!
1%
b10 (
#980210790000
0!
b00001010 #
0%
b00001010 '
1*
#980252455000
1!
1%
b11 (
#980294120000
0!
0%
#980335785000
1!
1%
b100 (
#980377450000
0!
0%
#980419115000
1!
b00001101 #
1%
b00001101 '
b0 (
1)
#980460780000
0!
0%
#980502445000
1!
1%
b1 (
#980544110000
0!
0%
#980585775000
1!
1%
b10 (
#980627440000
0!
b00000101 #
0%
b00000101 '
0*
#980669105000
1!
1%
b11 (
#980710770000
0!
0%
#980752435000
1!
1%
b100 (
#980794100000
0!
0%
#980835765000
1!
b00000010 #
1%
b00000010 '
b0 (
0)
#980877430000
0!
0%
#980919095000
1!
1%
b1 (
#980960760000
0!
0%
#981002425000
1!
1%
b10 (
#981044090000
0!
b00001010 #
0%
b00001010 '
1*
#981085755000
1!
1%
b11 (
#981127420000
0!
0%
#981169085000
1!
1%
b100 (
#981210750000
0!
0%
#981252415000
1!
b00001101 #
1%
b00001101 '
b0 (
1)
#981294080000
0!
0%
#981335745000
1!
1%
b1 (
#981377410000
0!
0%
#981419075000
1!
1%
b10 (
#981460740000
0!
b00000101 #
0%
b00000101 '
0*
#981502405000
1!
1%
b11 (
#981544070000
0!
0%
#981585735000
1!
1%
b100 (
#981627400000
0!
0%
#981669065000
1!
b00000010 #
1%
b00000010 '
b0 (
0)
#981710730000
0!
0%
#981752395000
1!
1%
b1 (
#981794060000
0!
0%
#981835725000
1!
1%
b10 (
#981877390000
0!
b00001010 #
0%
b00001010 '
1*
#981919055000
1!
1%
b11 (
#981960720000
0!
0%
#982002385000
1!
1%
b100 (
#982044050000
0!
0%
#982085715000
1!
b00001101 #
1%
b00001101 '
b0 (
1)
#982127380000
0!
0%
#982169045000
1!
1%
b1 (
#982210710000
0!
0%
#982252375000
1!
1%
b10 (
#982294040000
0!
b00000101 #
0%
b00000101 '
0*
#982335705000
1!
1%
b11 (
#982377370000
0!
0%
#982419035000
1!
1%
b100 (
#982460700000
0!
0%
#982502365000
1!
b00000010 #
1%
b00000010 '
b0 (
0)
#982544030000
0!
0%
#982585695000
1!
1%
b1 (
#982627360000
0!
0%
#982669025000
1!
1%
b10 (
#982710690000
0!
b00001010 #
0%
b00001010 '
1*
#982752355000
1!
1%
b11 (
#982794020000
0!
0%
#982835685000
1!
1%
b100 (
#982877350000
0!
0%
#982919015000
1!
b00001101 #
1%
b00001101 '
b0 (
1)
#982960680000
0!
0%
#983002345000
1!
1%
b1 (
#983044010000
0!
0%
#983085675000
1!
1%
b10 (
#983127340000
0!
b00000101 #
0%
b00000101 '
0*
#983169005000
1!
1%
b11 (
#983210670000
0!
0%
#983252335000
1!
1%
b100 (
#983294000000
0!
0%
#983335665000
1!
b00000010 #
1%
b00000010 '
b0 (
0)
#983377330000
0!
0%
#983418995000
1!
1%
b1 (
#983460660000
0!
0%
#983502325000
1!
1%
b10 (
#983543990000
0!
b00001010 #
0%
b00001010 '
1*
#983585655000
1!
1%
b11 (
#983627320000
0!
0%
#983668985000
1!
1%
b100 (
#983710650000
0!
0%
#983752315000
1!
b00001101 #
1%
b00001101 '
b0 (
1)
#983793980000
0!
0%
#983835645000
1!
1%
b1 (
#983877310000
0!
0%
#983918975000
1!
1%
b10 (
#983960640000
0!
b00000101 #
0%
b00000101 '
0*
#984002305000
1!
1%
b11 (
#984043970000
0!
0%
#984085635000
1!
1%
b100 (
#984127300000
0!
0%
#984168965000
1!
b00000010 #
1%
b00000010 '
b0 (
0)
#984210630000
0!
0%
#984252295000
1!
1%
b1 (
#984293960000
0!
0%
#984335625000
1!
1%
b10 (
#984377290000
0!
b00001010 #
0%
b00001010 '
1*
#984418955000
1!
1%
b11 (
#984460620000
0!
0%
#984502285000
1!
1%
b100 (
#984543950000
0!
0%
#984585615000
1!
b00001101 #
1%
b00001101 '
b0 (
1)
#984627280000
0!
0%
#984668945000
1!
1%
b1 (
#984710610000
0!
0%
#984752275000
1!
1%
b10 (
#984793940000
0!
b00000101 #
0%
b00000101 '
0*
#984835605000
1!
1%
b11 (
#984877270000
0!
0%
#984918935000
1!
1%
b100 (
#984960600000
0!
0%
#985002265000
1!
b00000010 #
1%
b00000010 '
b0 (
0)
#985043930000
0!
0%
#985085595000
1!
1%
b1 (
#985127260000
0!
0%
#985168925000
1!
1%
b10 (
#985210590000
0!
b00001010 #
0%
b00001010 '
1*
#985252255000
1!
1%
b11 (
#985293920000
0!
0%
#985335585000
1!
1%
b100 (
#985377250000
0!
0%
#985418915000
1!
b00001101 #
1%
b00001101 '
b0 (
1)
#985460580000
0!
0%
#985502245000
1!
1%
b1 (
#985543910000
0!
0%
#985585575000
1!
1%
b10 (
#985627240000
0!
b00000101 #
0%
b00000101 '
0*
#985668905000
1!
1%
b11 (
#985710570000
0!
0%
#985752235000
1!
1%
b100 (
#985793900000
0!
0%
#985835565000
1!
b00000010 #
1%
b00000010 '
b0 (
0)
#985877230000
0!
0%
#985918895000
1!
1%
b1 (
#985960560000
0!
0%
#986002225000
1!
1%
b10 (
#986043890000
0!
b00001010 #
0%
b00001010 '
1*
#986085555000
1!
1%
b11 (
#986127220000
0!
0%
#986168885000
1!
1%
b100 (
#986210550000
0!
0%
#986252215000
1!
b00001101 #
1%
b00001101 '
b0 (
1)
#986293880000
0!
0%
#986335545000
1!
1%
b1 (
#986377210000
0!
0%
#986418875000
1!
1%
b10 (
#986460540000
0!
b00000101 #
0%
b00000101 '
0*
#986502205000
1!
1%
b11 (
#986543870000
0!
0%
#986585535000
1!
1%
b100 (
#986627200000
0!
0%
#986668865000
1!
b00000010 #
1%
b00000010 '
b0 (
0)
#986710530000
0!
0%
#986752195000
1!
1%
b1 (
#986793860000
0!
0%
#986835525000
1!
1%
b10 (
#986877190000
0!
b00001010 #
0%
b00001010 '
1*
#986918855000
1!
1%
b11 (
#986960520000
0!
0%
#987002185000
1!
1%
b100 (
#987043850000
0!
0%
#987085515000
1!
b00001101 #
1%
b00001101 '
b0 (
1)
#987127180000
0!
0%
#987168845000
1!
1%
b1 (
#987210510000
0!
0%
#987252175000
1!
1%
b10 (
#987293840000
0!
b00000101 #
0%
b00000101 '
0*
#987335505000
1!
1%
b11 (
#987377170000
0!
0%
#987418835000
1!
1%
b100 (
#987460500000
0!
0%
#987502165000
1!
b00000010 #
1%
b00000010 '
b0 (
0)
#987543830000
0!
0%
#987585495000
1!
1%
b1 (
#987627160000
0!
0%
#987668825000
1!
1%
b10 (
#987710490000
0!
b00001010 #
0%
b00001010 '
1*
#987752155000
1!
1%
b11 (
#987793820000
0!
0%
#987835485000
1!
1%
b100 (
#987877150000
0!
0%
#987918815000
1!
b00001101 #
1%
b00001101 '
b0 (
1)
#987960480000
0!
0%
#988002145000
1!
1%
b1 (
#988043810000
0!
0%
#988085475000
1!
1%
b10 (
#988127140000
0!
b00000101 #
0%
b00000101 '
0*
#988168805000
1!
1%
b11 (
#988210470000
0!
0%
#988252135000
1!
1%
b100 (
#988293800000
0!
0%
#988335465000
1!
b00000010 #
1%
b00000010 '
b0 (
0)
#988377130000
0!
0%
#988418795000
1!
1%
b1 (
#988460460000
0!
0%
#988502125000
1!
1%
b10 (
#988543790000
0!
b00001010 #
0%
b00001010 '
1*
#988585455000
1!
1%
b11 (
#988627120000
0!
0%
#988668785000
1!
1%
b100 (
#988710450000
0!
0%
#988752115000
1!
b00001101 #
1%
b00001101 '
b0 (
1)
#988793780000
0!
0%
#988835445000
1!
1%
b1 (
#988877110000
0!
0%
#988918775000
1!
1%
b10 (
#988960440000
0!
b00000101 #
0%
b00000101 '
0*
#989002105000
1!
1%
b11 (
#989043770000
0!
0%
#989085435000
1!
1%
b100 (
#989127100000
0!
0%
#989168765000
1!
b00000010 #
1%
b00000010 '
b0 (
0)
#989210430000
0!
0%
#989252095000
1!
1%
b1 (
#989293760000
0!
0%
#989335425000
1!
1%
b10 (
#989377090000
0!
b00001010 #
0%
b00001010 '
1*
#989418755000
1!
1%
b11 (
#989460420000
0!
0%
#989502085000
1!
1%
b100 (
#989543750000
0!
0%
#989585415000
1!
b00001101 #
1%
b00001101 '
b0 (
1)
#989627080000
0!
0%
#989668745000
1!
1%
b1 (
#989710410000
0!
0%
#989752075000
1!
1%
b10 (
#989793740000
0!
b00000101 #
0%
b00000101 '
0*
#989835405000
1!
1%
b11 (
#989877070000
0!
0%
#989918735000
1!
1%
b100 (
#989960400000
0!
0%
#990002065000
1!
b00000010 #
1%
b00000010 '
b0 (
0)
#990043730000
0!
0%
#990085395000
1!
1%
b1 (
#990127060000
0!
0%
#990168725000
1!
1%
b10 (
#990210390000
0!
b00001010 #
0%
b00001010 '
1*
#990252055000
1!
1%
b11 (
#990293720000
0!
0%
#990335385000
1!
1%
b100 (
#990377050000
0!
0%
#990418715000
1!
b00001101 #
1%
b00001101 '
b0 (
1)
#990460380000
0!
0%
#990502045000
1!
1%
b1 (
#990543710000
0!
0%
#990585375000
1!
1%
b10 (
#990627040000
0!
b00000101 #
0%
b00000101 '
0*
#990668705000
1!
1%
b11 (
#990710370000
0!
0%
#990752035000
1!
1%
b100 (
#990793700000
0!
0%
#990835365000
1!
b00000010 #
1%
b00000010 '
b0 (
0)
#990877030000
0!
0%
#990918695000
1!
1%
b1 (
#990960360000
0!
0%
#991002025000
1!
1%
b10 (
#991043690000
0!
b00001010 #
0%
b00001010 '
1*
#991085355000
1!
1%
b11 (
#991127020000
0!
0%
#991168685000
1!
1%
b100 (
#991210350000
0!
0%
#991252015000
1!
b00001101 #
1%
b00001101 '
b0 (
1)
#991293680000
0!
0%
#991335345000
1!
1%
b1 (
#991377010000
0!
0%
#991418675000
1!
1%
b10 (
#991460340000
0!
b00000101 #
0%
b00000101 '
0*
#991502005000
1!
1%
b11 (
#991543670000
0!
0%
#991585335000
1!
1%
b100 (
#991627000000
0!
0%
#991668665000
1!
b00000010 #
1%
b00000010 '
b0 (
0)
#991710330000
0!
0%
#991751995000
1!
1%
b1 (
#991793660000
0!
0%
#991835325000
1!
1%
b10 (
#991876990000
0!
b00001010 #
0%
b00001010 '
1*
#991918655000
1!
1%
b11 (
#991960320000
0!
0%
#992001985000
1!
1%
b100 (
#992043650000
0!
0%
#992085315000
1!
b00001101 #
1%
b00001101 '
b0 (
1)
#992126980000
0!
0%
#992168645000
1!
1%
b1 (
#992210310000
0!
0%
#992251975000
1!
1%
b10 (
#992293640000
0!
b00000101 #
0%
b00000101 '
0*
#992335305000
1!
1%
b11 (
#992376970000
0!
0%
#992418635000
1!
1%
b100 (
#992460300000
0!
0%
#992501965000
1!
b00000010 #
1%
b00000010 '
b0 (
0)
#992543630000
0!
0%
#992585295000
1!
1%
b1 (
#992626960000
0!
0%
#992668625000
1!
1%
b10 (
#992710290000
0!
b00001010 #
0%
b00001010 '
1*
#992751955000
1!
1%
b11 (
#992793620000
0!
0%
#992835285000
1!
1%
b100 (
#992876950000
0!
0%
#992918615000
1!
b00001101 #
1%
b00001101 '
b0 (
1)
#992960280000
0!
0%
#993001945000
1!
1%
b1 (
#993043610000
0!
0%
#993085275000
1!
1%
b10 (
#993126940000
0!
b00000101 #
0%
b00000101 '
0*
#993168605000
1!
1%
b11 (
#993210270000
0!
0%
#993251935000
1!
1%
b100 (
#993293600000
0!
0%
#993335265000
1!
b00000010 #
1%
b00000010 '
b0 (
0)
#993376930000
0!
0%
#993418595000
1!
1%
b1 (
#993460260000
0!
0%
#993501925000
1!
1%
b10 (
#993543590000
0!
b00001010 #
0%
b00001010 '
1*
#993585255000
1!
1%
b11 (
#993626920000
0!
0%
#993668585000
1!
1%
b100 (
#993710250000
0!
0%
#993751915000
1!
b00001101 #
1%
b00001101 '
b0 (
1)
#993793580000
0!
0%
#993835245000
1!
1%
b1 (
#993876910000
0!
0%
#993918575000
1!
1%
b10 (
#993960240000
0!
b00000101 #
0%
b00000101 '
0*
#994001905000
1!
1%
b11 (
#994043570000
0!
0%
#994085235000
1!
1%
b100 (
#994126900000
0!
0%
#994168565000
1!
b00000010 #
1%
b00000010 '
b0 (
0)
#994210230000
0!
0%
#994251895000
1!
1%
b1 (
#994293560000
0!
0%
#994335225000
1!
1%
b10 (
#994376890000
0!
b00001010 #
0%
b00001010 '
1*
#994418555000
1!
1%
b11 (
#994460220000
0!
0%
#994501885000
1!
1%
b100 (
#994543550000
0!
0%
#994585215000
1!
b00001101 #
1%
b00001101 '
b0 (
1)
#994626880000
0!
0%
#994668545000
1!
1%
b1 (
#994710210000
0!
0%
#994751875000
1!
1%
b10 (
#994793540000
0!
b00000101 #
0%
b00000101 '
0*
#994835205000
1!
1%
b11 (
#994876870000
0!
0%
#994918535000
1!
1%
b100 (
#994960200000
0!
0%
#995001865000
1!
b00000010 #
1%
b00000010 '
b0 (
0)
#995043530000
0!
0%
#995085195000
1!
1%
b1 (
#995126860000
0!
0%
#995168525000
1!
1%
b10 (
#995210190000
0!
b00001010 #
0%
b00001010 '
1*
#995251855000
1!
1%
b11 (
#995293520000
0!
0%
#995335185000
1!
1%
b100 (
#995376850000
0!
0%
#995418515000
1!
b00001101 #
1%
b00001101 '
b0 (
1)
#995460180000
0!
0%
#995501845000
1!
1%
b1 (
#995543510000
0!
0%
#995585175000
1!
1%
b10 (
#995626840000
0!
b00000101 #
0%
b00000101 '
0*
#995668505000
1!
1%
b11 (
#995710170000
0!
0%
#995751835000
1!
1%
b100 (
#995793500000
0!
0%
#995835165000
1!
b00000010 #
1%
b00000010 '
b0 (
0)
#995876830000
0!
0%
#995918495000
1!
1%
b1 (
#995960160000
0!
0%
#996001825000
1!
1%
b10 (
#996043490000
0!
b00001010 #
0%
b00001010 '
1*
#996085155000
1!
1%
b11 (
#996126820000
0!
0%
#996168485000
1!
1%
b100 (
#996210150000
0!
0%
#996251815000
1!
b00001101 #
1%
b00001101 '
b0 (
1)
#996293480000
0!
0%
#996335145000
1!
1%
b1 (
#996376810000
0!
0%
#996418475000
1!
1%
b10 (
#996460140000
0!
b00000101 #
0%
b00000101 '
0*
#996501805000
1!
1%
b11 (
#996543470000
0!
0%
#996585135000
1!
1%
b100 (
#996626800000
0!
0%
#996668465000
1!
b00000010 #
1%
b00000010 '
b0 (
0)
#996710130000
0!
0%
#996751795000
1!
1%
b1 (
#996793460000
0!
0%
#996835125000
1!
1%
b10 (
#996876790000
0!
b00001010 #
0%
b00001010 '
1*
#996918455000
1!
1%
b11 (
#996960120000
0!
0%
#997001785000
1!
1%
b100 (
#997043450000
0!
0%
#997085115000
1!
b00001101 #
1%
b00001101 '
b0 (
1)
#997126780000
0!
0%
#997168445000
1!
1%
b1 (
#997210110000
0!
0%
#997251775000
1!
1%
b10 (
#997293440000
0!
b00000101 #
0%
b00000101 '
0*
#997335105000
1!
1%
b11 (
#997376770000
0!
0%
#997418435000
1!
1%
b100 (
#997460100000
0!
0%
#997501765000
1!
b00000010 #
1%
b00000010 '
b0 (
0)
#997543430000
0!
0%
#997585095000
1!
1%
b1 (
#997626760000
0!
0%
#997668425000
1!
1%
b10 (
#997710090000
0!
b00001010 #
0%
b00001010 '
1*
#997751755000
1!
1%
b11 (
#997793420000
0!
0%
#997835085000
1!
1%
b100 (
#997876750000
0!
0%
#997918415000
1!
b00001101 #
1%
b00001101 '
b0 (
1)
#997960080000
0!
0%
#998001745000
1!
1%
b1 (
#998043410000
0!
0%
#998085075000
1!
1%
b10 (
#998126740000
0!
b00000101 #
0%
b00000101 '
0*
#998168405000
1!
1%
b11 (
#998210070000
0!
0%
#998251735000
1!
1%
b100 (
#998293400000
0!
0%
#998335065000
1!
b00000010 #
1%
b00000010 '
b0 (
0)
#998376730000
0!
0%
#998418395000
1!
1%
b1 (
#998460060000
0!
0%
#998501725000
1!
1%
b10 (
#998543390000
0!
b00001010 #
0%
b00001010 '
1*
#998585055000
1!
1%
b11 (
#998626720000
0!
0%
#998668385000
1!
1%
b100 (
#998710050000
0!
0%
#998751715000
1!
b00001101 #
1%
b00001101 '
b0 (
1)
#998793380000
0!
0%
#998835045000
1!
1%
b1 (
#998876710000
0!
0%
#998918375000
1!
1%
b10 (
#998960040000
0!
b00000101 #
0%
b00000101 '
0*
#999001705000
1!
1%
b11 (
#999043370000
0!
0%
#999085035000
1!
1%
b100 (
#999126700000
0!
0%
#999168365000
1!
b00000010 #
1%
b00000010 '
b0 (
0)
#999210030000
0!
0%
#999251695000
1!
1%
b1 (
#999293360000
0!
0%
#999335025000
1!
1%
b10 (
#999376690000
0!
b00001010 #
0%
b00001010 '
1*
#999418355000
1!
1%
b11 (
#999460020000
0!
0%
#999501685000
1!
1%
b100 (
#999543350000
0!
0%
#999585015000
1!
b00001101 #
1%
b00001101 '
b0 (
1)
#999626680000
0!
0%
#999668345000
1!
1%
b1 (
#999710010000
0!
0%
#999751675000
1!
1%
b10 (
#999793340000
0!
b00000101 #
0%
b00000101 '
0*
#999835005000
1!
1%
b11 (
#999876670000
0!
0%
#999918335000
1!
1%
b100 (
#999960000000
0!
0%
